ISO-10303-21;
HEADER;
FILE_DESCRIPTION(('FreeCAD Model'),'2;1');
FILE_NAME('Open CASCADE Shape Model','2026-08-04T11:23:04',('Author'),(
    ''),'Open CASCADE STEP processor 7.8','FreeCAD','Unknown');
FILE_SCHEMA(('AUTOMOTIVE_DESIGN { 1 0 10303 214 1 1 1 1 }'));
ENDSEC;
DATA;
#1 = APPLICATION_PROTOCOL_DEFINITION('international standard',
  'automotive_design',2000,#2);
#2 = APPLICATION_CONTEXT(
  'core data for automotive mechanical design processes');
#3 = SHAPE_DEFINITION_REPRESENTATION(#4,#10);
#4 = PRODUCT_DEFINITION_SHAPE('','',#5);
#5 = PRODUCT_DEFINITION('design','',#6,#9);
#6 = PRODUCT_DEFINITION_FORMATION('','',#7);
#7 = PRODUCT('GantryPlate','GantryPlate','',(#8));
#8 = PRODUCT_CONTEXT('',#2,'mechanical');
#9 = PRODUCT_DEFINITION_CONTEXT('part definition',#2,'design');
#10 = ADVANCED_BREP_SHAPE_REPRESENTATION('',(#11,#15),#2937);
#11 = AXIS2_PLACEMENT_3D('',#12,#13,#14);
#12 = CARTESIAN_POINT('',(0.,0.,0.));
#13 = DIRECTION('',(0.,0.,1.));
#14 = DIRECTION('',(1.,0.,-0.));
#15 = MANIFOLD_SOLID_BREP('',#16);
#16 = CLOSED_SHELL('',(#17,#73,#104,#128,#376,#422,#446,#463,#477,#617,
    #657,#746,#771,#795,#833,#922,#1050,#1067,#1156,#1180,#1269,#1402,
    #1419,#1459,#1477,#1501,#1525,#1549,#1573,#1597,#1621,#1646,#1684,
    #1709,#1740,#1764,#1781,#1812,#1836,#1853,#1884,#1908,#1925,#1950,
    #2200,#2248,#2265,#2282,#2299,#2311,#2323,#2345,#2362,#2374,#2386,
    #2408,#2425,#2437,#2459,#2476,#2488,#2510,#2527,#2539,#2561,#2578,
    #2590,#2607,#2624,#2641,#2653,#2675,#2692,#2704,#2716,#2738,#2755,
    #2767,#2784,#2806,#2823,#2835,#2857,#2874,#2886,#2903,#2920));
#17 = ADVANCED_FACE('',(#18),#68,.F.);
#18 = FACE_BOUND('',#19,.F.);
#19 = EDGE_LOOP('',(#20,#30,#38,#46,#54,#62));
#20 = ORIENTED_EDGE('',*,*,#21,.T.);
#21 = EDGE_CURVE('',#22,#24,#26,.T.);
#22 = VERTEX_POINT('',#23);
#23 = CARTESIAN_POINT('',(171.83845138549,58.5,13.1));
#24 = VERTEX_POINT('',#25);
#25 = CARTESIAN_POINT('',(171.83845138549,58.51,13.1));
#26 = LINE('',#27,#28);
#27 = CARTESIAN_POINT('',(171.83845138549,58.5,13.1));
#28 = VECTOR('',#29,1.);
#29 = DIRECTION('',(0.,1.,-2.2E-16));
#30 = ORIENTED_EDGE('',*,*,#31,.T.);
#31 = EDGE_CURVE('',#24,#32,#34,.T.);
#32 = VERTEX_POINT('',#33);
#33 = CARTESIAN_POINT('',(171.83845138549,60.95,5.6));
#34 = LINE('',#35,#36);
#35 = CARTESIAN_POINT('',(171.83845138549,59.119521442489,
    11.226470975956));
#36 = VECTOR('',#37,1.);
#37 = DIRECTION('',(0.,0.309372756118,-0.950940848724));
#38 = ORIENTED_EDGE('',*,*,#39,.T.);
#39 = EDGE_CURVE('',#32,#40,#42,.T.);
#40 = VERTEX_POINT('',#41);
#41 = CARTESIAN_POINT('',(171.83845138549,60.95,-29.4));
#42 = LINE('',#43,#44);
#43 = CARTESIAN_POINT('',(171.83845138549,60.95,13.1));
#44 = VECTOR('',#45,1.);
#45 = DIRECTION('',(0.,0.,-1.));
#46 = ORIENTED_EDGE('',*,*,#47,.F.);
#47 = EDGE_CURVE('',#48,#40,#50,.T.);
#48 = VERTEX_POINT('',#49);
#49 = CARTESIAN_POINT('',(171.83845138549,58.51,-36.9));
#50 = LINE('',#51,#52);
#51 = CARTESIAN_POINT('',(171.83845138549,66.474401224366,
    -12.41925853166));
#52 = VECTOR('',#53,1.);
#53 = DIRECTION('',(0.,0.309372756118,0.950940848724));
#54 = ORIENTED_EDGE('',*,*,#55,.F.);
#55 = EDGE_CURVE('',#56,#48,#58,.T.);
#56 = VERTEX_POINT('',#57);
#57 = CARTESIAN_POINT('',(171.83845138549,58.5,-36.9));
#58 = LINE('',#59,#60);
#59 = CARTESIAN_POINT('',(171.83845138549,58.5,-36.9));
#60 = VECTOR('',#61,1.);
#61 = DIRECTION('',(0.,1.,-2.2E-16));
#62 = ORIENTED_EDGE('',*,*,#63,.F.);
#63 = EDGE_CURVE('',#22,#56,#64,.T.);
#64 = LINE('',#65,#66);
#65 = CARTESIAN_POINT('',(171.83845138549,58.5,13.1));
#66 = VECTOR('',#67,1.);
#67 = DIRECTION('',(0.,0.,-1.));
#68 = PLANE('',#69);
#69 = AXIS2_PLACEMENT_3D('',#70,#71,#72);
#70 = CARTESIAN_POINT('',(171.83845138549,58.5,13.1));
#71 = DIRECTION('',(-1.,0.,0.));
#72 = DIRECTION('',(-0.,-2.2E-16,-1.));
#73 = ADVANCED_FACE('',(#74),#99,.F.);
#74 = FACE_BOUND('',#75,.F.);
#75 = EDGE_LOOP('',(#76,#86,#92,#93));
#76 = ORIENTED_EDGE('',*,*,#77,.T.);
#77 = EDGE_CURVE('',#78,#80,#82,.T.);
#78 = VERTEX_POINT('',#79);
#79 = CARTESIAN_POINT('',(152.33845138549,58.5,13.1));
#80 = VERTEX_POINT('',#81);
#81 = CARTESIAN_POINT('',(152.33845138549,58.51,13.1));
#82 = LINE('',#83,#84);
#83 = CARTESIAN_POINT('',(152.33845138549,58.5,13.1));
#84 = VECTOR('',#85,1.);
#85 = DIRECTION('',(0.,1.,-2.2E-16));
#86 = ORIENTED_EDGE('',*,*,#87,.T.);
#87 = EDGE_CURVE('',#80,#24,#88,.T.);
#88 = LINE('',#89,#90);
#89 = CARTESIAN_POINT('',(152.33845138549,58.51,13.1));
#90 = VECTOR('',#91,1.);
#91 = DIRECTION('',(1.,0.,0.));
#92 = ORIENTED_EDGE('',*,*,#21,.F.);
#93 = ORIENTED_EDGE('',*,*,#94,.F.);
#94 = EDGE_CURVE('',#78,#22,#95,.T.);
#95 = LINE('',#96,#97);
#96 = CARTESIAN_POINT('',(152.33845138549,58.5,13.1));
#97 = VECTOR('',#98,1.);
#98 = DIRECTION('',(1.,0.,0.));
#99 = PLANE('',#100);
#100 = AXIS2_PLACEMENT_3D('',#101,#102,#103);
#101 = CARTESIAN_POINT('',(152.33845138549,58.5,13.1));
#102 = DIRECTION('',(0.,-2.2E-16,-1.));
#103 = DIRECTION('',(1.,0.,0.));
#104 = ADVANCED_FACE('',(#105),#123,.F.);
#105 = FACE_BOUND('',#106,.T.);
#106 = EDGE_LOOP('',(#107,#115,#116,#117));
#107 = ORIENTED_EDGE('',*,*,#108,.F.);
#108 = EDGE_CURVE('',#80,#109,#111,.T.);
#109 = VERTEX_POINT('',#110);
#110 = CARTESIAN_POINT('',(152.33845138549,60.95,5.6));
#111 = LINE('',#112,#113);
#112 = CARTESIAN_POINT('',(152.33845138549,66.474401224366,
    -11.38074146833));
#113 = VECTOR('',#114,1.);
#114 = DIRECTION('',(0.,0.309372756118,-0.950940848724));
#115 = ORIENTED_EDGE('',*,*,#87,.T.);
#116 = ORIENTED_EDGE('',*,*,#31,.T.);
#117 = ORIENTED_EDGE('',*,*,#118,.F.);
#118 = EDGE_CURVE('',#109,#32,#119,.T.);
#119 = LINE('',#120,#121);
#120 = CARTESIAN_POINT('',(152.33845138549,60.95,5.6));
#121 = VECTOR('',#122,1.);
#122 = DIRECTION('',(1.,0.,0.));
#123 = PLANE('',#124);
#124 = AXIS2_PLACEMENT_3D('',#125,#126,#127);
#125 = CARTESIAN_POINT('',(152.33845138549,59.73,9.35));
#126 = DIRECTION('',(4.E-17,-0.950940848724,-0.309372756118));
#127 = DIRECTION('',(-1.,-3.796702710305E-17,-1.259193948419E-17));
#128 = ADVANCED_FACE('',(#129,#309,#320,#331,#349,#360),#371,.T.);
#129 = FACE_BOUND('',#130,.T.);
#130 = EDGE_LOOP('',(#131,#141,#149,#158,#166,#174,#182,#190,#198,#206,
    #214,#222,#230,#239,#247,#255,#263,#271,#279,#287,#295,#303));
#131 = ORIENTED_EDGE('',*,*,#132,.F.);
#132 = EDGE_CURVE('',#133,#135,#137,.T.);
#133 = VERTEX_POINT('',#134);
#134 = CARTESIAN_POINT('',(207.,58.5,16.6));
#135 = VERTEX_POINT('',#136);
#136 = CARTESIAN_POINT('',(186.,58.5,16.6));
#137 = LINE('',#138,#139);
#138 = CARTESIAN_POINT('',(207.,58.5,16.6));
#139 = VECTOR('',#140,1.);
#140 = DIRECTION('',(-1.,0.,0.));
#141 = ORIENTED_EDGE('',*,*,#142,.F.);
#142 = EDGE_CURVE('',#143,#133,#145,.T.);
#143 = VERTEX_POINT('',#144);
#144 = CARTESIAN_POINT('',(207.,58.5,-40.9));
#145 = LINE('',#146,#147);
#146 = CARTESIAN_POINT('',(207.,58.5,17.1));
#147 = VECTOR('',#148,1.);
#148 = DIRECTION('',(0.,2.2E-16,1.));
#149 = ORIENTED_EDGE('',*,*,#150,.F.);
#150 = EDGE_CURVE('',#151,#143,#153,.T.);
#151 = VERTEX_POINT('',#152);
#152 = CARTESIAN_POINT('',(204.,58.5,-43.9));
#153 = CIRCLE('',#154,3.);
#154 = AXIS2_PLACEMENT_3D('',#155,#156,#157);
#155 = CARTESIAN_POINT('',(204.,58.5,-40.9));
#156 = DIRECTION('',(0.,-1.,0.));
#157 = DIRECTION('',(0.707106781187,0.,-0.707106781187));
#158 = ORIENTED_EDGE('',*,*,#159,.T.);
#159 = EDGE_CURVE('',#151,#160,#162,.T.);
#160 = VERTEX_POINT('',#161);
#161 = CARTESIAN_POINT('',(186.,58.5,-43.9));
#162 = LINE('',#163,#164);
#163 = CARTESIAN_POINT('',(123.,58.5,-43.9));
#164 = VECTOR('',#165,1.);
#165 = DIRECTION('',(-1.,0.,0.));
#166 = ORIENTED_EDGE('',*,*,#167,.F.);
#167 = EDGE_CURVE('',#168,#160,#170,.T.);
#168 = VERTEX_POINT('',#169);
#169 = CARTESIAN_POINT('',(186.,58.5,-18.02243803261));
#170 = LINE('',#171,#172);
#171 = CARTESIAN_POINT('',(186.,58.5,16.6));
#172 = VECTOR('',#173,1.);
#173 = DIRECTION('',(0.,0.,-1.));
#174 = ORIENTED_EDGE('',*,*,#175,.T.);
#175 = EDGE_CURVE('',#168,#176,#178,.T.);
#176 = VERTEX_POINT('',#177);
#177 = CARTESIAN_POINT('',(178.5,58.5,-18.02243803261));
#178 = LINE('',#179,#180);
#179 = CARTESIAN_POINT('',(186.,58.5,-18.02243803261));
#180 = VECTOR('',#181,1.);
#181 = DIRECTION('',(-1.,-0.,-0.));
#182 = ORIENTED_EDGE('',*,*,#183,.F.);
#183 = EDGE_CURVE('',#184,#176,#186,.T.);
#184 = VERTEX_POINT('',#185);
#185 = CARTESIAN_POINT('',(178.5,58.5,-43.9));
#186 = LINE('',#187,#188);
#187 = CARTESIAN_POINT('',(178.5,58.5,-43.9));
#188 = VECTOR('',#189,1.);
#189 = DIRECTION('',(0.,0.,1.));
#190 = ORIENTED_EDGE('',*,*,#191,.T.);
#191 = EDGE_CURVE('',#184,#192,#194,.T.);
#192 = VERTEX_POINT('',#193);
#193 = CARTESIAN_POINT('',(151.5,58.5,-43.9));
#194 = LINE('',#195,#196);
#195 = CARTESIAN_POINT('',(123.,58.5,-43.9));
#196 = VECTOR('',#197,1.);
#197 = DIRECTION('',(-1.,0.,0.));
#198 = ORIENTED_EDGE('',*,*,#199,.F.);
#199 = EDGE_CURVE('',#200,#192,#202,.T.);
#200 = VERTEX_POINT('',#201);
#201 = CARTESIAN_POINT('',(151.5,58.5,-18.02243803261));
#202 = LINE('',#203,#204);
#203 = CARTESIAN_POINT('',(151.5,58.5,16.6));
#204 = VECTOR('',#205,1.);
#205 = DIRECTION('',(0.,0.,-1.));
#206 = ORIENTED_EDGE('',*,*,#207,.T.);
#207 = EDGE_CURVE('',#200,#208,#210,.T.);
#208 = VERTEX_POINT('',#209);
#209 = CARTESIAN_POINT('',(144.,58.5,-18.02243803261));
#210 = LINE('',#211,#212);
#211 = CARTESIAN_POINT('',(186.,58.5,-18.02243803261));
#212 = VECTOR('',#213,1.);
#213 = DIRECTION('',(-1.,-0.,-0.));
#214 = ORIENTED_EDGE('',*,*,#215,.F.);
#215 = EDGE_CURVE('',#216,#208,#218,.T.);
#216 = VERTEX_POINT('',#217);
#217 = CARTESIAN_POINT('',(144.,58.5,-43.9));
#218 = LINE('',#219,#220);
#219 = CARTESIAN_POINT('',(144.,58.5,-43.9));
#220 = VECTOR('',#221,1.);
#221 = DIRECTION('',(0.,0.,1.));
#222 = ORIENTED_EDGE('',*,*,#223,.T.);
#223 = EDGE_CURVE('',#216,#224,#226,.T.);
#224 = VERTEX_POINT('',#225);
#225 = CARTESIAN_POINT('',(126.,58.5,-43.9));
#226 = LINE('',#227,#228);
#227 = CARTESIAN_POINT('',(123.,58.5,-43.9));
#228 = VECTOR('',#229,1.);
#229 = DIRECTION('',(-1.,0.,0.));
#230 = ORIENTED_EDGE('',*,*,#231,.F.);
#231 = EDGE_CURVE('',#232,#224,#234,.T.);
#232 = VERTEX_POINT('',#233);
#233 = CARTESIAN_POINT('',(123.,58.5,-40.9));
#234 = CIRCLE('',#235,3.);
#235 = AXIS2_PLACEMENT_3D('',#236,#237,#238);
#236 = CARTESIAN_POINT('',(126.,58.5,-40.9));
#237 = DIRECTION('',(0.,-1.,-0.));
#238 = DIRECTION('',(-0.707106781187,0.,-0.707106781187));
#239 = ORIENTED_EDGE('',*,*,#240,.T.);
#240 = EDGE_CURVE('',#232,#241,#243,.T.);
#241 = VERTEX_POINT('',#242);
#242 = CARTESIAN_POINT('',(123.,58.5,16.6));
#243 = LINE('',#244,#245);
#244 = CARTESIAN_POINT('',(123.,58.5,20.1));
#245 = VECTOR('',#246,1.);
#246 = DIRECTION('',(0.,0.,1.));
#247 = ORIENTED_EDGE('',*,*,#248,.F.);
#248 = EDGE_CURVE('',#249,#241,#251,.T.);
#249 = VERTEX_POINT('',#250);
#250 = CARTESIAN_POINT('',(144.,58.5,16.6));
#251 = LINE('',#252,#253);
#252 = CARTESIAN_POINT('',(207.,58.5,16.6));
#253 = VECTOR('',#254,1.);
#254 = DIRECTION('',(-1.,0.,0.));
#255 = ORIENTED_EDGE('',*,*,#256,.F.);
#256 = EDGE_CURVE('',#257,#249,#259,.T.);
#257 = VERTEX_POINT('',#258);
#258 = CARTESIAN_POINT('',(144.,58.5,-6.277561967339));
#259 = LINE('',#260,#261);
#260 = CARTESIAN_POINT('',(144.,58.5,-43.9));
#261 = VECTOR('',#262,1.);
#262 = DIRECTION('',(0.,0.,1.));
#263 = ORIENTED_EDGE('',*,*,#264,.F.);
#264 = EDGE_CURVE('',#265,#257,#267,.T.);
#265 = VERTEX_POINT('',#266);
#266 = CARTESIAN_POINT('',(151.5,58.5,-6.277561967339));
#267 = LINE('',#268,#269);
#268 = CARTESIAN_POINT('',(186.,58.5,-6.277561967339));
#269 = VECTOR('',#270,1.);
#270 = DIRECTION('',(-1.,-0.,-0.));
#271 = ORIENTED_EDGE('',*,*,#272,.F.);
#272 = EDGE_CURVE('',#273,#265,#275,.T.);
#273 = VERTEX_POINT('',#274);
#274 = CARTESIAN_POINT('',(151.5,58.5,16.6));
#275 = LINE('',#276,#277);
#276 = CARTESIAN_POINT('',(151.5,58.5,16.6));
#277 = VECTOR('',#278,1.);
#278 = DIRECTION('',(0.,0.,-1.));
#279 = ORIENTED_EDGE('',*,*,#280,.F.);
#280 = EDGE_CURVE('',#281,#273,#283,.T.);
#281 = VERTEX_POINT('',#282);
#282 = CARTESIAN_POINT('',(178.5,58.5,16.6));
#283 = LINE('',#284,#285);
#284 = CARTESIAN_POINT('',(207.,58.5,16.6));
#285 = VECTOR('',#286,1.);
#286 = DIRECTION('',(-1.,0.,0.));
#287 = ORIENTED_EDGE('',*,*,#288,.F.);
#288 = EDGE_CURVE('',#289,#281,#291,.T.);
#289 = VERTEX_POINT('',#290);
#290 = CARTESIAN_POINT('',(178.5,58.5,-6.277561967339));
#291 = LINE('',#292,#293);
#292 = CARTESIAN_POINT('',(178.5,58.5,-43.9));
#293 = VECTOR('',#294,1.);
#294 = DIRECTION('',(0.,0.,1.));
#295 = ORIENTED_EDGE('',*,*,#296,.F.);
#296 = EDGE_CURVE('',#297,#289,#299,.T.);
#297 = VERTEX_POINT('',#298);
#298 = CARTESIAN_POINT('',(186.,58.5,-6.277561967339));
#299 = LINE('',#300,#301);
#300 = CARTESIAN_POINT('',(186.,58.5,-6.277561967339));
#301 = VECTOR('',#302,1.);
#302 = DIRECTION('',(-1.,-0.,-0.));
#303 = ORIENTED_EDGE('',*,*,#304,.F.);
#304 = EDGE_CURVE('',#135,#297,#305,.T.);
#305 = LINE('',#306,#307);
#306 = CARTESIAN_POINT('',(186.,58.5,16.6));
#307 = VECTOR('',#308,1.);
#308 = DIRECTION('',(0.,0.,-1.));
#309 = FACE_BOUND('',#310,.T.);
#310 = EDGE_LOOP('',(#311));
#311 = ORIENTED_EDGE('',*,*,#312,.T.);
#312 = EDGE_CURVE('',#313,#313,#315,.T.);
#313 = VERTEX_POINT('',#314);
#314 = CARTESIAN_POINT('',(139.2,58.5,-33.2));
#315 = CIRCLE('',#316,3.6);
#316 = AXIS2_PLACEMENT_3D('',#317,#318,#319);
#317 = CARTESIAN_POINT('',(135.6,58.5,-33.2));
#318 = DIRECTION('',(0.,-1.,2.2E-16));
#319 = DIRECTION('',(1.,0.,0.));
#320 = FACE_BOUND('',#321,.T.);
#321 = EDGE_LOOP('',(#322));
#322 = ORIENTED_EDGE('',*,*,#323,.T.);
#323 = EDGE_CURVE('',#324,#324,#326,.T.);
#324 = VERTEX_POINT('',#325);
#325 = CARTESIAN_POINT('',(138.2,58.5,6.5));
#326 = CIRCLE('',#327,2.6);
#327 = AXIS2_PLACEMENT_3D('',#328,#329,#330);
#328 = CARTESIAN_POINT('',(135.6,58.5,6.5));
#329 = DIRECTION('',(0.,-1.,2.2E-16));
#330 = DIRECTION('',(1.,0.,0.));
#331 = FACE_BOUND('',#332,.T.);
#332 = EDGE_LOOP('',(#333,#334,#335,#343));
#333 = ORIENTED_EDGE('',*,*,#63,.F.);
#334 = ORIENTED_EDGE('',*,*,#94,.F.);
#335 = ORIENTED_EDGE('',*,*,#336,.F.);
#336 = EDGE_CURVE('',#337,#78,#339,.T.);
#337 = VERTEX_POINT('',#338);
#338 = CARTESIAN_POINT('',(152.33845138549,58.5,-36.9));
#339 = LINE('',#340,#341);
#340 = CARTESIAN_POINT('',(152.33845138549,58.5,-36.9));
#341 = VECTOR('',#342,1.);
#342 = DIRECTION('',(0.,0.,1.));
#343 = ORIENTED_EDGE('',*,*,#344,.F.);
#344 = EDGE_CURVE('',#56,#337,#345,.T.);
#345 = LINE('',#346,#347);
#346 = CARTESIAN_POINT('',(171.83845138549,58.5,-36.9));
#347 = VECTOR('',#348,1.);
#348 = DIRECTION('',(-1.,0.,0.));
#349 = FACE_BOUND('',#350,.T.);
#350 = EDGE_LOOP('',(#351));
#351 = ORIENTED_EDGE('',*,*,#352,.T.);
#352 = EDGE_CURVE('',#353,#353,#355,.T.);
#353 = VERTEX_POINT('',#354);
#354 = CARTESIAN_POINT('',(198.,58.5,-33.2));
#355 = CIRCLE('',#356,3.6);
#356 = AXIS2_PLACEMENT_3D('',#357,#358,#359);
#357 = CARTESIAN_POINT('',(194.4,58.5,-33.2));
#358 = DIRECTION('',(0.,-1.,2.2E-16));
#359 = DIRECTION('',(1.,0.,0.));
#360 = FACE_BOUND('',#361,.T.);
#361 = EDGE_LOOP('',(#362));
#362 = ORIENTED_EDGE('',*,*,#363,.T.);
#363 = EDGE_CURVE('',#364,#364,#366,.T.);
#364 = VERTEX_POINT('',#365);
#365 = CARTESIAN_POINT('',(197.,58.5,6.5));
#366 = CIRCLE('',#367,2.6);
#367 = AXIS2_PLACEMENT_3D('',#368,#369,#370);
#368 = CARTESIAN_POINT('',(194.4,58.5,6.5));
#369 = DIRECTION('',(0.,-1.,2.2E-16));
#370 = DIRECTION('',(1.,0.,0.));
#371 = PLANE('',#372);
#372 = AXIS2_PLACEMENT_3D('',#373,#374,#375);
#373 = CARTESIAN_POINT('',(165.,58.5,-13.53107608851));
#374 = DIRECTION('',(0.,1.,0.));
#375 = DIRECTION('',(0.,0.,1.));
#376 = ADVANCED_FACE('',(#377,#395,#406),#417,.T.);
#377 = FACE_BOUND('',#378,.T.);
#378 = EDGE_LOOP('',(#379,#380,#388,#394));
#379 = ORIENTED_EDGE('',*,*,#39,.T.);
#380 = ORIENTED_EDGE('',*,*,#381,.T.);
#381 = EDGE_CURVE('',#40,#382,#384,.T.);
#382 = VERTEX_POINT('',#383);
#383 = CARTESIAN_POINT('',(152.33845138549,60.95,-29.4));
#384 = LINE('',#385,#386);
#385 = CARTESIAN_POINT('',(171.83845138549,60.95,-29.4));
#386 = VECTOR('',#387,1.);
#387 = DIRECTION('',(-1.,0.,0.));
#388 = ORIENTED_EDGE('',*,*,#389,.T.);
#389 = EDGE_CURVE('',#382,#109,#390,.T.);
#390 = LINE('',#391,#392);
#391 = CARTESIAN_POINT('',(152.33845138549,60.95,-36.9));
#392 = VECTOR('',#393,1.);
#393 = DIRECTION('',(0.,0.,1.));
#394 = ORIENTED_EDGE('',*,*,#118,.T.);
#395 = FACE_BOUND('',#396,.F.);
#396 = EDGE_LOOP('',(#397));
#397 = ORIENTED_EDGE('',*,*,#398,.T.);
#398 = EDGE_CURVE('',#399,#399,#401,.T.);
#399 = VERTEX_POINT('',#400);
#400 = CARTESIAN_POINT('',(159.48845138549,60.95,-1.9));
#401 = CIRCLE('',#402,2.6);
#402 = AXIS2_PLACEMENT_3D('',#403,#404,#405);
#403 = CARTESIAN_POINT('',(162.08845138549,60.95,-1.9));
#404 = DIRECTION('',(0.,1.,-2.2E-16));
#405 = DIRECTION('',(-1.,0.,0.));
#406 = FACE_BOUND('',#407,.F.);
#407 = EDGE_LOOP('',(#408));
#408 = ORIENTED_EDGE('',*,*,#409,.T.);
#409 = EDGE_CURVE('',#410,#410,#412,.T.);
#410 = VERTEX_POINT('',#411);
#411 = CARTESIAN_POINT('',(159.48845138549,60.95,-21.9));
#412 = CIRCLE('',#413,2.6);
#413 = AXIS2_PLACEMENT_3D('',#414,#415,#416);
#414 = CARTESIAN_POINT('',(162.08845138549,60.95,-21.9));
#415 = DIRECTION('',(0.,1.,-2.2E-16));
#416 = DIRECTION('',(-1.,0.,0.));
#417 = PLANE('',#418);
#418 = AXIS2_PLACEMENT_3D('',#419,#420,#421);
#419 = CARTESIAN_POINT('',(162.08845138549,60.95,-11.9));
#420 = DIRECTION('',(0.,1.,0.));
#421 = DIRECTION('',(0.,0.,1.));
#422 = ADVANCED_FACE('',(#423),#441,.F.);
#423 = FACE_BOUND('',#424,.F.);
#424 = EDGE_LOOP('',(#425,#426,#434,#440));
#425 = ORIENTED_EDGE('',*,*,#55,.T.);
#426 = ORIENTED_EDGE('',*,*,#427,.T.);
#427 = EDGE_CURVE('',#48,#428,#430,.T.);
#428 = VERTEX_POINT('',#429);
#429 = CARTESIAN_POINT('',(152.33845138549,58.51,-36.9));
#430 = LINE('',#431,#432);
#431 = CARTESIAN_POINT('',(171.83845138549,58.51,-36.9));
#432 = VECTOR('',#433,1.);
#433 = DIRECTION('',(-1.,0.,0.));
#434 = ORIENTED_EDGE('',*,*,#435,.F.);
#435 = EDGE_CURVE('',#337,#428,#436,.T.);
#436 = LINE('',#437,#438);
#437 = CARTESIAN_POINT('',(152.33845138549,58.5,-36.9));
#438 = VECTOR('',#439,1.);
#439 = DIRECTION('',(0.,1.,-2.2E-16));
#440 = ORIENTED_EDGE('',*,*,#344,.F.);
#441 = PLANE('',#442);
#442 = AXIS2_PLACEMENT_3D('',#443,#444,#445);
#443 = CARTESIAN_POINT('',(171.83845138549,58.5,-36.9));
#444 = DIRECTION('',(0.,2.2E-16,1.));
#445 = DIRECTION('',(-1.,0.,0.));
#446 = ADVANCED_FACE('',(#447),#458,.F.);
#447 = FACE_BOUND('',#448,.T.);
#448 = EDGE_LOOP('',(#449,#450,#451,#457));
#449 = ORIENTED_EDGE('',*,*,#47,.F.);
#450 = ORIENTED_EDGE('',*,*,#427,.T.);
#451 = ORIENTED_EDGE('',*,*,#452,.T.);
#452 = EDGE_CURVE('',#428,#382,#453,.T.);
#453 = LINE('',#454,#455);
#454 = CARTESIAN_POINT('',(152.33845138549,59.119521442489,
    -35.02647097595));
#455 = VECTOR('',#456,1.);
#456 = DIRECTION('',(0.,0.309372756118,0.950940848724));
#457 = ORIENTED_EDGE('',*,*,#381,.F.);
#458 = PLANE('',#459);
#459 = AXIS2_PLACEMENT_3D('',#460,#461,#462);
#460 = CARTESIAN_POINT('',(171.83845138549,59.73,-33.15));
#461 = DIRECTION('',(-4.E-17,-0.950940848724,0.309372756118));
#462 = DIRECTION('',(1.,-3.796702710305E-17,1.259193948419E-17));
#463 = ADVANCED_FACE('',(#464),#472,.F.);
#464 = FACE_BOUND('',#465,.F.);
#465 = EDGE_LOOP('',(#466,#467,#468,#469,#470,#471));
#466 = ORIENTED_EDGE('',*,*,#435,.T.);
#467 = ORIENTED_EDGE('',*,*,#452,.T.);
#468 = ORIENTED_EDGE('',*,*,#389,.T.);
#469 = ORIENTED_EDGE('',*,*,#108,.F.);
#470 = ORIENTED_EDGE('',*,*,#77,.F.);
#471 = ORIENTED_EDGE('',*,*,#336,.F.);
#472 = PLANE('',#473);
#473 = AXIS2_PLACEMENT_3D('',#474,#475,#476);
#474 = CARTESIAN_POINT('',(152.33845138549,58.5,-36.9));
#475 = DIRECTION('',(1.,0.,0.));
#476 = DIRECTION('',(0.,2.2E-16,1.));
#477 = ADVANCED_FACE('',(#478,#512,#523,#549,#575,#601),#612,.F.);
#478 = FACE_BOUND('',#479,.F.);
#479 = EDGE_LOOP('',(#480,#488,#497,#505,#511));
#480 = ORIENTED_EDGE('',*,*,#481,.T.);
#481 = EDGE_CURVE('',#133,#482,#484,.T.);
#482 = VERTEX_POINT('',#483);
#483 = CARTESIAN_POINT('',(207.,129.5,16.6));
#484 = LINE('',#485,#486);
#485 = CARTESIAN_POINT('',(207.,58.5,16.6));
#486 = VECTOR('',#487,1.);
#487 = DIRECTION('',(0.,1.,-2.2E-16));
#488 = ORIENTED_EDGE('',*,*,#489,.F.);
#489 = EDGE_CURVE('',#490,#482,#492,.T.);
#490 = VERTEX_POINT('',#491);
#491 = CARTESIAN_POINT('',(203.,133.5,16.6));
#492 = CIRCLE('',#493,4.);
#493 = AXIS2_PLACEMENT_3D('',#494,#495,#496);
#494 = CARTESIAN_POINT('',(203.,129.5,16.6));
#495 = DIRECTION('',(0.,-2.2E-16,-1.));
#496 = DIRECTION('',(0.,1.,-2.2E-16));
#497 = ORIENTED_EDGE('',*,*,#498,.T.);
#498 = EDGE_CURVE('',#490,#499,#501,.T.);
#499 = VERTEX_POINT('',#500);
#500 = CARTESIAN_POINT('',(186.,133.5,16.6));
#501 = LINE('',#502,#503);
#502 = CARTESIAN_POINT('',(207.,133.5,16.6));
#503 = VECTOR('',#504,1.);
#504 = DIRECTION('',(-1.,0.,0.));
#505 = ORIENTED_EDGE('',*,*,#506,.F.);
#506 = EDGE_CURVE('',#135,#499,#507,.T.);
#507 = LINE('',#508,#509);
#508 = CARTESIAN_POINT('',(186.,58.5,16.6));
#509 = VECTOR('',#510,1.);
#510 = DIRECTION('',(0.,1.,-2.2E-16));
#511 = ORIENTED_EDGE('',*,*,#132,.F.);
#512 = FACE_BOUND('',#513,.F.);
#513 = EDGE_LOOP('',(#514));
#514 = ORIENTED_EDGE('',*,*,#515,.F.);
#515 = EDGE_CURVE('',#516,#516,#518,.T.);
#516 = VERTEX_POINT('',#517);
#517 = CARTESIAN_POINT('',(202.,125.9,16.6));
#518 = CIRCLE('',#519,2.6);
#519 = AXIS2_PLACEMENT_3D('',#520,#521,#522);
#520 = CARTESIAN_POINT('',(199.4,125.9,16.6));
#521 = DIRECTION('',(0.,0.,1.));
#522 = DIRECTION('',(1.,0.,0.));
#523 = FACE_BOUND('',#524,.F.);
#524 = EDGE_LOOP('',(#525,#535,#543));
#525 = ORIENTED_EDGE('',*,*,#526,.F.);
#526 = EDGE_CURVE('',#527,#529,#531,.T.);
#527 = VERTEX_POINT('',#528);
#528 = CARTESIAN_POINT('',(189.,116.3,16.6));
#529 = VERTEX_POINT('',#530);
#530 = CARTESIAN_POINT('',(189.,98.979491924311,16.6));
#531 = LINE('',#532,#533);
#532 = CARTESIAN_POINT('',(189.,116.3,16.6));
#533 = VECTOR('',#534,1.);
#534 = DIRECTION('',(-3.28E-15,-1.,0.));
#535 = ORIENTED_EDGE('',*,*,#536,.T.);
#536 = EDGE_CURVE('',#527,#537,#539,.T.);
#537 = VERTEX_POINT('',#538);
#538 = CARTESIAN_POINT('',(204.,107.63974596215,16.6));
#539 = LINE('',#540,#541);
#540 = CARTESIAN_POINT('',(189.,116.3,16.6));
#541 = VECTOR('',#542,1.);
#542 = DIRECTION('',(0.866025403784,-0.5,0.));
#543 = ORIENTED_EDGE('',*,*,#544,.F.);
#544 = EDGE_CURVE('',#529,#537,#545,.T.);
#545 = LINE('',#546,#547);
#546 = CARTESIAN_POINT('',(189.,98.979491924311,16.6));
#547 = VECTOR('',#548,1.);
#548 = DIRECTION('',(0.866025403784,0.5,0.));
#549 = FACE_BOUND('',#550,.F.);
#550 = EDGE_LOOP('',(#551,#561,#569));
#551 = ORIENTED_EDGE('',*,*,#552,.F.);
#552 = EDGE_CURVE('',#553,#555,#557,.T.);
#553 = VERTEX_POINT('',#554);
#554 = CARTESIAN_POINT('',(189.,94.,16.6));
#555 = VERTEX_POINT('',#556);
#556 = CARTESIAN_POINT('',(204.,85.339745962156,16.6));
#557 = LINE('',#558,#559);
#558 = CARTESIAN_POINT('',(189.,94.,16.6));
#559 = VECTOR('',#560,1.);
#560 = DIRECTION('',(0.866025403784,-0.5,0.));
#561 = ORIENTED_EDGE('',*,*,#562,.F.);
#562 = EDGE_CURVE('',#563,#553,#565,.T.);
#563 = VERTEX_POINT('',#564);
#564 = CARTESIAN_POINT('',(204.,102.66025403784,16.6));
#565 = LINE('',#566,#567);
#566 = CARTESIAN_POINT('',(204.,102.66025403784,16.6));
#567 = VECTOR('',#568,1.);
#568 = DIRECTION('',(-0.866025403784,-0.5,0.));
#569 = ORIENTED_EDGE('',*,*,#570,.F.);
#570 = EDGE_CURVE('',#555,#563,#571,.T.);
#571 = LINE('',#572,#573);
#572 = CARTESIAN_POINT('',(204.,85.339745962156,16.6));
#573 = VECTOR('',#574,1.);
#574 = DIRECTION('',(0.,1.,0.));
#575 = FACE_BOUND('',#576,.F.);
#576 = EDGE_LOOP('',(#577,#587,#595));
#577 = ORIENTED_EDGE('',*,*,#578,.F.);
#578 = EDGE_CURVE('',#579,#581,#583,.T.);
#579 = VERTEX_POINT('',#580);
#580 = CARTESIAN_POINT('',(189.,71.7,16.6));
#581 = VERTEX_POINT('',#582);
#582 = CARTESIAN_POINT('',(204.,80.360254037844,16.6));
#583 = LINE('',#584,#585);
#584 = CARTESIAN_POINT('',(189.,71.7,16.6));
#585 = VECTOR('',#586,1.);
#586 = DIRECTION('',(0.866025403784,0.5,0.));
#587 = ORIENTED_EDGE('',*,*,#588,.T.);
#588 = EDGE_CURVE('',#579,#589,#591,.T.);
#589 = VERTEX_POINT('',#590);
#590 = CARTESIAN_POINT('',(189.,89.020508075688,16.6));
#591 = LINE('',#592,#593);
#592 = CARTESIAN_POINT('',(189.,71.7,16.6));
#593 = VECTOR('',#594,1.);
#594 = DIRECTION('',(0.,1.,0.));
#595 = ORIENTED_EDGE('',*,*,#596,.T.);
#596 = EDGE_CURVE('',#589,#581,#597,.T.);
#597 = LINE('',#598,#599);
#598 = CARTESIAN_POINT('',(189.,89.020508075688,16.6));
#599 = VECTOR('',#600,1.);
#600 = DIRECTION('',(0.866025403784,-0.5,0.));
#601 = FACE_BOUND('',#602,.F.);
#602 = EDGE_LOOP('',(#603));
#603 = ORIENTED_EDGE('',*,*,#604,.F.);
#604 = EDGE_CURVE('',#605,#605,#607,.T.);
#605 = VERTEX_POINT('',#606);
#606 = CARTESIAN_POINT('',(202.,66.1,16.6));
#607 = CIRCLE('',#608,2.6);
#608 = AXIS2_PLACEMENT_3D('',#609,#610,#611);
#609 = CARTESIAN_POINT('',(199.4,66.1,16.6));
#610 = DIRECTION('',(0.,0.,1.));
#611 = DIRECTION('',(1.,0.,0.));
#612 = PLANE('',#613);
#613 = AXIS2_PLACEMENT_3D('',#614,#615,#616);
#614 = CARTESIAN_POINT('',(207.,58.5,16.6));
#615 = DIRECTION('',(0.,2.2E-16,1.));
#616 = DIRECTION('',(-1.,0.,0.));
#617 = ADVANCED_FACE('',(#618),#652,.T.);
#618 = FACE_BOUND('',#619,.T.);
#619 = EDGE_LOOP('',(#620,#621,#629,#637,#645,#651));
#620 = ORIENTED_EDGE('',*,*,#481,.T.);
#621 = ORIENTED_EDGE('',*,*,#622,.F.);
#622 = EDGE_CURVE('',#623,#482,#625,.T.);
#623 = VERTEX_POINT('',#624);
#624 = CARTESIAN_POINT('',(207.,129.5,20.1));
#625 = LINE('',#626,#627);
#626 = CARTESIAN_POINT('',(207.,129.5,20.1));
#627 = VECTOR('',#628,1.);
#628 = DIRECTION('',(0.,-2.2E-16,-1.));
#629 = ORIENTED_EDGE('',*,*,#630,.F.);
#630 = EDGE_CURVE('',#631,#623,#633,.T.);
#631 = VERTEX_POINT('',#632);
#632 = CARTESIAN_POINT('',(207.,54.5,20.1));
#633 = LINE('',#634,#635);
#634 = CARTESIAN_POINT('',(207.,58.5,20.1));
#635 = VECTOR('',#636,1.);
#636 = DIRECTION('',(0.,1.,-2.2E-16));
#637 = ORIENTED_EDGE('',*,*,#638,.F.);
#638 = EDGE_CURVE('',#639,#631,#641,.T.);
#639 = VERTEX_POINT('',#640);
#640 = CARTESIAN_POINT('',(207.,54.5,-40.9));
#641 = LINE('',#642,#643);
#642 = CARTESIAN_POINT('',(207.,54.5,17.1));
#643 = VECTOR('',#644,1.);
#644 = DIRECTION('',(0.,2.2E-16,1.));
#645 = ORIENTED_EDGE('',*,*,#646,.F.);
#646 = EDGE_CURVE('',#143,#639,#647,.T.);
#647 = LINE('',#648,#649);
#648 = CARTESIAN_POINT('',(207.,55.5,-40.9));
#649 = VECTOR('',#650,1.);
#650 = DIRECTION('',(0.,-1.,0.));
#651 = ORIENTED_EDGE('',*,*,#142,.T.);
#652 = PLANE('',#653);
#653 = AXIS2_PLACEMENT_3D('',#654,#655,#656);
#654 = CARTESIAN_POINT('',(207.,76.990808823529,4.609191176471));
#655 = DIRECTION('',(1.,0.,0.));
#656 = DIRECTION('',(0.,0.,1.));
#657 = ADVANCED_FACE('',(#658,#715),#741,.F.);
#658 = FACE_BOUND('',#659,.F.);
#659 = EDGE_LOOP('',(#660,#661,#667,#668,#676,#684,#692,#700,#708,#714)
  );
#660 = ORIENTED_EDGE('',*,*,#506,.T.);
#661 = ORIENTED_EDGE('',*,*,#662,.T.);
#662 = EDGE_CURVE('',#499,#160,#663,.T.);
#663 = LINE('',#664,#665);
#664 = CARTESIAN_POINT('',(186.,92.032517972052,-16.85043550254));
#665 = VECTOR('',#666,1.);
#666 = DIRECTION('',(-0.,-0.778331241018,-0.627853867755));
#667 = ORIENTED_EDGE('',*,*,#167,.F.);
#668 = ORIENTED_EDGE('',*,*,#669,.T.);
#669 = EDGE_CURVE('',#168,#670,#672,.T.);
#670 = VERTEX_POINT('',#671);
#671 = CARTESIAN_POINT('',(186.,63.,-25.81666666666));
#672 = LINE('',#673,#674);
#673 = CARTESIAN_POINT('',(186.,58.5,-18.02243803261));
#674 = VECTOR('',#675,1.);
#675 = DIRECTION('',(0.,0.5,-0.866025403784));
#676 = ORIENTED_EDGE('',*,*,#677,.F.);
#677 = EDGE_CURVE('',#678,#670,#680,.T.);
#678 = VERTEX_POINT('',#679);
#679 = CARTESIAN_POINT('',(186.,63.,-33.81666666666));
#680 = LINE('',#681,#682);
#681 = CARTESIAN_POINT('',(186.,63.,-33.81666666666));
#682 = VECTOR('',#683,1.);
#683 = DIRECTION('',(0.,0.,1.));
#684 = ORIENTED_EDGE('',*,*,#685,.F.);
#685 = EDGE_CURVE('',#686,#678,#688,.T.);
#686 = VERTEX_POINT('',#687);
#687 = CARTESIAN_POINT('',(186.,88.,-13.65));
#688 = LINE('',#689,#690);
#689 = CARTESIAN_POINT('',(186.,88.,-13.65));
#690 = VECTOR('',#691,1.);
#691 = DIRECTION('',(0.,-0.778331241018,-0.627853867755));
#692 = ORIENTED_EDGE('',*,*,#693,.F.);
#693 = EDGE_CURVE('',#694,#686,#696,.T.);
#694 = VERTEX_POINT('',#695);
#695 = CARTESIAN_POINT('',(186.,63.,6.516666666667));
#696 = LINE('',#697,#698);
#697 = CARTESIAN_POINT('',(186.,63.,6.516666666667));
#698 = VECTOR('',#699,1.);
#699 = DIRECTION('',(0.,0.778331241018,-0.627853867755));
#700 = ORIENTED_EDGE('',*,*,#701,.F.);
#701 = EDGE_CURVE('',#702,#694,#704,.T.);
#702 = VERTEX_POINT('',#703);
#703 = CARTESIAN_POINT('',(186.,63.,1.516666666667));
#704 = LINE('',#705,#706);
#705 = CARTESIAN_POINT('',(186.,63.,1.516666666667));
#706 = VECTOR('',#707,1.);
#707 = DIRECTION('',(0.,0.,1.));
#708 = ORIENTED_EDGE('',*,*,#709,.T.);
#709 = EDGE_CURVE('',#702,#297,#710,.T.);
#710 = LINE('',#711,#712);
#711 = CARTESIAN_POINT('',(186.,63.,1.516666666667));
#712 = VECTOR('',#713,1.);
#713 = DIRECTION('',(0.,-0.500000000003,-0.866025403783));
#714 = ORIENTED_EDGE('',*,*,#304,.F.);
#715 = FACE_BOUND('',#716,.F.);
#716 = EDGE_LOOP('',(#717,#727,#735));
#717 = ORIENTED_EDGE('',*,*,#718,.F.);
#718 = EDGE_CURVE('',#719,#721,#723,.T.);
#719 = VERTEX_POINT('',#720);
#720 = CARTESIAN_POINT('',(186.,120.48347107438,12.1));
#721 = VERTEX_POINT('',#722);
#722 = CARTESIAN_POINT('',(186.,96.,-7.65));
#723 = LINE('',#724,#725);
#724 = CARTESIAN_POINT('',(186.,120.48347107438,12.1));
#725 = VECTOR('',#726,1.);
#726 = DIRECTION('',(0.,-0.778331241018,-0.627853867755));
#727 = ORIENTED_EDGE('',*,*,#728,.T.);
#728 = EDGE_CURVE('',#719,#729,#731,.T.);
#729 = VERTEX_POINT('',#730);
#730 = CARTESIAN_POINT('',(186.,71.51652892562,12.1));
#731 = LINE('',#732,#733);
#732 = CARTESIAN_POINT('',(186.,120.48347107438,12.1));
#733 = VECTOR('',#734,1.);
#734 = DIRECTION('',(0.,-1.,0.));
#735 = ORIENTED_EDGE('',*,*,#736,.F.);
#736 = EDGE_CURVE('',#721,#729,#737,.T.);
#737 = LINE('',#738,#739);
#738 = CARTESIAN_POINT('',(186.,96.,-7.65));
#739 = VECTOR('',#740,1.);
#740 = DIRECTION('',(0.,-0.778331241018,0.627853867755));
#741 = PLANE('',#742);
#742 = AXIS2_PLACEMENT_3D('',#743,#744,#745);
#743 = CARTESIAN_POINT('',(186.,58.5,16.6));
#744 = DIRECTION('',(-1.,0.,0.));
#745 = DIRECTION('',(-0.,-2.2E-16,-1.));
#746 = ADVANCED_FACE('',(#747),#766,.T.);
#747 = FACE_BOUND('',#748,.T.);
#748 = EDGE_LOOP('',(#749,#758,#764,#765));
#749 = ORIENTED_EDGE('',*,*,#750,.T.);
#750 = EDGE_CURVE('',#639,#751,#753,.T.);
#751 = VERTEX_POINT('',#752);
#752 = CARTESIAN_POINT('',(204.,54.5,-43.9));
#753 = CIRCLE('',#754,3.);
#754 = AXIS2_PLACEMENT_3D('',#755,#756,#757);
#755 = CARTESIAN_POINT('',(204.,54.5,-40.9));
#756 = DIRECTION('',(0.,1.,0.));
#757 = DIRECTION('',(0.707106781187,0.,-0.707106781187));
#758 = ORIENTED_EDGE('',*,*,#759,.T.);
#759 = EDGE_CURVE('',#751,#151,#760,.T.);
#760 = LINE('',#761,#762);
#761 = CARTESIAN_POINT('',(204.,55.5,-43.9));
#762 = VECTOR('',#763,1.);
#763 = DIRECTION('',(0.,1.,0.));
#764 = ORIENTED_EDGE('',*,*,#150,.T.);
#765 = ORIENTED_EDGE('',*,*,#646,.T.);
#766 = CYLINDRICAL_SURFACE('',#767,3.);
#767 = AXIS2_PLACEMENT_3D('',#768,#769,#770);
#768 = CARTESIAN_POINT('',(204.,55.5,-40.9));
#769 = DIRECTION('',(0.,1.,0.));
#770 = DIRECTION('',(0.707106781187,0.,-0.707106781187));
#771 = ADVANCED_FACE('',(#772),#790,.F.);
#772 = FACE_BOUND('',#773,.F.);
#773 = EDGE_LOOP('',(#774,#775,#783,#789));
#774 = ORIENTED_EDGE('',*,*,#709,.F.);
#775 = ORIENTED_EDGE('',*,*,#776,.T.);
#776 = EDGE_CURVE('',#702,#777,#779,.T.);
#777 = VERTEX_POINT('',#778);
#778 = CARTESIAN_POINT('',(178.5,63.,1.516666666667));
#779 = LINE('',#780,#781);
#780 = CARTESIAN_POINT('',(186.,63.,1.516666666667));
#781 = VECTOR('',#782,1.);
#782 = DIRECTION('',(-1.,-0.,-0.));
#783 = ORIENTED_EDGE('',*,*,#784,.T.);
#784 = EDGE_CURVE('',#777,#289,#785,.T.);
#785 = LINE('',#786,#787);
#786 = CARTESIAN_POINT('',(178.5,52.604503227824,-16.48886191253));
#787 = VECTOR('',#788,1.);
#788 = DIRECTION('',(0.,-0.500000000003,-0.866025403783));
#789 = ORIENTED_EDGE('',*,*,#296,.F.);
#790 = PLANE('',#791);
#791 = AXIS2_PLACEMENT_3D('',#792,#793,#794);
#792 = CARTESIAN_POINT('',(186.,63.,1.516666666667));
#793 = DIRECTION('',(0.,-0.866025403783,0.500000000003));
#794 = DIRECTION('',(0.,-0.500000000003,-0.866025403783));
#795 = ADVANCED_FACE('',(#796),#828,.T.);
#796 = FACE_BOUND('',#797,.T.);
#797 = EDGE_LOOP('',(#798,#804,#805,#811,#812,#813,#821,#827));
#798 = ORIENTED_EDGE('',*,*,#799,.F.);
#799 = EDGE_CURVE('',#192,#216,#800,.T.);
#800 = LINE('',#801,#802);
#801 = CARTESIAN_POINT('',(151.5,58.5,-43.9));
#802 = VECTOR('',#803,1.);
#803 = DIRECTION('',(-1.,0.,0.));
#804 = ORIENTED_EDGE('',*,*,#191,.F.);
#805 = ORIENTED_EDGE('',*,*,#806,.F.);
#806 = EDGE_CURVE('',#160,#184,#807,.T.);
#807 = LINE('',#808,#809);
#808 = CARTESIAN_POINT('',(186.,58.5,-43.9));
#809 = VECTOR('',#810,1.);
#810 = DIRECTION('',(-1.,0.,0.));
#811 = ORIENTED_EDGE('',*,*,#159,.F.);
#812 = ORIENTED_EDGE('',*,*,#759,.F.);
#813 = ORIENTED_EDGE('',*,*,#814,.F.);
#814 = EDGE_CURVE('',#815,#751,#817,.T.);
#815 = VERTEX_POINT('',#816);
#816 = CARTESIAN_POINT('',(126.,54.5,-43.9));
#817 = LINE('',#818,#819);
#818 = CARTESIAN_POINT('',(123.,54.5,-43.9));
#819 = VECTOR('',#820,1.);
#820 = DIRECTION('',(1.,0.,0.));
#821 = ORIENTED_EDGE('',*,*,#822,.F.);
#822 = EDGE_CURVE('',#224,#815,#823,.T.);
#823 = LINE('',#824,#825);
#824 = CARTESIAN_POINT('',(126.,55.5,-43.9));
#825 = VECTOR('',#826,1.);
#826 = DIRECTION('',(0.,-1.,0.));
#827 = ORIENTED_EDGE('',*,*,#223,.F.);
#828 = PLANE('',#829);
#829 = AXIS2_PLACEMENT_3D('',#830,#831,#832);
#830 = CARTESIAN_POINT('',(165.,56.5,-43.9));
#831 = DIRECTION('',(0.,3.3E-16,-1.));
#832 = DIRECTION('',(0.,-1.,-3.3E-16));
#833 = ADVANCED_FACE('',(#834,#891),#917,.F.);
#834 = FACE_BOUND('',#835,.F.);
#835 = EDGE_LOOP('',(#836,#844,#850,#851,#852,#860,#868,#876,#884,#890)
  );
#836 = ORIENTED_EDGE('',*,*,#837,.F.);
#837 = EDGE_CURVE('',#838,#184,#840,.T.);
#838 = VERTEX_POINT('',#839);
#839 = CARTESIAN_POINT('',(178.5,133.5,16.6));
#840 = LINE('',#841,#842);
#841 = CARTESIAN_POINT('',(178.5,77.25,-28.775));
#842 = VECTOR('',#843,1.);
#843 = DIRECTION('',(0.,-0.778331241018,-0.627853867755));
#844 = ORIENTED_EDGE('',*,*,#845,.F.);
#845 = EDGE_CURVE('',#281,#838,#846,.T.);
#846 = LINE('',#847,#848);
#847 = CARTESIAN_POINT('',(178.5,58.5,16.6));
#848 = VECTOR('',#849,1.);
#849 = DIRECTION('',(0.,1.,-2.2E-16));
#850 = ORIENTED_EDGE('',*,*,#288,.F.);
#851 = ORIENTED_EDGE('',*,*,#784,.F.);
#852 = ORIENTED_EDGE('',*,*,#853,.T.);
#853 = EDGE_CURVE('',#777,#854,#856,.T.);
#854 = VERTEX_POINT('',#855);
#855 = CARTESIAN_POINT('',(178.5,63.,6.516666666667));
#856 = LINE('',#857,#858);
#857 = CARTESIAN_POINT('',(178.5,63.,-21.19166666666));
#858 = VECTOR('',#859,1.);
#859 = DIRECTION('',(0.,0.,1.));
#860 = ORIENTED_EDGE('',*,*,#861,.T.);
#861 = EDGE_CURVE('',#854,#862,#864,.T.);
#862 = VERTEX_POINT('',#863);
#863 = CARTESIAN_POINT('',(178.5,88.,-13.65));
#864 = LINE('',#865,#866);
#865 = CARTESIAN_POINT('',(178.5,73.955716055033,-2.320944284394));
#866 = VECTOR('',#867,1.);
#867 = DIRECTION('',(0.,0.778331241018,-0.627853867755));
#868 = ORIENTED_EDGE('',*,*,#869,.T.);
#869 = EDGE_CURVE('',#862,#870,#872,.T.);
#870 = VERTEX_POINT('',#871);
#871 = CARTESIAN_POINT('',(178.5,63.,-33.81666666666));
#872 = LINE('',#873,#874);
#873 = CARTESIAN_POINT('',(178.5,71.673198082981,-26.82028687972));
#874 = VECTOR('',#875,1.);
#875 = DIRECTION('',(0.,-0.778331241018,-0.627853867755));
#876 = ORIENTED_EDGE('',*,*,#877,.T.);
#877 = EDGE_CURVE('',#870,#878,#880,.T.);
#878 = VERTEX_POINT('',#879);
#879 = CARTESIAN_POINT('',(178.5,63.,-25.81666666666));
#880 = LINE('',#881,#882);
#881 = CARTESIAN_POINT('',(178.5,63.,-38.85833333333));
#882 = VECTOR('',#883,1.);
#883 = DIRECTION('',(0.,0.,1.));
#884 = ORIENTED_EDGE('',*,*,#885,.F.);
#885 = EDGE_CURVE('',#176,#878,#886,.T.);
#886 = LINE('',#887,#888);
#887 = CARTESIAN_POINT('',(178.5,64.102656512942,-27.72652377038));
#888 = VECTOR('',#889,1.);
#889 = DIRECTION('',(0.,0.5,-0.866025403784));
#890 = ORIENTED_EDGE('',*,*,#183,.F.);
#891 = FACE_BOUND('',#892,.F.);
#892 = EDGE_LOOP('',(#893,#903,#911));
#893 = ORIENTED_EDGE('',*,*,#894,.F.);
#894 = EDGE_CURVE('',#895,#897,#899,.T.);
#895 = VERTEX_POINT('',#896);
#896 = CARTESIAN_POINT('',(178.5,120.48347107438,12.1));
#897 = VERTEX_POINT('',#898);
#898 = CARTESIAN_POINT('',(178.5,71.51652892562,12.1));
#899 = LINE('',#900,#901);
#900 = CARTESIAN_POINT('',(178.5,89.49173553719,12.1));
#901 = VECTOR('',#902,1.);
#902 = DIRECTION('',(0.,-1.,0.));
#903 = ORIENTED_EDGE('',*,*,#904,.T.);
#904 = EDGE_CURVE('',#895,#905,#907,.T.);
#905 = VERTEX_POINT('',#906);
#906 = CARTESIAN_POINT('',(178.5,96.,-7.65));
#907 = LINE('',#908,#909);
#908 = CARTESIAN_POINT('',(178.5,88.025700696986,-14.08260143776));
#909 = VECTOR('',#910,1.);
#910 = DIRECTION('',(0.,-0.778331241018,-0.627853867755));
#911 = ORIENTED_EDGE('',*,*,#912,.T.);
#912 = EDGE_CURVE('',#905,#897,#913,.T.);
#913 = LINE('',#914,#915);
#914 = CARTESIAN_POINT('',(178.5,93.498552812256,-5.63216593522));
#915 = VECTOR('',#916,1.);
#916 = DIRECTION('',(0.,-0.778331241018,0.627853867755));
#917 = PLANE('',#918);
#918 = AXIS2_PLACEMENT_3D('',#919,#920,#921);
#919 = CARTESIAN_POINT('',(178.5,58.5,-43.9));
#920 = DIRECTION('',(1.,0.,0.));
#921 = DIRECTION('',(0.,2.2E-16,1.));
#922 = ADVANCED_FACE('',(#923,#941,#967,#993,#1019),#1045,.F.);
#923 = FACE_BOUND('',#924,.F.);
#924 = EDGE_LOOP('',(#925,#926,#927,#935));
#925 = ORIENTED_EDGE('',*,*,#280,.F.);
#926 = ORIENTED_EDGE('',*,*,#845,.T.);
#927 = ORIENTED_EDGE('',*,*,#928,.T.);
#928 = EDGE_CURVE('',#838,#929,#931,.T.);
#929 = VERTEX_POINT('',#930);
#930 = CARTESIAN_POINT('',(151.5,133.5,16.6));
#931 = LINE('',#932,#933);
#932 = CARTESIAN_POINT('',(207.,133.5,16.6));
#933 = VECTOR('',#934,1.);
#934 = DIRECTION('',(-1.,0.,0.));
#935 = ORIENTED_EDGE('',*,*,#936,.F.);
#936 = EDGE_CURVE('',#273,#929,#937,.T.);
#937 = LINE('',#938,#939);
#938 = CARTESIAN_POINT('',(151.5,58.5,16.6));
#939 = VECTOR('',#940,1.);
#940 = DIRECTION('',(0.,1.,-2.2E-16));
#941 = FACE_BOUND('',#942,.F.);
#942 = EDGE_LOOP('',(#943,#953,#961));
#943 = ORIENTED_EDGE('',*,*,#944,.F.);
#944 = EDGE_CURVE('',#945,#947,#949,.T.);
#945 = VERTEX_POINT('',#946);
#946 = CARTESIAN_POINT('',(155.5,126.5,16.6));
#947 = VERTEX_POINT('',#948);
#948 = CARTESIAN_POINT('',(165.,103.56497115745,16.6));
#949 = LINE('',#950,#951);
#950 = CARTESIAN_POINT('',(155.5,126.5,16.6));
#951 = VECTOR('',#952,1.);
#952 = DIRECTION('',(0.382683432365,-0.923879532511,0.));
#953 = ORIENTED_EDGE('',*,*,#954,.T.);
#954 = EDGE_CURVE('',#945,#955,#957,.T.);
#955 = VERTEX_POINT('',#956);
#956 = CARTESIAN_POINT('',(174.5,126.5,16.6));
#957 = LINE('',#958,#959);
#958 = CARTESIAN_POINT('',(155.5,126.5,16.6));
#959 = VECTOR('',#960,1.);
#960 = DIRECTION('',(1.,0.,0.));
#961 = ORIENTED_EDGE('',*,*,#962,.T.);
#962 = EDGE_CURVE('',#955,#947,#963,.T.);
#963 = LINE('',#964,#965);
#964 = CARTESIAN_POINT('',(174.5,126.5,16.6));
#965 = VECTOR('',#966,1.);
#966 = DIRECTION('',(-0.382683432365,-0.923879532511,0.));
#967 = FACE_BOUND('',#968,.F.);
#968 = EDGE_LOOP('',(#969,#979,#987));
#969 = ORIENTED_EDGE('',*,*,#970,.F.);
#970 = EDGE_CURVE('',#971,#973,#975,.T.);
#971 = VERTEX_POINT('',#972);
#972 = CARTESIAN_POINT('',(174.5,115.5,16.6));
#973 = VERTEX_POINT('',#974);
#974 = CARTESIAN_POINT('',(167.,94.,16.6));
#975 = LINE('',#976,#977);
#976 = CARTESIAN_POINT('',(174.5,115.5,16.6));
#977 = VECTOR('',#978,1.);
#978 = DIRECTION('',(-0.329372156318,-0.944200181446,0.));
#979 = ORIENTED_EDGE('',*,*,#980,.F.);
#980 = EDGE_CURVE('',#981,#971,#983,.T.);
#981 = VERTEX_POINT('',#982);
#982 = CARTESIAN_POINT('',(174.5,72.5,16.6));
#983 = LINE('',#984,#985);
#984 = CARTESIAN_POINT('',(174.5,72.5,16.6));
#985 = VECTOR('',#986,1.);
#986 = DIRECTION('',(0.,1.,0.));
#987 = ORIENTED_EDGE('',*,*,#988,.T.);
#988 = EDGE_CURVE('',#981,#973,#989,.T.);
#989 = LINE('',#990,#991);
#990 = CARTESIAN_POINT('',(174.5,72.5,16.6));
#991 = VECTOR('',#992,1.);
#992 = DIRECTION('',(-0.329372156318,0.944200181446,-0.));
#993 = FACE_BOUND('',#994,.F.);
#994 = EDGE_LOOP('',(#995,#1005,#1013));
#995 = ORIENTED_EDGE('',*,*,#996,.F.);
#996 = EDGE_CURVE('',#997,#999,#1001,.T.);
#997 = VERTEX_POINT('',#998);
#998 = CARTESIAN_POINT('',(155.5,72.5,16.6));
#999 = VERTEX_POINT('',#1000);
#1000 = CARTESIAN_POINT('',(163.,94.,16.6));
#1001 = LINE('',#1002,#1003);
#1002 = CARTESIAN_POINT('',(155.5,72.5,16.6));
#1003 = VECTOR('',#1004,1.);
#1004 = DIRECTION('',(0.329372156318,0.944200181446,0.));
#1005 = ORIENTED_EDGE('',*,*,#1006,.T.);
#1006 = EDGE_CURVE('',#997,#1007,#1009,.T.);
#1007 = VERTEX_POINT('',#1008);
#1008 = CARTESIAN_POINT('',(155.5,115.5,16.6));
#1009 = LINE('',#1010,#1011);
#1010 = CARTESIAN_POINT('',(155.5,72.5,16.6));
#1011 = VECTOR('',#1012,1.);
#1012 = DIRECTION('',(0.,1.,0.));
#1013 = ORIENTED_EDGE('',*,*,#1014,.T.);
#1014 = EDGE_CURVE('',#1007,#999,#1015,.T.);
#1015 = LINE('',#1016,#1017);
#1016 = CARTESIAN_POINT('',(155.5,115.5,16.6));
#1017 = VECTOR('',#1018,1.);
#1018 = DIRECTION('',(0.329372156318,-0.944200181446,0.));
#1019 = FACE_BOUND('',#1020,.F.);
#1020 = EDGE_LOOP('',(#1021,#1031,#1039));
#1021 = ORIENTED_EDGE('',*,*,#1022,.F.);
#1022 = EDGE_CURVE('',#1023,#1025,#1027,.T.);
#1023 = VERTEX_POINT('',#1024);
#1024 = CARTESIAN_POINT('',(155.5,61.5,16.6));
#1025 = VERTEX_POINT('',#1026);
#1026 = CARTESIAN_POINT('',(174.5,61.5,16.6));
#1027 = LINE('',#1028,#1029);
#1028 = CARTESIAN_POINT('',(155.5,61.5,16.6));
#1029 = VECTOR('',#1030,1.);
#1030 = DIRECTION('',(1.,-7.85E-15,0.));
#1031 = ORIENTED_EDGE('',*,*,#1032,.T.);
#1032 = EDGE_CURVE('',#1023,#1033,#1035,.T.);
#1033 = VERTEX_POINT('',#1034);
#1034 = CARTESIAN_POINT('',(165.,84.435028842544,16.6));
#1035 = LINE('',#1036,#1037);
#1036 = CARTESIAN_POINT('',(155.5,61.5,16.6));
#1037 = VECTOR('',#1038,1.);
#1038 = DIRECTION('',(0.382683432365,0.923879532511,0.));
#1039 = ORIENTED_EDGE('',*,*,#1040,.F.);
#1040 = EDGE_CURVE('',#1025,#1033,#1041,.T.);
#1041 = LINE('',#1042,#1043);
#1042 = CARTESIAN_POINT('',(174.5,61.5,16.6));
#1043 = VECTOR('',#1044,1.);
#1044 = DIRECTION('',(-0.382683432365,0.923879532511,-0.));
#1045 = PLANE('',#1046);
#1046 = AXIS2_PLACEMENT_3D('',#1047,#1048,#1049);
#1047 = CARTESIAN_POINT('',(207.,58.5,16.6));
#1048 = DIRECTION('',(0.,2.2E-16,1.));
#1049 = DIRECTION('',(-1.,0.,0.));
#1050 = ADVANCED_FACE('',(#1051),#1062,.F.);
#1051 = FACE_BOUND('',#1052,.F.);
#1052 = EDGE_LOOP('',(#1053,#1054,#1055,#1056));
#1053 = ORIENTED_EDGE('',*,*,#669,.F.);
#1054 = ORIENTED_EDGE('',*,*,#175,.T.);
#1055 = ORIENTED_EDGE('',*,*,#885,.T.);
#1056 = ORIENTED_EDGE('',*,*,#1057,.F.);
#1057 = EDGE_CURVE('',#670,#878,#1058,.T.);
#1058 = LINE('',#1059,#1060);
#1059 = CARTESIAN_POINT('',(186.,63.,-25.81666666666));
#1060 = VECTOR('',#1061,1.);
#1061 = DIRECTION('',(-1.,-0.,-0.));
#1062 = PLANE('',#1063);
#1063 = AXIS2_PLACEMENT_3D('',#1064,#1065,#1066);
#1064 = CARTESIAN_POINT('',(186.,58.5,-18.02243803261));
#1065 = DIRECTION('',(0.,-0.866025403784,-0.5));
#1066 = DIRECTION('',(0.,0.5,-0.866025403784));
#1067 = ADVANCED_FACE('',(#1068,#1125),#1151,.F.);
#1068 = FACE_BOUND('',#1069,.F.);
#1069 = EDGE_LOOP('',(#1070,#1071,#1077,#1078,#1086,#1094,#1102,#1110,
    #1118,#1124));
#1070 = ORIENTED_EDGE('',*,*,#936,.T.);
#1071 = ORIENTED_EDGE('',*,*,#1072,.T.);
#1072 = EDGE_CURVE('',#929,#192,#1073,.T.);
#1073 = LINE('',#1074,#1075);
#1074 = CARTESIAN_POINT('',(151.5,92.032517972052,-16.85043550254));
#1075 = VECTOR('',#1076,1.);
#1076 = DIRECTION('',(-0.,-0.778331241018,-0.627853867755));
#1077 = ORIENTED_EDGE('',*,*,#199,.F.);
#1078 = ORIENTED_EDGE('',*,*,#1079,.F.);
#1079 = EDGE_CURVE('',#1080,#200,#1082,.T.);
#1080 = VERTEX_POINT('',#1081);
#1081 = CARTESIAN_POINT('',(151.5,63.,-25.81666666666));
#1082 = LINE('',#1083,#1084);
#1083 = CARTESIAN_POINT('',(151.5,51.004022280701,-5.039023770383));
#1084 = VECTOR('',#1085,1.);
#1085 = DIRECTION('',(0.,-0.5,0.866025403784));
#1086 = ORIENTED_EDGE('',*,*,#1087,.T.);
#1087 = EDGE_CURVE('',#1080,#1088,#1090,.T.);
#1088 = VERTEX_POINT('',#1089);
#1089 = CARTESIAN_POINT('',(151.5,63.,-33.81666666666));
#1090 = LINE('',#1091,#1092);
#1091 = CARTESIAN_POINT('',(151.5,63.,-8.608333333334));
#1092 = VECTOR('',#1093,1.);
#1093 = DIRECTION('',(0.,0.,-1.));
#1094 = ORIENTED_EDGE('',*,*,#1095,.T.);
#1095 = EDGE_CURVE('',#1088,#1096,#1098,.T.);
#1096 = VERTEX_POINT('',#1097);
#1097 = CARTESIAN_POINT('',(151.5,88.,-13.65));
#1098 = LINE('',#1099,#1100);
#1099 = CARTESIAN_POINT('',(151.5,86.455716055034,-14.89572238227));
#1100 = VECTOR('',#1101,1.);
#1101 = DIRECTION('',(0.,0.778331241018,0.627853867755));
#1102 = ORIENTED_EDGE('',*,*,#1103,.T.);
#1103 = EDGE_CURVE('',#1096,#1104,#1106,.T.);
#1104 = VERTEX_POINT('',#1105);
#1105 = CARTESIAN_POINT('',(151.5,63.,6.516666666667));
#1106 = LINE('',#1107,#1108);
#1107 = CARTESIAN_POINT('',(151.5,59.173198082981,9.603620213062));
#1108 = VECTOR('',#1109,1.);
#1109 = DIRECTION('',(0.,-0.778331241018,0.627853867755));
#1110 = ORIENTED_EDGE('',*,*,#1111,.T.);
#1111 = EDGE_CURVE('',#1104,#1112,#1114,.T.);
#1112 = VERTEX_POINT('',#1113);
#1113 = CARTESIAN_POINT('',(151.5,63.,1.516666666667));
#1114 = LINE('',#1115,#1116);
#1115 = CARTESIAN_POINT('',(151.5,63.,9.058333333333));
#1116 = VECTOR('',#1117,1.);
#1117 = DIRECTION('',(0.,0.,-1.));
#1118 = ORIENTED_EDGE('',*,*,#1119,.F.);
#1119 = EDGE_CURVE('',#265,#1112,#1120,.T.);
#1120 = LINE('',#1121,#1122);
#1121 = CARTESIAN_POINT('',(151.5,65.703137460109,6.198638087386));
#1122 = VECTOR('',#1123,1.);
#1123 = DIRECTION('',(0.,0.500000000003,0.866025403783));
#1124 = ORIENTED_EDGE('',*,*,#272,.F.);
#1125 = FACE_BOUND('',#1126,.F.);
#1126 = EDGE_LOOP('',(#1127,#1137,#1145));
#1127 = ORIENTED_EDGE('',*,*,#1128,.F.);
#1128 = EDGE_CURVE('',#1129,#1131,#1133,.T.);
#1129 = VERTEX_POINT('',#1130);
#1130 = CARTESIAN_POINT('',(151.5,71.51652892562,12.1));
#1131 = VERTEX_POINT('',#1132);
#1132 = CARTESIAN_POINT('',(151.5,120.48347107438,12.1));
#1133 = LINE('',#1134,#1135);
#1134 = CARTESIAN_POINT('',(151.5,89.49173553719,12.1));
#1135 = VECTOR('',#1136,1.);
#1136 = DIRECTION('',(0.,1.,0.));
#1137 = ORIENTED_EDGE('',*,*,#1138,.T.);
#1138 = EDGE_CURVE('',#1129,#1139,#1141,.T.);
#1139 = VERTEX_POINT('',#1140);
#1140 = CARTESIAN_POINT('',(151.5,96.,-7.65));
#1141 = LINE('',#1142,#1143);
#1142 = CARTESIAN_POINT('',(151.5,78.716034840203,6.292398562236));
#1143 = VECTOR('',#1144,1.);
#1144 = DIRECTION('',(0.,0.778331241018,-0.627853867755));
#1145 = ORIENTED_EDGE('',*,*,#1146,.T.);
#1146 = EDGE_CURVE('',#1139,#1131,#1147,.T.);
#1147 = LINE('',#1148,#1149);
#1148 = CARTESIAN_POINT('',(151.5,102.80821866903,-2.158036940308));
#1149 = VECTOR('',#1150,1.);
#1150 = DIRECTION('',(0.,0.778331241018,0.627853867755));
#1151 = PLANE('',#1152);
#1152 = AXIS2_PLACEMENT_3D('',#1153,#1154,#1155);
#1153 = CARTESIAN_POINT('',(151.5,58.5,16.6));
#1154 = DIRECTION('',(-1.,0.,0.));
#1155 = DIRECTION('',(-0.,-2.2E-16,-1.));
#1156 = ADVANCED_FACE('',(#1157),#1175,.F.);
#1157 = FACE_BOUND('',#1158,.F.);
#1158 = EDGE_LOOP('',(#1159,#1160,#1168,#1174));
#1159 = ORIENTED_EDGE('',*,*,#1119,.T.);
#1160 = ORIENTED_EDGE('',*,*,#1161,.T.);
#1161 = EDGE_CURVE('',#1112,#1162,#1164,.T.);
#1162 = VERTEX_POINT('',#1163);
#1163 = CARTESIAN_POINT('',(144.,63.,1.516666666667));
#1164 = LINE('',#1165,#1166);
#1165 = CARTESIAN_POINT('',(186.,63.,1.516666666667));
#1166 = VECTOR('',#1167,1.);
#1167 = DIRECTION('',(-1.,-0.,-0.));
#1168 = ORIENTED_EDGE('',*,*,#1169,.T.);
#1169 = EDGE_CURVE('',#1162,#257,#1170,.T.);
#1170 = LINE('',#1171,#1172);
#1171 = CARTESIAN_POINT('',(144.,52.604503227824,-16.48886191253));
#1172 = VECTOR('',#1173,1.);
#1173 = DIRECTION('',(0.,-0.500000000003,-0.866025403783));
#1174 = ORIENTED_EDGE('',*,*,#264,.F.);
#1175 = PLANE('',#1176);
#1176 = AXIS2_PLACEMENT_3D('',#1177,#1178,#1179);
#1177 = CARTESIAN_POINT('',(186.,63.,1.516666666667));
#1178 = DIRECTION('',(0.,-0.866025403783,0.500000000003));
#1179 = DIRECTION('',(0.,-0.500000000003,-0.866025403783));
#1180 = ADVANCED_FACE('',(#1181,#1238),#1264,.F.);
#1181 = FACE_BOUND('',#1182,.F.);
#1182 = EDGE_LOOP('',(#1183,#1191,#1197,#1198,#1199,#1207,#1215,#1223,
    #1231,#1237));
#1183 = ORIENTED_EDGE('',*,*,#1184,.F.);
#1184 = EDGE_CURVE('',#1185,#216,#1187,.T.);
#1185 = VERTEX_POINT('',#1186);
#1186 = CARTESIAN_POINT('',(144.,133.5,16.6));
#1187 = LINE('',#1188,#1189);
#1188 = CARTESIAN_POINT('',(144.,77.25,-28.775));
#1189 = VECTOR('',#1190,1.);
#1190 = DIRECTION('',(0.,-0.778331241018,-0.627853867755));
#1191 = ORIENTED_EDGE('',*,*,#1192,.F.);
#1192 = EDGE_CURVE('',#249,#1185,#1193,.T.);
#1193 = LINE('',#1194,#1195);
#1194 = CARTESIAN_POINT('',(144.,58.5,16.6));
#1195 = VECTOR('',#1196,1.);
#1196 = DIRECTION('',(0.,1.,-2.2E-16));
#1197 = ORIENTED_EDGE('',*,*,#256,.F.);
#1198 = ORIENTED_EDGE('',*,*,#1169,.F.);
#1199 = ORIENTED_EDGE('',*,*,#1200,.T.);
#1200 = EDGE_CURVE('',#1162,#1201,#1203,.T.);
#1201 = VERTEX_POINT('',#1202);
#1202 = CARTESIAN_POINT('',(144.,63.,6.516666666667));
#1203 = LINE('',#1204,#1205);
#1204 = CARTESIAN_POINT('',(144.,63.,-21.19166666666));
#1205 = VECTOR('',#1206,1.);
#1206 = DIRECTION('',(0.,0.,1.));
#1207 = ORIENTED_EDGE('',*,*,#1208,.T.);
#1208 = EDGE_CURVE('',#1201,#1209,#1211,.T.);
#1209 = VERTEX_POINT('',#1210);
#1210 = CARTESIAN_POINT('',(144.,88.,-13.65));
#1211 = LINE('',#1212,#1213);
#1212 = CARTESIAN_POINT('',(144.,73.955716055033,-2.320944284394));
#1213 = VECTOR('',#1214,1.);
#1214 = DIRECTION('',(0.,0.778331241018,-0.627853867755));
#1215 = ORIENTED_EDGE('',*,*,#1216,.T.);
#1216 = EDGE_CURVE('',#1209,#1217,#1219,.T.);
#1217 = VERTEX_POINT('',#1218);
#1218 = CARTESIAN_POINT('',(144.,63.,-33.81666666666));
#1219 = LINE('',#1220,#1221);
#1220 = CARTESIAN_POINT('',(144.,71.673198082981,-26.82028687972));
#1221 = VECTOR('',#1222,1.);
#1222 = DIRECTION('',(0.,-0.778331241018,-0.627853867755));
#1223 = ORIENTED_EDGE('',*,*,#1224,.T.);
#1224 = EDGE_CURVE('',#1217,#1225,#1227,.T.);
#1225 = VERTEX_POINT('',#1226);
#1226 = CARTESIAN_POINT('',(144.,63.,-25.81666666666));
#1227 = LINE('',#1228,#1229);
#1228 = CARTESIAN_POINT('',(144.,63.,-38.85833333333));
#1229 = VECTOR('',#1230,1.);
#1230 = DIRECTION('',(0.,0.,1.));
#1231 = ORIENTED_EDGE('',*,*,#1232,.F.);
#1232 = EDGE_CURVE('',#208,#1225,#1233,.T.);
#1233 = LINE('',#1234,#1235);
#1234 = CARTESIAN_POINT('',(144.,64.102656512942,-27.72652377038));
#1235 = VECTOR('',#1236,1.);
#1236 = DIRECTION('',(0.,0.5,-0.866025403784));
#1237 = ORIENTED_EDGE('',*,*,#215,.F.);
#1238 = FACE_BOUND('',#1239,.F.);
#1239 = EDGE_LOOP('',(#1240,#1250,#1258));
#1240 = ORIENTED_EDGE('',*,*,#1241,.F.);
#1241 = EDGE_CURVE('',#1242,#1244,#1246,.T.);
#1242 = VERTEX_POINT('',#1243);
#1243 = CARTESIAN_POINT('',(144.,120.48347107438,12.1));
#1244 = VERTEX_POINT('',#1245);
#1245 = CARTESIAN_POINT('',(144.,71.51652892562,12.1));
#1246 = LINE('',#1247,#1248);
#1247 = CARTESIAN_POINT('',(144.,89.49173553719,12.1));
#1248 = VECTOR('',#1249,1.);
#1249 = DIRECTION('',(0.,-1.,0.));
#1250 = ORIENTED_EDGE('',*,*,#1251,.T.);
#1251 = EDGE_CURVE('',#1242,#1252,#1254,.T.);
#1252 = VERTEX_POINT('',#1253);
#1253 = CARTESIAN_POINT('',(144.,96.,-7.65));
#1254 = LINE('',#1255,#1256);
#1255 = CARTESIAN_POINT('',(144.,88.025700696986,-14.08260143776));
#1256 = VECTOR('',#1257,1.);
#1257 = DIRECTION('',(0.,-0.778331241018,-0.627853867755));
#1258 = ORIENTED_EDGE('',*,*,#1259,.T.);
#1259 = EDGE_CURVE('',#1252,#1244,#1260,.T.);
#1260 = LINE('',#1261,#1262);
#1261 = CARTESIAN_POINT('',(144.,93.498552812256,-5.63216593522));
#1262 = VECTOR('',#1263,1.);
#1263 = DIRECTION('',(0.,-0.778331241018,0.627853867755));
#1264 = PLANE('',#1265);
#1265 = AXIS2_PLACEMENT_3D('',#1266,#1267,#1268);
#1266 = CARTESIAN_POINT('',(144.,58.5,-43.9));
#1267 = DIRECTION('',(1.,0.,0.));
#1268 = DIRECTION('',(0.,2.2E-16,1.));
#1269 = ADVANCED_FACE('',(#1270,#1297,#1323,#1334,#1360,#1386),#1397,.F.
  );
#1270 = FACE_BOUND('',#1271,.F.);
#1271 = EDGE_LOOP('',(#1272,#1273,#1274,#1282,#1291));
#1272 = ORIENTED_EDGE('',*,*,#248,.F.);
#1273 = ORIENTED_EDGE('',*,*,#1192,.T.);
#1274 = ORIENTED_EDGE('',*,*,#1275,.T.);
#1275 = EDGE_CURVE('',#1185,#1276,#1278,.T.);
#1276 = VERTEX_POINT('',#1277);
#1277 = CARTESIAN_POINT('',(127.,133.5,16.6));
#1278 = LINE('',#1279,#1280);
#1279 = CARTESIAN_POINT('',(207.,133.5,16.6));
#1280 = VECTOR('',#1281,1.);
#1281 = DIRECTION('',(-1.,0.,0.));
#1282 = ORIENTED_EDGE('',*,*,#1283,.T.);
#1283 = EDGE_CURVE('',#1276,#1284,#1286,.T.);
#1284 = VERTEX_POINT('',#1285);
#1285 = CARTESIAN_POINT('',(123.,129.5,16.6));
#1286 = CIRCLE('',#1287,4.);
#1287 = AXIS2_PLACEMENT_3D('',#1288,#1289,#1290);
#1288 = CARTESIAN_POINT('',(127.,129.5,16.6));
#1289 = DIRECTION('',(-0.,2.2E-16,1.));
#1290 = DIRECTION('',(0.,-1.,2.2E-16));
#1291 = ORIENTED_EDGE('',*,*,#1292,.F.);
#1292 = EDGE_CURVE('',#241,#1284,#1293,.T.);
#1293 = LINE('',#1294,#1295);
#1294 = CARTESIAN_POINT('',(123.,58.5,16.6));
#1295 = VECTOR('',#1296,1.);
#1296 = DIRECTION('',(0.,1.,-2.2E-16));
#1297 = FACE_BOUND('',#1298,.F.);
#1298 = EDGE_LOOP('',(#1299,#1309,#1317));
#1299 = ORIENTED_EDGE('',*,*,#1300,.F.);
#1300 = EDGE_CURVE('',#1301,#1303,#1305,.T.);
#1301 = VERTEX_POINT('',#1302);
#1302 = CARTESIAN_POINT('',(141.,116.3,16.6));
#1303 = VERTEX_POINT('',#1304);
#1304 = CARTESIAN_POINT('',(126.,107.63974596215,16.6));
#1305 = LINE('',#1306,#1307);
#1306 = CARTESIAN_POINT('',(141.,116.3,16.6));
#1307 = VECTOR('',#1308,1.);
#1308 = DIRECTION('',(-0.866025403784,-0.5,0.));
#1309 = ORIENTED_EDGE('',*,*,#1310,.T.);
#1310 = EDGE_CURVE('',#1301,#1311,#1313,.T.);
#1311 = VERTEX_POINT('',#1312);
#1312 = CARTESIAN_POINT('',(141.,98.979491924311,16.6));
#1313 = LINE('',#1314,#1315);
#1314 = CARTESIAN_POINT('',(141.,116.3,16.6));
#1315 = VECTOR('',#1316,1.);
#1316 = DIRECTION('',(4.92E-15,-1.,0.));
#1317 = ORIENTED_EDGE('',*,*,#1318,.T.);
#1318 = EDGE_CURVE('',#1311,#1303,#1319,.T.);
#1319 = LINE('',#1320,#1321);
#1320 = CARTESIAN_POINT('',(141.,98.979491924311,16.6));
#1321 = VECTOR('',#1322,1.);
#1322 = DIRECTION('',(-0.866025403784,0.5,-0.));
#1323 = FACE_BOUND('',#1324,.F.);
#1324 = EDGE_LOOP('',(#1325));
#1325 = ORIENTED_EDGE('',*,*,#1326,.F.);
#1326 = EDGE_CURVE('',#1327,#1327,#1329,.T.);
#1327 = VERTEX_POINT('',#1328);
#1328 = CARTESIAN_POINT('',(133.2,125.9,16.6));
#1329 = CIRCLE('',#1330,2.6);
#1330 = AXIS2_PLACEMENT_3D('',#1331,#1332,#1333);
#1331 = CARTESIAN_POINT('',(130.6,125.9,16.6));
#1332 = DIRECTION('',(0.,0.,1.));
#1333 = DIRECTION('',(1.,0.,0.));
#1334 = FACE_BOUND('',#1335,.F.);
#1335 = EDGE_LOOP('',(#1336,#1346,#1354));
#1336 = ORIENTED_EDGE('',*,*,#1337,.T.);
#1337 = EDGE_CURVE('',#1338,#1340,#1342,.T.);
#1338 = VERTEX_POINT('',#1339);
#1339 = CARTESIAN_POINT('',(126.,102.66025403784,16.6));
#1340 = VERTEX_POINT('',#1341);
#1341 = CARTESIAN_POINT('',(141.,94.,16.6));
#1342 = LINE('',#1343,#1344);
#1343 = CARTESIAN_POINT('',(126.,102.66025403784,16.6));
#1344 = VECTOR('',#1345,1.);
#1345 = DIRECTION('',(0.866025403784,-0.5,0.));
#1346 = ORIENTED_EDGE('',*,*,#1347,.T.);
#1347 = EDGE_CURVE('',#1340,#1348,#1350,.T.);
#1348 = VERTEX_POINT('',#1349);
#1349 = CARTESIAN_POINT('',(126.,85.339745962156,16.6));
#1350 = LINE('',#1351,#1352);
#1351 = CARTESIAN_POINT('',(141.,94.,16.6));
#1352 = VECTOR('',#1353,1.);
#1353 = DIRECTION('',(-0.866025403784,-0.5,0.));
#1354 = ORIENTED_EDGE('',*,*,#1355,.T.);
#1355 = EDGE_CURVE('',#1348,#1338,#1356,.T.);
#1356 = LINE('',#1357,#1358);
#1357 = CARTESIAN_POINT('',(126.,85.339745962156,16.6));
#1358 = VECTOR('',#1359,1.);
#1359 = DIRECTION('',(-3.528E-14,1.,-0.));
#1360 = FACE_BOUND('',#1361,.F.);
#1361 = EDGE_LOOP('',(#1362,#1372,#1380));
#1362 = ORIENTED_EDGE('',*,*,#1363,.F.);
#1363 = EDGE_CURVE('',#1364,#1366,#1368,.T.);
#1364 = VERTEX_POINT('',#1365);
#1365 = CARTESIAN_POINT('',(141.,71.7,16.6));
#1366 = VERTEX_POINT('',#1367);
#1367 = CARTESIAN_POINT('',(141.,89.020508075688,16.6));
#1368 = LINE('',#1369,#1370);
#1369 = CARTESIAN_POINT('',(141.,71.7,16.6));
#1370 = VECTOR('',#1371,1.);
#1371 = DIRECTION('',(1.64E-15,1.,0.));
#1372 = ORIENTED_EDGE('',*,*,#1373,.T.);
#1373 = EDGE_CURVE('',#1364,#1374,#1376,.T.);
#1374 = VERTEX_POINT('',#1375);
#1375 = CARTESIAN_POINT('',(126.,80.360254037844,16.6));
#1376 = LINE('',#1377,#1378);
#1377 = CARTESIAN_POINT('',(141.,71.7,16.6));
#1378 = VECTOR('',#1379,1.);
#1379 = DIRECTION('',(-0.866025403784,0.5,-0.));
#1380 = ORIENTED_EDGE('',*,*,#1381,.F.);
#1381 = EDGE_CURVE('',#1366,#1374,#1382,.T.);
#1382 = LINE('',#1383,#1384);
#1383 = CARTESIAN_POINT('',(141.,89.020508075688,16.6));
#1384 = VECTOR('',#1385,1.);
#1385 = DIRECTION('',(-0.866025403784,-0.5,0.));
#1386 = FACE_BOUND('',#1387,.F.);
#1387 = EDGE_LOOP('',(#1388));
#1388 = ORIENTED_EDGE('',*,*,#1389,.F.);
#1389 = EDGE_CURVE('',#1390,#1390,#1392,.T.);
#1390 = VERTEX_POINT('',#1391);
#1391 = CARTESIAN_POINT('',(133.2,66.1,16.6));
#1392 = CIRCLE('',#1393,2.6);
#1393 = AXIS2_PLACEMENT_3D('',#1394,#1395,#1396);
#1394 = CARTESIAN_POINT('',(130.6,66.1,16.6));
#1395 = DIRECTION('',(0.,0.,1.));
#1396 = DIRECTION('',(1.,0.,0.));
#1397 = PLANE('',#1398);
#1398 = AXIS2_PLACEMENT_3D('',#1399,#1400,#1401);
#1399 = CARTESIAN_POINT('',(207.,58.5,16.6));
#1400 = DIRECTION('',(0.,2.2E-16,1.));
#1401 = DIRECTION('',(-1.,0.,0.));
#1402 = ADVANCED_FACE('',(#1403),#1414,.F.);
#1403 = FACE_BOUND('',#1404,.F.);
#1404 = EDGE_LOOP('',(#1405,#1406,#1407,#1408));
#1405 = ORIENTED_EDGE('',*,*,#1079,.T.);
#1406 = ORIENTED_EDGE('',*,*,#207,.T.);
#1407 = ORIENTED_EDGE('',*,*,#1232,.T.);
#1408 = ORIENTED_EDGE('',*,*,#1409,.F.);
#1409 = EDGE_CURVE('',#1080,#1225,#1410,.T.);
#1410 = LINE('',#1411,#1412);
#1411 = CARTESIAN_POINT('',(186.,63.,-25.81666666666));
#1412 = VECTOR('',#1413,1.);
#1413 = DIRECTION('',(-1.,-0.,-0.));
#1414 = PLANE('',#1415);
#1415 = AXIS2_PLACEMENT_3D('',#1416,#1417,#1418);
#1416 = CARTESIAN_POINT('',(186.,58.5,-18.02243803261));
#1417 = DIRECTION('',(0.,-0.866025403784,-0.5));
#1418 = DIRECTION('',(0.,0.5,-0.866025403784));
#1419 = ADVANCED_FACE('',(#1420),#1454,.T.);
#1420 = FACE_BOUND('',#1421,.T.);
#1421 = EDGE_LOOP('',(#1422,#1430,#1431,#1432,#1440,#1448));
#1422 = ORIENTED_EDGE('',*,*,#1423,.F.);
#1423 = EDGE_CURVE('',#1284,#1424,#1426,.T.);
#1424 = VERTEX_POINT('',#1425);
#1425 = CARTESIAN_POINT('',(123.,129.5,20.1));
#1426 = LINE('',#1427,#1428);
#1427 = CARTESIAN_POINT('',(123.,129.5,16.6));
#1428 = VECTOR('',#1429,1.);
#1429 = DIRECTION('',(0.,2.2E-16,1.));
#1430 = ORIENTED_EDGE('',*,*,#1292,.F.);
#1431 = ORIENTED_EDGE('',*,*,#240,.F.);
#1432 = ORIENTED_EDGE('',*,*,#1433,.F.);
#1433 = EDGE_CURVE('',#1434,#232,#1436,.T.);
#1434 = VERTEX_POINT('',#1435);
#1435 = CARTESIAN_POINT('',(123.,54.5,-40.9));
#1436 = LINE('',#1437,#1438);
#1437 = CARTESIAN_POINT('',(123.,55.5,-40.9));
#1438 = VECTOR('',#1439,1.);
#1439 = DIRECTION('',(0.,1.,0.));
#1440 = ORIENTED_EDGE('',*,*,#1441,.F.);
#1441 = EDGE_CURVE('',#1442,#1434,#1444,.T.);
#1442 = VERTEX_POINT('',#1443);
#1443 = CARTESIAN_POINT('',(123.,54.5,20.1));
#1444 = LINE('',#1445,#1446);
#1445 = CARTESIAN_POINT('',(123.,54.5,20.1));
#1446 = VECTOR('',#1447,1.);
#1447 = DIRECTION('',(0.,0.,-1.));
#1448 = ORIENTED_EDGE('',*,*,#1449,.F.);
#1449 = EDGE_CURVE('',#1424,#1442,#1450,.T.);
#1450 = LINE('',#1451,#1452);
#1451 = CARTESIAN_POINT('',(123.,55.5,20.1));
#1452 = VECTOR('',#1453,1.);
#1453 = DIRECTION('',(0.,-1.,0.));
#1454 = PLANE('',#1455);
#1455 = AXIS2_PLACEMENT_3D('',#1456,#1457,#1458);
#1456 = CARTESIAN_POINT('',(123.,76.990808823529,4.609191176471));
#1457 = DIRECTION('',(-1.,-0.,-0.));
#1458 = DIRECTION('',(0.,0.,-1.));
#1459 = ADVANCED_FACE('',(#1460),#1472,.T.);
#1460 = FACE_BOUND('',#1461,.T.);
#1461 = EDGE_LOOP('',(#1462,#1469,#1470,#1471));
#1462 = ORIENTED_EDGE('',*,*,#1463,.T.);
#1463 = EDGE_CURVE('',#815,#1434,#1464,.T.);
#1464 = CIRCLE('',#1465,3.);
#1465 = AXIS2_PLACEMENT_3D('',#1466,#1467,#1468);
#1466 = CARTESIAN_POINT('',(126.,54.5,-40.9));
#1467 = DIRECTION('',(0.,1.,0.));
#1468 = DIRECTION('',(-0.707106781187,0.,-0.707106781187));
#1469 = ORIENTED_EDGE('',*,*,#1433,.T.);
#1470 = ORIENTED_EDGE('',*,*,#231,.T.);
#1471 = ORIENTED_EDGE('',*,*,#822,.T.);
#1472 = CYLINDRICAL_SURFACE('',#1473,3.);
#1473 = AXIS2_PLACEMENT_3D('',#1474,#1475,#1476);
#1474 = CARTESIAN_POINT('',(126.,55.5,-40.9));
#1475 = DIRECTION('',(0.,1.,0.));
#1476 = DIRECTION('',(-0.707106781187,0.,-0.707106781187));
#1477 = ADVANCED_FACE('',(#1478),#1496,.F.);
#1478 = FACE_BOUND('',#1479,.F.);
#1479 = EDGE_LOOP('',(#1480,#1489,#1494,#1495));
#1480 = ORIENTED_EDGE('',*,*,#1481,.F.);
#1481 = EDGE_CURVE('',#1482,#1482,#1484,.T.);
#1482 = VERTEX_POINT('',#1483);
#1483 = CARTESIAN_POINT('',(139.2,54.5,-33.2));
#1484 = CIRCLE('',#1485,3.6);
#1485 = AXIS2_PLACEMENT_3D('',#1486,#1487,#1488);
#1486 = CARTESIAN_POINT('',(135.6,54.5,-33.2));
#1487 = DIRECTION('',(0.,-1.,2.2E-16));
#1488 = DIRECTION('',(1.,0.,0.));
#1489 = ORIENTED_EDGE('',*,*,#1490,.F.);
#1490 = EDGE_CURVE('',#313,#1482,#1491,.T.);
#1491 = B_SPLINE_CURVE_WITH_KNOTS('',1,(#1492,#1493),.UNSPECIFIED.,.F.,
  .F.,(2,2),(-3.,1.),.PIECEWISE_BEZIER_KNOTS.);
#1492 = CARTESIAN_POINT('',(139.2,58.5,-33.2));
#1493 = CARTESIAN_POINT('',(139.2,54.5,-33.2));
#1494 = ORIENTED_EDGE('',*,*,#312,.T.);
#1495 = ORIENTED_EDGE('',*,*,#1490,.T.);
#1496 = CYLINDRICAL_SURFACE('',#1497,3.6);
#1497 = AXIS2_PLACEMENT_3D('',#1498,#1499,#1500);
#1498 = CARTESIAN_POINT('',(135.6,55.5,-33.2));
#1499 = DIRECTION('',(0.,-1.,2.2E-16));
#1500 = DIRECTION('',(1.,0.,0.));
#1501 = ADVANCED_FACE('',(#1502),#1520,.F.);
#1502 = FACE_BOUND('',#1503,.F.);
#1503 = EDGE_LOOP('',(#1504,#1513,#1518,#1519));
#1504 = ORIENTED_EDGE('',*,*,#1505,.F.);
#1505 = EDGE_CURVE('',#1506,#1506,#1508,.T.);
#1506 = VERTEX_POINT('',#1507);
#1507 = CARTESIAN_POINT('',(138.2,54.5,6.5));
#1508 = CIRCLE('',#1509,2.6);
#1509 = AXIS2_PLACEMENT_3D('',#1510,#1511,#1512);
#1510 = CARTESIAN_POINT('',(135.6,54.5,6.5));
#1511 = DIRECTION('',(0.,-1.,2.2E-16));
#1512 = DIRECTION('',(1.,0.,0.));
#1513 = ORIENTED_EDGE('',*,*,#1514,.F.);
#1514 = EDGE_CURVE('',#324,#1506,#1515,.T.);
#1515 = B_SPLINE_CURVE_WITH_KNOTS('',1,(#1516,#1517),.UNSPECIFIED.,.F.,
  .F.,(2,2),(-3.,1.),.PIECEWISE_BEZIER_KNOTS.);
#1516 = CARTESIAN_POINT('',(138.2,58.5,6.5));
#1517 = CARTESIAN_POINT('',(138.2,54.5,6.5));
#1518 = ORIENTED_EDGE('',*,*,#323,.T.);
#1519 = ORIENTED_EDGE('',*,*,#1514,.T.);
#1520 = CYLINDRICAL_SURFACE('',#1521,2.6);
#1521 = AXIS2_PLACEMENT_3D('',#1522,#1523,#1524);
#1522 = CARTESIAN_POINT('',(135.6,55.5,6.5));
#1523 = DIRECTION('',(0.,-1.,2.2E-16));
#1524 = DIRECTION('',(1.,0.,0.));
#1525 = ADVANCED_FACE('',(#1526),#1544,.F.);
#1526 = FACE_BOUND('',#1527,.F.);
#1527 = EDGE_LOOP('',(#1528,#1537,#1542,#1543));
#1528 = ORIENTED_EDGE('',*,*,#1529,.F.);
#1529 = EDGE_CURVE('',#1530,#1530,#1532,.T.);
#1530 = VERTEX_POINT('',#1531);
#1531 = CARTESIAN_POINT('',(198.,54.5,-33.2));
#1532 = CIRCLE('',#1533,3.6);
#1533 = AXIS2_PLACEMENT_3D('',#1534,#1535,#1536);
#1534 = CARTESIAN_POINT('',(194.4,54.5,-33.2));
#1535 = DIRECTION('',(0.,-1.,2.2E-16));
#1536 = DIRECTION('',(1.,0.,0.));
#1537 = ORIENTED_EDGE('',*,*,#1538,.F.);
#1538 = EDGE_CURVE('',#353,#1530,#1539,.T.);
#1539 = B_SPLINE_CURVE_WITH_KNOTS('',1,(#1540,#1541),.UNSPECIFIED.,.F.,
  .F.,(2,2),(-3.,1.),.PIECEWISE_BEZIER_KNOTS.);
#1540 = CARTESIAN_POINT('',(198.,58.5,-33.2));
#1541 = CARTESIAN_POINT('',(198.,54.5,-33.2));
#1542 = ORIENTED_EDGE('',*,*,#352,.T.);
#1543 = ORIENTED_EDGE('',*,*,#1538,.T.);
#1544 = CYLINDRICAL_SURFACE('',#1545,3.6);
#1545 = AXIS2_PLACEMENT_3D('',#1546,#1547,#1548);
#1546 = CARTESIAN_POINT('',(194.4,55.5,-33.2));
#1547 = DIRECTION('',(0.,-1.,2.2E-16));
#1548 = DIRECTION('',(1.,0.,0.));
#1549 = ADVANCED_FACE('',(#1550),#1568,.F.);
#1550 = FACE_BOUND('',#1551,.F.);
#1551 = EDGE_LOOP('',(#1552,#1561,#1566,#1567));
#1552 = ORIENTED_EDGE('',*,*,#1553,.F.);
#1553 = EDGE_CURVE('',#1554,#1554,#1556,.T.);
#1554 = VERTEX_POINT('',#1555);
#1555 = CARTESIAN_POINT('',(197.,54.5,6.5));
#1556 = CIRCLE('',#1557,2.6);
#1557 = AXIS2_PLACEMENT_3D('',#1558,#1559,#1560);
#1558 = CARTESIAN_POINT('',(194.4,54.5,6.5));
#1559 = DIRECTION('',(0.,-1.,2.2E-16));
#1560 = DIRECTION('',(1.,0.,0.));
#1561 = ORIENTED_EDGE('',*,*,#1562,.F.);
#1562 = EDGE_CURVE('',#364,#1554,#1563,.T.);
#1563 = B_SPLINE_CURVE_WITH_KNOTS('',1,(#1564,#1565),.UNSPECIFIED.,.F.,
  .F.,(2,2),(-3.,1.),.PIECEWISE_BEZIER_KNOTS.);
#1564 = CARTESIAN_POINT('',(197.,58.5,6.5));
#1565 = CARTESIAN_POINT('',(197.,54.5,6.5));
#1566 = ORIENTED_EDGE('',*,*,#363,.T.);
#1567 = ORIENTED_EDGE('',*,*,#1562,.T.);
#1568 = CYLINDRICAL_SURFACE('',#1569,2.6);
#1569 = AXIS2_PLACEMENT_3D('',#1570,#1571,#1572);
#1570 = CARTESIAN_POINT('',(194.4,55.5,6.5));
#1571 = DIRECTION('',(0.,-1.,2.2E-16));
#1572 = DIRECTION('',(1.,0.,0.));
#1573 = ADVANCED_FACE('',(#1574),#1592,.F.);
#1574 = FACE_BOUND('',#1575,.T.);
#1575 = EDGE_LOOP('',(#1576,#1585,#1590,#1591));
#1576 = ORIENTED_EDGE('',*,*,#1577,.T.);
#1577 = EDGE_CURVE('',#1578,#1578,#1580,.T.);
#1578 = VERTEX_POINT('',#1579);
#1579 = CARTESIAN_POINT('',(159.48845138549,56.9,-1.9));
#1580 = CIRCLE('',#1581,2.6);
#1581 = AXIS2_PLACEMENT_3D('',#1582,#1583,#1584);
#1582 = CARTESIAN_POINT('',(162.08845138549,56.9,-1.9));
#1583 = DIRECTION('',(-0.,-1.,-0.));
#1584 = DIRECTION('',(-1.,0.,0.));
#1585 = ORIENTED_EDGE('',*,*,#1586,.F.);
#1586 = EDGE_CURVE('',#399,#1578,#1587,.T.);
#1587 = B_SPLINE_CURVE_WITH_KNOTS('',1,(#1588,#1589),.UNSPECIFIED.,.F.,
  .F.,(2,2),(-2.45,1.6),.PIECEWISE_BEZIER_KNOTS.);
#1588 = CARTESIAN_POINT('',(159.48845138549,60.95,-1.9));
#1589 = CARTESIAN_POINT('',(159.48845138549,56.9,-1.9));
#1590 = ORIENTED_EDGE('',*,*,#398,.T.);
#1591 = ORIENTED_EDGE('',*,*,#1586,.T.);
#1592 = CYLINDRICAL_SURFACE('',#1593,2.6);
#1593 = AXIS2_PLACEMENT_3D('',#1594,#1595,#1596);
#1594 = CARTESIAN_POINT('',(162.08845138549,58.5,-1.9));
#1595 = DIRECTION('',(0.,-1.,2.2E-16));
#1596 = DIRECTION('',(-1.,0.,0.));
#1597 = ADVANCED_FACE('',(#1598),#1616,.F.);
#1598 = FACE_BOUND('',#1599,.T.);
#1599 = EDGE_LOOP('',(#1600,#1609,#1614,#1615));
#1600 = ORIENTED_EDGE('',*,*,#1601,.T.);
#1601 = EDGE_CURVE('',#1602,#1602,#1604,.T.);
#1602 = VERTEX_POINT('',#1603);
#1603 = CARTESIAN_POINT('',(159.48845138549,56.9,-21.9));
#1604 = CIRCLE('',#1605,2.6);
#1605 = AXIS2_PLACEMENT_3D('',#1606,#1607,#1608);
#1606 = CARTESIAN_POINT('',(162.08845138549,56.9,-21.9));
#1607 = DIRECTION('',(-0.,-1.,-0.));
#1608 = DIRECTION('',(-1.,0.,0.));
#1609 = ORIENTED_EDGE('',*,*,#1610,.F.);
#1610 = EDGE_CURVE('',#410,#1602,#1611,.T.);
#1611 = B_SPLINE_CURVE_WITH_KNOTS('',1,(#1612,#1613),.UNSPECIFIED.,.F.,
  .F.,(2,2),(-2.45,1.6),.PIECEWISE_BEZIER_KNOTS.);
#1612 = CARTESIAN_POINT('',(159.48845138549,60.95,-21.9));
#1613 = CARTESIAN_POINT('',(159.48845138549,56.9,-21.9));
#1614 = ORIENTED_EDGE('',*,*,#409,.T.);
#1615 = ORIENTED_EDGE('',*,*,#1610,.T.);
#1616 = CYLINDRICAL_SURFACE('',#1617,2.6);
#1617 = AXIS2_PLACEMENT_3D('',#1618,#1619,#1620);
#1618 = CARTESIAN_POINT('',(162.08845138549,58.5,-21.9));
#1619 = DIRECTION('',(0.,-1.,2.2E-16));
#1620 = DIRECTION('',(-1.,0.,0.));
#1621 = ADVANCED_FACE('',(#1622),#1641,.T.);
#1622 = FACE_BOUND('',#1623,.T.);
#1623 = EDGE_LOOP('',(#1624,#1633,#1634,#1635));
#1624 = ORIENTED_EDGE('',*,*,#1625,.T.);
#1625 = EDGE_CURVE('',#1626,#623,#1628,.T.);
#1626 = VERTEX_POINT('',#1627);
#1627 = CARTESIAN_POINT('',(203.,133.5,20.1));
#1628 = CIRCLE('',#1629,4.);
#1629 = AXIS2_PLACEMENT_3D('',#1630,#1631,#1632);
#1630 = CARTESIAN_POINT('',(203.,129.5,20.1));
#1631 = DIRECTION('',(0.,-2.2E-16,-1.));
#1632 = DIRECTION('',(0.,1.,-2.2E-16));
#1633 = ORIENTED_EDGE('',*,*,#622,.T.);
#1634 = ORIENTED_EDGE('',*,*,#489,.F.);
#1635 = ORIENTED_EDGE('',*,*,#1636,.F.);
#1636 = EDGE_CURVE('',#1626,#490,#1637,.T.);
#1637 = LINE('',#1638,#1639);
#1638 = CARTESIAN_POINT('',(203.,133.5,20.1));
#1639 = VECTOR('',#1640,1.);
#1640 = DIRECTION('',(0.,-2.2E-16,-1.));
#1641 = CYLINDRICAL_SURFACE('',#1642,4.);
#1642 = AXIS2_PLACEMENT_3D('',#1643,#1644,#1645);
#1643 = CARTESIAN_POINT('',(203.,129.5,20.1));
#1644 = DIRECTION('',(0.,-2.2E-16,-1.));
#1645 = DIRECTION('',(0.,1.,-2.2E-16));
#1646 = ADVANCED_FACE('',(#1647),#1679,.T.);
#1647 = FACE_BOUND('',#1648,.T.);
#1648 = EDGE_LOOP('',(#1649,#1655,#1656,#1664,#1670,#1671,#1672,#1678));
#1649 = ORIENTED_EDGE('',*,*,#1650,.T.);
#1650 = EDGE_CURVE('',#929,#1185,#1651,.T.);
#1651 = LINE('',#1652,#1653);
#1652 = CARTESIAN_POINT('',(151.5,133.5,16.6));
#1653 = VECTOR('',#1654,1.);
#1654 = DIRECTION('',(-1.,0.,0.));
#1655 = ORIENTED_EDGE('',*,*,#1275,.T.);
#1656 = ORIENTED_EDGE('',*,*,#1657,.T.);
#1657 = EDGE_CURVE('',#1276,#1658,#1660,.T.);
#1658 = VERTEX_POINT('',#1659);
#1659 = CARTESIAN_POINT('',(127.,133.5,20.1));
#1660 = LINE('',#1661,#1662);
#1661 = CARTESIAN_POINT('',(127.,133.5,16.6));
#1662 = VECTOR('',#1663,1.);
#1663 = DIRECTION('',(0.,2.2E-16,1.));
#1664 = ORIENTED_EDGE('',*,*,#1665,.T.);
#1665 = EDGE_CURVE('',#1658,#1626,#1666,.T.);
#1666 = LINE('',#1667,#1668);
#1667 = CARTESIAN_POINT('',(123.,133.5,20.1));
#1668 = VECTOR('',#1669,1.);
#1669 = DIRECTION('',(1.,0.,0.));
#1670 = ORIENTED_EDGE('',*,*,#1636,.T.);
#1671 = ORIENTED_EDGE('',*,*,#498,.T.);
#1672 = ORIENTED_EDGE('',*,*,#1673,.T.);
#1673 = EDGE_CURVE('',#499,#838,#1674,.T.);
#1674 = LINE('',#1675,#1676);
#1675 = CARTESIAN_POINT('',(186.,133.5,16.6));
#1676 = VECTOR('',#1677,1.);
#1677 = DIRECTION('',(-1.,0.,0.));
#1678 = ORIENTED_EDGE('',*,*,#928,.T.);
#1679 = PLANE('',#1680);
#1680 = AXIS2_PLACEMENT_3D('',#1681,#1682,#1683);
#1681 = CARTESIAN_POINT('',(165.,133.5,-3.224812967581));
#1682 = DIRECTION('',(0.,1.,0.));
#1683 = DIRECTION('',(0.,0.,1.));
#1684 = ADVANCED_FACE('',(#1685),#1704,.F.);
#1685 = FACE_BOUND('',#1686,.F.);
#1686 = EDGE_LOOP('',(#1687,#1696,#1702,#1703));
#1687 = ORIENTED_EDGE('',*,*,#1688,.F.);
#1688 = EDGE_CURVE('',#1689,#1689,#1691,.T.);
#1689 = VERTEX_POINT('',#1690);
#1690 = CARTESIAN_POINT('',(202.,125.9,20.1));
#1691 = CIRCLE('',#1692,2.6);
#1692 = AXIS2_PLACEMENT_3D('',#1693,#1694,#1695);
#1693 = CARTESIAN_POINT('',(199.4,125.9,20.1));
#1694 = DIRECTION('',(0.,0.,1.));
#1695 = DIRECTION('',(1.,0.,0.));
#1696 = ORIENTED_EDGE('',*,*,#1697,.T.);
#1697 = EDGE_CURVE('',#1689,#516,#1698,.T.);
#1698 = LINE('',#1699,#1700);
#1699 = CARTESIAN_POINT('',(202.,125.9,20.1));
#1700 = VECTOR('',#1701,1.);
#1701 = DIRECTION('',(-0.,-0.,-1.));
#1702 = ORIENTED_EDGE('',*,*,#515,.T.);
#1703 = ORIENTED_EDGE('',*,*,#1697,.F.);
#1704 = CYLINDRICAL_SURFACE('',#1705,2.6);
#1705 = AXIS2_PLACEMENT_3D('',#1706,#1707,#1708);
#1706 = CARTESIAN_POINT('',(199.4,125.9,20.1));
#1707 = DIRECTION('',(0.,0.,1.));
#1708 = DIRECTION('',(1.,0.,0.));
#1709 = ADVANCED_FACE('',(#1710),#1735,.T.);
#1710 = FACE_BOUND('',#1711,.T.);
#1711 = EDGE_LOOP('',(#1712,#1713,#1721,#1729));
#1712 = ORIENTED_EDGE('',*,*,#526,.F.);
#1713 = ORIENTED_EDGE('',*,*,#1714,.T.);
#1714 = EDGE_CURVE('',#527,#1715,#1717,.T.);
#1715 = VERTEX_POINT('',#1716);
#1716 = CARTESIAN_POINT('',(189.,116.3,20.1));
#1717 = LINE('',#1718,#1719);
#1718 = CARTESIAN_POINT('',(189.,116.3,16.6));
#1719 = VECTOR('',#1720,1.);
#1720 = DIRECTION('',(0.,0.,1.));
#1721 = ORIENTED_EDGE('',*,*,#1722,.F.);
#1722 = EDGE_CURVE('',#1723,#1715,#1725,.T.);
#1723 = VERTEX_POINT('',#1724);
#1724 = CARTESIAN_POINT('',(189.,98.979491924311,20.1));
#1725 = LINE('',#1726,#1727);
#1726 = CARTESIAN_POINT('',(189.,105.4,20.1));
#1727 = VECTOR('',#1728,1.);
#1728 = DIRECTION('',(3.28E-15,1.,-2.3E-16));
#1729 = ORIENTED_EDGE('',*,*,#1730,.F.);
#1730 = EDGE_CURVE('',#529,#1723,#1731,.T.);
#1731 = LINE('',#1732,#1733);
#1732 = CARTESIAN_POINT('',(189.,98.979491924311,16.6));
#1733 = VECTOR('',#1734,1.);
#1734 = DIRECTION('',(0.,0.,1.));
#1735 = PLANE('',#1736);
#1736 = AXIS2_PLACEMENT_3D('',#1737,#1738,#1739);
#1737 = CARTESIAN_POINT('',(189.,116.3,16.6));
#1738 = DIRECTION('',(1.,-3.28E-15,0.));
#1739 = DIRECTION('',(-3.28E-15,-1.,0.));
#1740 = ADVANCED_FACE('',(#1741),#1759,.T.);
#1741 = FACE_BOUND('',#1742,.T.);
#1742 = EDGE_LOOP('',(#1743,#1744,#1745,#1753));
#1743 = ORIENTED_EDGE('',*,*,#544,.F.);
#1744 = ORIENTED_EDGE('',*,*,#1730,.T.);
#1745 = ORIENTED_EDGE('',*,*,#1746,.F.);
#1746 = EDGE_CURVE('',#1747,#1723,#1749,.T.);
#1747 = VERTEX_POINT('',#1748);
#1748 = CARTESIAN_POINT('',(204.,107.63974596215,20.1));
#1749 = LINE('',#1750,#1751);
#1750 = CARTESIAN_POINT('',(179.03016154937,93.223403011066,20.1));
#1751 = VECTOR('',#1752,1.);
#1752 = DIRECTION('',(-0.866025403784,-0.5,1.2E-16));
#1753 = ORIENTED_EDGE('',*,*,#1754,.F.);
#1754 = EDGE_CURVE('',#537,#1747,#1755,.T.);
#1755 = LINE('',#1756,#1757);
#1756 = CARTESIAN_POINT('',(204.,107.63974596215,16.6));
#1757 = VECTOR('',#1758,1.);
#1758 = DIRECTION('',(0.,0.,1.));
#1759 = PLANE('',#1760);
#1760 = AXIS2_PLACEMENT_3D('',#1761,#1762,#1763);
#1761 = CARTESIAN_POINT('',(189.,98.979491924311,16.6));
#1762 = DIRECTION('',(-0.5,0.866025403784,0.));
#1763 = DIRECTION('',(0.866025403784,0.5,0.));
#1764 = ADVANCED_FACE('',(#1765),#1776,.F.);
#1765 = FACE_BOUND('',#1766,.F.);
#1766 = EDGE_LOOP('',(#1767,#1768,#1769,#1775));
#1767 = ORIENTED_EDGE('',*,*,#536,.F.);
#1768 = ORIENTED_EDGE('',*,*,#1714,.T.);
#1769 = ORIENTED_EDGE('',*,*,#1770,.F.);
#1770 = EDGE_CURVE('',#1747,#1715,#1771,.T.);
#1771 = LINE('',#1772,#1773);
#1772 = CARTESIAN_POINT('',(184.71983845062,118.7711524227,20.1));
#1773 = VECTOR('',#1774,1.);
#1774 = DIRECTION('',(-0.866025403784,0.5,-1.2E-16));
#1775 = ORIENTED_EDGE('',*,*,#1754,.F.);
#1776 = PLANE('',#1777);
#1777 = AXIS2_PLACEMENT_3D('',#1778,#1779,#1780);
#1778 = CARTESIAN_POINT('',(189.,116.3,16.6));
#1779 = DIRECTION('',(0.5,0.866025403784,0.));
#1780 = DIRECTION('',(0.866025403784,-0.5,0.));
#1781 = ADVANCED_FACE('',(#1782),#1807,.T.);
#1782 = FACE_BOUND('',#1783,.T.);
#1783 = EDGE_LOOP('',(#1784,#1785,#1793,#1801));
#1784 = ORIENTED_EDGE('',*,*,#552,.F.);
#1785 = ORIENTED_EDGE('',*,*,#1786,.T.);
#1786 = EDGE_CURVE('',#553,#1787,#1789,.T.);
#1787 = VERTEX_POINT('',#1788);
#1788 = CARTESIAN_POINT('',(189.,94.,20.1));
#1789 = LINE('',#1790,#1791);
#1790 = CARTESIAN_POINT('',(189.,94.,16.6));
#1791 = VECTOR('',#1792,1.);
#1792 = DIRECTION('',(0.,0.,1.));
#1793 = ORIENTED_EDGE('',*,*,#1794,.F.);
#1794 = EDGE_CURVE('',#1795,#1787,#1797,.T.);
#1795 = VERTEX_POINT('',#1796);
#1796 = CARTESIAN_POINT('',(204.,85.339745962156,20.1));
#1797 = LINE('',#1798,#1799);
#1798 = CARTESIAN_POINT('',(179.89174682452,99.258652422706,20.1));
#1799 = VECTOR('',#1800,1.);
#1800 = DIRECTION('',(-0.866025403784,0.5,-1.2E-16));
#1801 = ORIENTED_EDGE('',*,*,#1802,.F.);
#1802 = EDGE_CURVE('',#555,#1795,#1803,.T.);
#1803 = LINE('',#1804,#1805);
#1804 = CARTESIAN_POINT('',(204.,85.339745962156,16.6));
#1805 = VECTOR('',#1806,1.);
#1806 = DIRECTION('',(0.,0.,1.));
#1807 = PLANE('',#1808);
#1808 = AXIS2_PLACEMENT_3D('',#1809,#1810,#1811);
#1809 = CARTESIAN_POINT('',(189.,94.,16.6));
#1810 = DIRECTION('',(0.5,0.866025403784,0.));
#1811 = DIRECTION('',(0.866025403784,-0.5,0.));
#1812 = ADVANCED_FACE('',(#1813),#1831,.T.);
#1813 = FACE_BOUND('',#1814,.T.);
#1814 = EDGE_LOOP('',(#1815,#1816,#1817,#1825));
#1815 = ORIENTED_EDGE('',*,*,#570,.F.);
#1816 = ORIENTED_EDGE('',*,*,#1802,.T.);
#1817 = ORIENTED_EDGE('',*,*,#1818,.F.);
#1818 = EDGE_CURVE('',#1819,#1795,#1821,.T.);
#1819 = VERTEX_POINT('',#1820);
#1820 = CARTESIAN_POINT('',(204.,102.66025403784,20.1));
#1821 = LINE('',#1822,#1823);
#1822 = CARTESIAN_POINT('',(204.,89.919872981078,20.1));
#1823 = VECTOR('',#1824,1.);
#1824 = DIRECTION('',(0.,-1.,2.3E-16));
#1825 = ORIENTED_EDGE('',*,*,#1826,.F.);
#1826 = EDGE_CURVE('',#563,#1819,#1827,.T.);
#1827 = LINE('',#1828,#1829);
#1828 = CARTESIAN_POINT('',(204.,102.66025403784,16.6));
#1829 = VECTOR('',#1830,1.);
#1830 = DIRECTION('',(0.,0.,1.));
#1831 = PLANE('',#1832);
#1832 = AXIS2_PLACEMENT_3D('',#1833,#1834,#1835);
#1833 = CARTESIAN_POINT('',(204.,85.339745962156,16.6));
#1834 = DIRECTION('',(-1.,0.,0.));
#1835 = DIRECTION('',(0.,1.,0.));
#1836 = ADVANCED_FACE('',(#1837),#1848,.T.);
#1837 = FACE_BOUND('',#1838,.T.);
#1838 = EDGE_LOOP('',(#1839,#1840,#1841,#1847));
#1839 = ORIENTED_EDGE('',*,*,#562,.F.);
#1840 = ORIENTED_EDGE('',*,*,#1826,.T.);
#1841 = ORIENTED_EDGE('',*,*,#1842,.F.);
#1842 = EDGE_CURVE('',#1787,#1819,#1843,.T.);
#1843 = LINE('',#1844,#1845);
#1844 = CARTESIAN_POINT('',(187.60825317547,93.196474596215,20.1));
#1845 = VECTOR('',#1846,1.);
#1846 = DIRECTION('',(0.866025403784,0.5,-1.2E-16));
#1847 = ORIENTED_EDGE('',*,*,#1786,.F.);
#1848 = PLANE('',#1849);
#1849 = AXIS2_PLACEMENT_3D('',#1850,#1851,#1852);
#1850 = CARTESIAN_POINT('',(204.,102.66025403784,16.6));
#1851 = DIRECTION('',(0.5,-0.866025403784,0.));
#1852 = DIRECTION('',(-0.866025403784,-0.5,0.));
#1853 = ADVANCED_FACE('',(#1854),#1879,.T.);
#1854 = FACE_BOUND('',#1855,.T.);
#1855 = EDGE_LOOP('',(#1856,#1857,#1865,#1873));
#1856 = ORIENTED_EDGE('',*,*,#578,.F.);
#1857 = ORIENTED_EDGE('',*,*,#1858,.T.);
#1858 = EDGE_CURVE('',#579,#1859,#1861,.T.);
#1859 = VERTEX_POINT('',#1860);
#1860 = CARTESIAN_POINT('',(189.,71.7,20.1));
#1861 = LINE('',#1862,#1863);
#1862 = CARTESIAN_POINT('',(189.,71.7,16.6));
#1863 = VECTOR('',#1864,1.);
#1864 = DIRECTION('',(0.,0.,1.));
#1865 = ORIENTED_EDGE('',*,*,#1866,.F.);
#1866 = EDGE_CURVE('',#1867,#1859,#1869,.T.);
#1867 = VERTEX_POINT('',#1868);
#1868 = CARTESIAN_POINT('',(204.,80.360254037844,20.1));
#1869 = LINE('',#1870,#1871);
#1870 = CARTESIAN_POINT('',(184.93634480157,69.353847577293,20.1));
#1871 = VECTOR('',#1872,1.);
#1872 = DIRECTION('',(-0.866025403784,-0.5,1.2E-16));
#1873 = ORIENTED_EDGE('',*,*,#1874,.F.);
#1874 = EDGE_CURVE('',#581,#1867,#1875,.T.);
#1875 = LINE('',#1876,#1877);
#1876 = CARTESIAN_POINT('',(204.,80.360254037844,16.6));
#1877 = VECTOR('',#1878,1.);
#1878 = DIRECTION('',(0.,0.,1.));
#1879 = PLANE('',#1880);
#1880 = AXIS2_PLACEMENT_3D('',#1881,#1882,#1883);
#1881 = CARTESIAN_POINT('',(189.,71.7,16.6));
#1882 = DIRECTION('',(-0.5,0.866025403784,0.));
#1883 = DIRECTION('',(0.866025403784,0.5,0.));
#1884 = ADVANCED_FACE('',(#1885),#1903,.F.);
#1885 = FACE_BOUND('',#1886,.F.);
#1886 = EDGE_LOOP('',(#1887,#1888,#1896,#1902));
#1887 = ORIENTED_EDGE('',*,*,#596,.F.);
#1888 = ORIENTED_EDGE('',*,*,#1889,.T.);
#1889 = EDGE_CURVE('',#589,#1890,#1892,.T.);
#1890 = VERTEX_POINT('',#1891);
#1891 = CARTESIAN_POINT('',(189.,89.020508075688,20.1));
#1892 = LINE('',#1893,#1894);
#1893 = CARTESIAN_POINT('',(189.,89.020508075688,16.6));
#1894 = VECTOR('',#1895,1.);
#1895 = DIRECTION('',(0.,0.,1.));
#1896 = ORIENTED_EDGE('',*,*,#1897,.F.);
#1897 = EDGE_CURVE('',#1867,#1890,#1898,.T.);
#1898 = LINE('',#1899,#1900);
#1899 = CARTESIAN_POINT('',(178.81365519842,94.901596988934,20.1));
#1900 = VECTOR('',#1901,1.);
#1901 = DIRECTION('',(-0.866025403784,0.5,-1.2E-16));
#1902 = ORIENTED_EDGE('',*,*,#1874,.F.);
#1903 = PLANE('',#1904);
#1904 = AXIS2_PLACEMENT_3D('',#1905,#1906,#1907);
#1905 = CARTESIAN_POINT('',(189.,89.020508075688,16.6));
#1906 = DIRECTION('',(0.5,0.866025403784,0.));
#1907 = DIRECTION('',(0.866025403784,-0.5,0.));
#1908 = ADVANCED_FACE('',(#1909),#1920,.F.);
#1909 = FACE_BOUND('',#1910,.F.);
#1910 = EDGE_LOOP('',(#1911,#1912,#1913,#1919));
#1911 = ORIENTED_EDGE('',*,*,#588,.F.);
#1912 = ORIENTED_EDGE('',*,*,#1858,.T.);
#1913 = ORIENTED_EDGE('',*,*,#1914,.F.);
#1914 = EDGE_CURVE('',#1890,#1859,#1915,.T.);
#1915 = LINE('',#1916,#1917);
#1916 = CARTESIAN_POINT('',(189.,83.1,20.1));
#1917 = VECTOR('',#1918,1.);
#1918 = DIRECTION('',(0.,-1.,2.3E-16));
#1919 = ORIENTED_EDGE('',*,*,#1889,.F.);
#1920 = PLANE('',#1921);
#1921 = AXIS2_PLACEMENT_3D('',#1922,#1923,#1924);
#1922 = CARTESIAN_POINT('',(189.,71.7,16.6));
#1923 = DIRECTION('',(-1.,0.,0.));
#1924 = DIRECTION('',(0.,1.,0.));
#1925 = ADVANCED_FACE('',(#1926),#1945,.F.);
#1926 = FACE_BOUND('',#1927,.F.);
#1927 = EDGE_LOOP('',(#1928,#1937,#1943,#1944));
#1928 = ORIENTED_EDGE('',*,*,#1929,.F.);
#1929 = EDGE_CURVE('',#1930,#1930,#1932,.T.);
#1930 = VERTEX_POINT('',#1931);
#1931 = CARTESIAN_POINT('',(202.,66.1,20.1));
#1932 = CIRCLE('',#1933,2.6);
#1933 = AXIS2_PLACEMENT_3D('',#1934,#1935,#1936);
#1934 = CARTESIAN_POINT('',(199.4,66.1,20.1));
#1935 = DIRECTION('',(0.,0.,1.));
#1936 = DIRECTION('',(1.,0.,0.));
#1937 = ORIENTED_EDGE('',*,*,#1938,.T.);
#1938 = EDGE_CURVE('',#1930,#605,#1939,.T.);
#1939 = LINE('',#1940,#1941);
#1940 = CARTESIAN_POINT('',(202.,66.1,20.1));
#1941 = VECTOR('',#1942,1.);
#1942 = DIRECTION('',(-0.,-0.,-1.));
#1943 = ORIENTED_EDGE('',*,*,#604,.T.);
#1944 = ORIENTED_EDGE('',*,*,#1938,.F.);
#1945 = CYLINDRICAL_SURFACE('',#1946,2.6);
#1946 = AXIS2_PLACEMENT_3D('',#1947,#1948,#1949);
#1947 = CARTESIAN_POINT('',(199.4,66.1,20.1));
#1948 = DIRECTION('',(0.,0.,1.));
#1949 = DIRECTION('',(1.,0.,0.));
#1950 = ADVANCED_FACE('',(#1951,#1970,#1996,#2022,#2048,#2074,#2100,
    #2105,#2131,#2136,#2162,#2167,#2170,#2181,#2184),#2195,.T.);
#1951 = FACE_BOUND('',#1952,.T.);
#1952 = EDGE_LOOP('',(#1953,#1954,#1960,#1961,#1962,#1963));
#1953 = ORIENTED_EDGE('',*,*,#1449,.T.);
#1954 = ORIENTED_EDGE('',*,*,#1955,.F.);
#1955 = EDGE_CURVE('',#631,#1442,#1956,.T.);
#1956 = LINE('',#1957,#1958);
#1957 = CARTESIAN_POINT('',(126.,54.5,20.1));
#1958 = VECTOR('',#1959,1.);
#1959 = DIRECTION('',(-1.,0.,0.));
#1960 = ORIENTED_EDGE('',*,*,#630,.T.);
#1961 = ORIENTED_EDGE('',*,*,#1625,.F.);
#1962 = ORIENTED_EDGE('',*,*,#1665,.F.);
#1963 = ORIENTED_EDGE('',*,*,#1964,.T.);
#1964 = EDGE_CURVE('',#1658,#1424,#1965,.T.);
#1965 = CIRCLE('',#1966,4.);
#1966 = AXIS2_PLACEMENT_3D('',#1967,#1968,#1969);
#1967 = CARTESIAN_POINT('',(127.,129.5,20.1));
#1968 = DIRECTION('',(-0.,2.2E-16,1.));
#1969 = DIRECTION('',(0.,-1.,2.2E-16));
#1970 = FACE_BOUND('',#1971,.T.);
#1971 = EDGE_LOOP('',(#1972,#1982,#1990));
#1972 = ORIENTED_EDGE('',*,*,#1973,.F.);
#1973 = EDGE_CURVE('',#1974,#1976,#1978,.T.);
#1974 = VERTEX_POINT('',#1975);
#1975 = CARTESIAN_POINT('',(167.,94.,20.1));
#1976 = VERTEX_POINT('',#1977);
#1977 = CARTESIAN_POINT('',(174.5,72.5,20.1));
#1978 = LINE('',#1979,#1980);
#1979 = CARTESIAN_POINT('',(170.5637656702,83.783871745419,20.1));
#1980 = VECTOR('',#1981,1.);
#1981 = DIRECTION('',(0.329372156318,-0.944200181446,2.2E-16));
#1982 = ORIENTED_EDGE('',*,*,#1983,.T.);
#1983 = EDGE_CURVE('',#1974,#1984,#1986,.T.);
#1984 = VERTEX_POINT('',#1985);
#1985 = CARTESIAN_POINT('',(174.5,115.5,20.1));
#1986 = LINE('',#1987,#1988);
#1987 = CARTESIAN_POINT('',(170.71926229508,104.6618852459,20.1));
#1988 = VECTOR('',#1989,1.);
#1989 = DIRECTION('',(0.329372156318,0.944200181446,-2.2E-16));
#1990 = ORIENTED_EDGE('',*,*,#1991,.T.);
#1991 = EDGE_CURVE('',#1984,#1976,#1992,.T.);
#1992 = LINE('',#1993,#1994);
#1993 = CARTESIAN_POINT('',(174.5,83.5,20.1));
#1994 = VECTOR('',#1995,1.);
#1995 = DIRECTION('',(0.,-1.,2.3E-16));
#1996 = FACE_BOUND('',#1997,.T.);
#1997 = EDGE_LOOP('',(#1998,#2008,#2016));
#1998 = ORIENTED_EDGE('',*,*,#1999,.F.);
#1999 = EDGE_CURVE('',#2000,#2002,#2004,.T.);
#2000 = VERTEX_POINT('',#2001);
#2001 = CARTESIAN_POINT('',(163.,94.,20.1));
#2002 = VERTEX_POINT('',#2003);
#2003 = CARTESIAN_POINT('',(155.5,115.5,20.1));
#2004 = LINE('',#2005,#2006);
#2005 = CARTESIAN_POINT('',(159.28073770491,104.6618852459,20.1));
#2006 = VECTOR('',#2007,1.);
#2007 = DIRECTION('',(-0.329372156318,0.944200181446,-2.2E-16));
#2008 = ORIENTED_EDGE('',*,*,#2009,.T.);
#2009 = EDGE_CURVE('',#2000,#2010,#2012,.T.);
#2010 = VERTEX_POINT('',#2011);
#2011 = CARTESIAN_POINT('',(155.5,72.5,20.1));
#2012 = LINE('',#2013,#2014);
#2013 = CARTESIAN_POINT('',(159.43623432979,83.783871745419,20.1));
#2014 = VECTOR('',#2015,1.);
#2015 = DIRECTION('',(-0.329372156318,-0.944200181446,2.2E-16));
#2016 = ORIENTED_EDGE('',*,*,#2017,.F.);
#2017 = EDGE_CURVE('',#2002,#2010,#2018,.T.);
#2018 = LINE('',#2019,#2020);
#2019 = CARTESIAN_POINT('',(155.5,83.5,20.1));
#2020 = VECTOR('',#2021,1.);
#2021 = DIRECTION('',(0.,-1.,2.3E-16));
#2022 = FACE_BOUND('',#2023,.T.);
#2023 = EDGE_LOOP('',(#2024,#2034,#2042));
#2024 = ORIENTED_EDGE('',*,*,#2025,.T.);
#2025 = EDGE_CURVE('',#2026,#2028,#2030,.T.);
#2026 = VERTEX_POINT('',#2027);
#2027 = CARTESIAN_POINT('',(165.,84.435028842544,20.1));
#2028 = VERTEX_POINT('',#2029);
#2029 = CARTESIAN_POINT('',(174.5,61.5,20.1));
#2030 = LINE('',#2031,#2032);
#2031 = CARTESIAN_POINT('',(167.97074766052,77.263009550107,20.1));
#2032 = VECTOR('',#2033,1.);
#2033 = DIRECTION('',(0.382683432365,-0.923879532511,2.1E-16));
#2034 = ORIENTED_EDGE('',*,*,#2035,.T.);
#2035 = EDGE_CURVE('',#2028,#2036,#2038,.T.);
#2036 = VERTEX_POINT('',#2037);
#2037 = CARTESIAN_POINT('',(155.5,61.5,20.1));
#2038 = LINE('',#2039,#2040);
#2039 = CARTESIAN_POINT('',(160.25,61.5,20.1));
#2040 = VECTOR('',#2041,1.);
#2041 = DIRECTION('',(-1.,7.85E-15,0.));
#2042 = ORIENTED_EDGE('',*,*,#2043,.F.);
#2043 = EDGE_CURVE('',#2026,#2036,#2044,.T.);
#2044 = LINE('',#2045,#2046);
#2045 = CARTESIAN_POINT('',(162.02925233947,77.263009550107,20.1));
#2046 = VECTOR('',#2047,1.);
#2047 = DIRECTION('',(-0.382683432365,-0.923879532511,2.1E-16));
#2048 = FACE_BOUND('',#2049,.T.);
#2049 = EDGE_LOOP('',(#2050,#2060,#2068));
#2050 = ORIENTED_EDGE('',*,*,#2051,.F.);
#2051 = EDGE_CURVE('',#2052,#2054,#2056,.T.);
#2052 = VERTEX_POINT('',#2053);
#2053 = CARTESIAN_POINT('',(174.5,126.5,20.1));
#2054 = VERTEX_POINT('',#2055);
#2055 = CARTESIAN_POINT('',(155.5,126.5,20.1));
#2056 = LINE('',#2057,#2058);
#2057 = CARTESIAN_POINT('',(160.25,126.5,20.1));
#2058 = VECTOR('',#2059,1.);
#2059 = DIRECTION('',(-1.,0.,0.));
#2060 = ORIENTED_EDGE('',*,*,#2061,.F.);
#2061 = EDGE_CURVE('',#2062,#2052,#2064,.T.);
#2062 = VERTEX_POINT('',#2063);
#2063 = CARTESIAN_POINT('',(165.,103.56497115745,20.1));
#2064 = LINE('',#2065,#2066);
#2065 = CARTESIAN_POINT('',(168.14752435582,111.16376714518,20.1));
#2066 = VECTOR('',#2067,1.);
#2067 = DIRECTION('',(0.382683432365,0.923879532511,-2.1E-16));
#2068 = ORIENTED_EDGE('',*,*,#2069,.T.);
#2069 = EDGE_CURVE('',#2062,#2054,#2070,.T.);
#2070 = LINE('',#2071,#2072);
#2071 = CARTESIAN_POINT('',(161.85247564417,111.16376714518,20.1));
#2072 = VECTOR('',#2073,1.);
#2073 = DIRECTION('',(-0.382683432365,0.923879532511,-2.1E-16));
#2074 = FACE_BOUND('',#2075,.T.);
#2075 = EDGE_LOOP('',(#2076,#2086,#2094));
#2076 = ORIENTED_EDGE('',*,*,#2077,.F.);
#2077 = EDGE_CURVE('',#2078,#2080,#2082,.T.);
#2078 = VERTEX_POINT('',#2079);
#2079 = CARTESIAN_POINT('',(141.,98.979491924311,20.1));
#2080 = VERTEX_POINT('',#2081);
#2081 = CARTESIAN_POINT('',(141.,116.3,20.1));
#2082 = LINE('',#2083,#2084);
#2083 = CARTESIAN_POINT('',(141.,105.4,20.1));
#2084 = VECTOR('',#2085,1.);
#2085 = DIRECTION('',(-4.92E-15,1.,-2.3E-16));
#2086 = ORIENTED_EDGE('',*,*,#2087,.F.);
#2087 = EDGE_CURVE('',#2088,#2078,#2090,.T.);
#2088 = VERTEX_POINT('',#2089);
#2089 = CARTESIAN_POINT('',(126.,107.63974596215,20.1));
#2090 = LINE('',#2091,#2092);
#2091 = CARTESIAN_POINT('',(150.96983845062,93.223403011066,20.1));
#2092 = VECTOR('',#2093,1.);
#2093 = DIRECTION('',(0.866025403784,-0.5,1.2E-16));
#2094 = ORIENTED_EDGE('',*,*,#2095,.T.);
#2095 = EDGE_CURVE('',#2088,#2080,#2096,.T.);
#2096 = LINE('',#2097,#2098);
#2097 = CARTESIAN_POINT('',(145.28016154937,118.7711524227,20.1));
#2098 = VECTOR('',#2099,1.);
#2099 = DIRECTION('',(0.866025403784,0.5,-1.2E-16));
#2100 = FACE_BOUND('',#2101,.T.);
#2101 = EDGE_LOOP('',(#2102,#2103,#2104));
#2102 = ORIENTED_EDGE('',*,*,#1914,.F.);
#2103 = ORIENTED_EDGE('',*,*,#1897,.F.);
#2104 = ORIENTED_EDGE('',*,*,#1866,.T.);
#2105 = FACE_BOUND('',#2106,.T.);
#2106 = EDGE_LOOP('',(#2107,#2117,#2125));
#2107 = ORIENTED_EDGE('',*,*,#2108,.T.);
#2108 = EDGE_CURVE('',#2109,#2111,#2113,.T.);
#2109 = VERTEX_POINT('',#2110);
#2110 = CARTESIAN_POINT('',(126.,80.360254037844,20.1));
#2111 = VERTEX_POINT('',#2112);
#2112 = CARTESIAN_POINT('',(141.,89.020508075688,20.1));
#2113 = LINE('',#2114,#2115);
#2114 = CARTESIAN_POINT('',(151.18634480157,94.901596988934,20.1));
#2115 = VECTOR('',#2116,1.);
#2116 = DIRECTION('',(0.866025403784,0.5,-1.2E-16));
#2117 = ORIENTED_EDGE('',*,*,#2118,.T.);
#2118 = EDGE_CURVE('',#2111,#2119,#2121,.T.);
#2119 = VERTEX_POINT('',#2120);
#2120 = CARTESIAN_POINT('',(141.,71.7,20.1));
#2121 = LINE('',#2122,#2123);
#2122 = CARTESIAN_POINT('',(141.,83.1,20.1));
#2123 = VECTOR('',#2124,1.);
#2124 = DIRECTION('',(-1.64E-15,-1.,2.3E-16));
#2125 = ORIENTED_EDGE('',*,*,#2126,.F.);
#2126 = EDGE_CURVE('',#2109,#2119,#2127,.T.);
#2127 = LINE('',#2128,#2129);
#2128 = CARTESIAN_POINT('',(145.06365519842,69.353847577293,20.1));
#2129 = VECTOR('',#2130,1.);
#2130 = DIRECTION('',(0.866025403784,-0.5,1.2E-16));
#2131 = FACE_BOUND('',#2132,.T.);
#2132 = EDGE_LOOP('',(#2133,#2134,#2135));
#2133 = ORIENTED_EDGE('',*,*,#1746,.T.);
#2134 = ORIENTED_EDGE('',*,*,#1722,.T.);
#2135 = ORIENTED_EDGE('',*,*,#1770,.F.);
#2136 = FACE_BOUND('',#2137,.T.);
#2137 = EDGE_LOOP('',(#2138,#2148,#2156));
#2138 = ORIENTED_EDGE('',*,*,#2139,.F.);
#2139 = EDGE_CURVE('',#2140,#2142,#2144,.T.);
#2140 = VERTEX_POINT('',#2141);
#2141 = CARTESIAN_POINT('',(126.,85.339745962156,20.1));
#2142 = VERTEX_POINT('',#2143);
#2143 = CARTESIAN_POINT('',(141.,94.,20.1));
#2144 = LINE('',#2145,#2146);
#2145 = CARTESIAN_POINT('',(150.10825317547,99.258652422706,20.1));
#2146 = VECTOR('',#2147,1.);
#2147 = DIRECTION('',(0.866025403784,0.5,-1.2E-16));
#2148 = ORIENTED_EDGE('',*,*,#2149,.F.);
#2149 = EDGE_CURVE('',#2150,#2140,#2152,.T.);
#2150 = VERTEX_POINT('',#2151);
#2151 = CARTESIAN_POINT('',(126.,102.66025403784,20.1));
#2152 = LINE('',#2153,#2154);
#2153 = CARTESIAN_POINT('',(126.,89.919872981077,20.1));
#2154 = VECTOR('',#2155,1.);
#2155 = DIRECTION('',(3.528E-14,-1.,2.3E-16));
#2156 = ORIENTED_EDGE('',*,*,#2157,.F.);
#2157 = EDGE_CURVE('',#2142,#2150,#2158,.T.);
#2158 = LINE('',#2159,#2160);
#2159 = CARTESIAN_POINT('',(142.39174682452,93.196474596215,20.1));
#2160 = VECTOR('',#2161,1.);
#2161 = DIRECTION('',(-0.866025403784,0.5,-1.2E-16));
#2162 = FACE_BOUND('',#2163,.T.);
#2163 = EDGE_LOOP('',(#2164,#2165,#2166));
#2164 = ORIENTED_EDGE('',*,*,#1818,.T.);
#2165 = ORIENTED_EDGE('',*,*,#1794,.T.);
#2166 = ORIENTED_EDGE('',*,*,#1842,.T.);
#2167 = FACE_BOUND('',#2168,.T.);
#2168 = EDGE_LOOP('',(#2169));
#2169 = ORIENTED_EDGE('',*,*,#1688,.F.);
#2170 = FACE_BOUND('',#2171,.T.);
#2171 = EDGE_LOOP('',(#2172));
#2172 = ORIENTED_EDGE('',*,*,#2173,.F.);
#2173 = EDGE_CURVE('',#2174,#2174,#2176,.T.);
#2174 = VERTEX_POINT('',#2175);
#2175 = CARTESIAN_POINT('',(133.2,125.9,20.1));
#2176 = CIRCLE('',#2177,2.6);
#2177 = AXIS2_PLACEMENT_3D('',#2178,#2179,#2180);
#2178 = CARTESIAN_POINT('',(130.6,125.9,20.1));
#2179 = DIRECTION('',(0.,0.,1.));
#2180 = DIRECTION('',(1.,0.,0.));
#2181 = FACE_BOUND('',#2182,.T.);
#2182 = EDGE_LOOP('',(#2183));
#2183 = ORIENTED_EDGE('',*,*,#1929,.F.);
#2184 = FACE_BOUND('',#2185,.T.);
#2185 = EDGE_LOOP('',(#2186));
#2186 = ORIENTED_EDGE('',*,*,#2187,.F.);
#2187 = EDGE_CURVE('',#2188,#2188,#2190,.T.);
#2188 = VERTEX_POINT('',#2189);
#2189 = CARTESIAN_POINT('',(133.2,66.1,20.1));
#2190 = CIRCLE('',#2191,2.6);
#2191 = AXIS2_PLACEMENT_3D('',#2192,#2193,#2194);
#2192 = CARTESIAN_POINT('',(130.6,66.1,20.1));
#2193 = DIRECTION('',(0.,0.,1.));
#2194 = DIRECTION('',(1.,0.,0.));
#2195 = PLANE('',#2196);
#2196 = AXIS2_PLACEMENT_3D('',#2197,#2198,#2199);
#2197 = CARTESIAN_POINT('',(165.,93.553187643774,20.1));
#2198 = DIRECTION('',(0.,0.,1.));
#2199 = DIRECTION('',(1.,0.,0.));
#2200 = ADVANCED_FACE('',(#2201,#2209,#2212,#2223,#2226,#2237,#2240),
  #2243,.T.);
#2201 = FACE_BOUND('',#2202,.T.);
#2202 = EDGE_LOOP('',(#2203,#2204,#2205,#2206,#2207,#2208));
#2203 = ORIENTED_EDGE('',*,*,#1955,.T.);
#2204 = ORIENTED_EDGE('',*,*,#1441,.T.);
#2205 = ORIENTED_EDGE('',*,*,#1463,.F.);
#2206 = ORIENTED_EDGE('',*,*,#814,.T.);
#2207 = ORIENTED_EDGE('',*,*,#750,.F.);
#2208 = ORIENTED_EDGE('',*,*,#638,.T.);
#2209 = FACE_BOUND('',#2210,.T.);
#2210 = EDGE_LOOP('',(#2211));
#2211 = ORIENTED_EDGE('',*,*,#1505,.F.);
#2212 = FACE_BOUND('',#2213,.T.);
#2213 = EDGE_LOOP('',(#2214));
#2214 = ORIENTED_EDGE('',*,*,#2215,.F.);
#2215 = EDGE_CURVE('',#2216,#2216,#2218,.T.);
#2216 = VERTEX_POINT('',#2217);
#2217 = CARTESIAN_POINT('',(157.08845138549,54.5,-1.9));
#2218 = CIRCLE('',#2219,5.);
#2219 = AXIS2_PLACEMENT_3D('',#2220,#2221,#2222);
#2220 = CARTESIAN_POINT('',(162.08845138549,54.5,-1.9));
#2221 = DIRECTION('',(-0.,-1.,-0.));
#2222 = DIRECTION('',(-1.,0.,0.));
#2223 = FACE_BOUND('',#2224,.T.);
#2224 = EDGE_LOOP('',(#2225));
#2225 = ORIENTED_EDGE('',*,*,#1481,.F.);
#2226 = FACE_BOUND('',#2227,.T.);
#2227 = EDGE_LOOP('',(#2228));
#2228 = ORIENTED_EDGE('',*,*,#2229,.F.);
#2229 = EDGE_CURVE('',#2230,#2230,#2232,.T.);
#2230 = VERTEX_POINT('',#2231);
#2231 = CARTESIAN_POINT('',(157.08845138549,54.5,-21.9));
#2232 = CIRCLE('',#2233,5.);
#2233 = AXIS2_PLACEMENT_3D('',#2234,#2235,#2236);
#2234 = CARTESIAN_POINT('',(162.08845138549,54.5,-21.9));
#2235 = DIRECTION('',(-0.,-1.,-0.));
#2236 = DIRECTION('',(-1.,0.,0.));
#2237 = FACE_BOUND('',#2238,.T.);
#2238 = EDGE_LOOP('',(#2239));
#2239 = ORIENTED_EDGE('',*,*,#1553,.F.);
#2240 = FACE_BOUND('',#2241,.T.);
#2241 = EDGE_LOOP('',(#2242));
#2242 = ORIENTED_EDGE('',*,*,#1529,.F.);
#2243 = PLANE('',#2244);
#2244 = AXIS2_PLACEMENT_3D('',#2245,#2246,#2247);
#2245 = CARTESIAN_POINT('',(165.,54.5,-11.60200804137));
#2246 = DIRECTION('',(-0.,-1.,-0.));
#2247 = DIRECTION('',(0.,0.,-1.));
#2248 = ADVANCED_FACE('',(#2249),#2260,.T.);
#2249 = FACE_BOUND('',#2250,.T.);
#2250 = EDGE_LOOP('',(#2251,#2252,#2253,#2254));
#2251 = ORIENTED_EDGE('',*,*,#701,.F.);
#2252 = ORIENTED_EDGE('',*,*,#776,.T.);
#2253 = ORIENTED_EDGE('',*,*,#853,.T.);
#2254 = ORIENTED_EDGE('',*,*,#2255,.F.);
#2255 = EDGE_CURVE('',#694,#854,#2256,.T.);
#2256 = LINE('',#2257,#2258);
#2257 = CARTESIAN_POINT('',(186.,63.,6.516666666667));
#2258 = VECTOR('',#2259,1.);
#2259 = DIRECTION('',(-1.,-0.,-0.));
#2260 = PLANE('',#2261);
#2261 = AXIS2_PLACEMENT_3D('',#2262,#2263,#2264);
#2262 = CARTESIAN_POINT('',(186.,63.,1.516666666667));
#2263 = DIRECTION('',(0.,1.,0.));
#2264 = DIRECTION('',(0.,0.,1.));
#2265 = ADVANCED_FACE('',(#2266),#2277,.T.);
#2266 = FACE_BOUND('',#2267,.T.);
#2267 = EDGE_LOOP('',(#2268,#2269,#2270,#2271));
#2268 = ORIENTED_EDGE('',*,*,#693,.F.);
#2269 = ORIENTED_EDGE('',*,*,#2255,.T.);
#2270 = ORIENTED_EDGE('',*,*,#861,.T.);
#2271 = ORIENTED_EDGE('',*,*,#2272,.F.);
#2272 = EDGE_CURVE('',#686,#862,#2273,.T.);
#2273 = LINE('',#2274,#2275);
#2274 = CARTESIAN_POINT('',(186.,88.,-13.65));
#2275 = VECTOR('',#2276,1.);
#2276 = DIRECTION('',(-1.,-0.,-0.));
#2277 = PLANE('',#2278);
#2278 = AXIS2_PLACEMENT_3D('',#2279,#2280,#2281);
#2279 = CARTESIAN_POINT('',(186.,63.,6.516666666667));
#2280 = DIRECTION('',(0.,-0.627853867755,-0.778331241018));
#2281 = DIRECTION('',(0.,0.778331241018,-0.627853867755));
#2282 = ADVANCED_FACE('',(#2283),#2294,.T.);
#2283 = FACE_BOUND('',#2284,.T.);
#2284 = EDGE_LOOP('',(#2285,#2286,#2287,#2288));
#2285 = ORIENTED_EDGE('',*,*,#685,.F.);
#2286 = ORIENTED_EDGE('',*,*,#2272,.T.);
#2287 = ORIENTED_EDGE('',*,*,#869,.T.);
#2288 = ORIENTED_EDGE('',*,*,#2289,.F.);
#2289 = EDGE_CURVE('',#678,#870,#2290,.T.);
#2290 = LINE('',#2291,#2292);
#2291 = CARTESIAN_POINT('',(186.,63.,-33.81666666666));
#2292 = VECTOR('',#2293,1.);
#2293 = DIRECTION('',(-1.,-0.,-0.));
#2294 = PLANE('',#2295);
#2295 = AXIS2_PLACEMENT_3D('',#2296,#2297,#2298);
#2296 = CARTESIAN_POINT('',(186.,88.,-13.65));
#2297 = DIRECTION('',(0.,-0.627853867755,0.778331241018));
#2298 = DIRECTION('',(0.,-0.778331241018,-0.627853867755));
#2299 = ADVANCED_FACE('',(#2300),#2306,.T.);
#2300 = FACE_BOUND('',#2301,.T.);
#2301 = EDGE_LOOP('',(#2302,#2303,#2304,#2305));
#2302 = ORIENTED_EDGE('',*,*,#677,.F.);
#2303 = ORIENTED_EDGE('',*,*,#2289,.T.);
#2304 = ORIENTED_EDGE('',*,*,#877,.T.);
#2305 = ORIENTED_EDGE('',*,*,#1057,.F.);
#2306 = PLANE('',#2307);
#2307 = AXIS2_PLACEMENT_3D('',#2308,#2309,#2310);
#2308 = CARTESIAN_POINT('',(186.,63.,-33.81666666666));
#2309 = DIRECTION('',(0.,1.,0.));
#2310 = DIRECTION('',(0.,0.,1.));
#2311 = ADVANCED_FACE('',(#2312),#2318,.T.);
#2312 = FACE_BOUND('',#2313,.F.);
#2313 = EDGE_LOOP('',(#2314,#2315,#2316,#2317));
#2314 = ORIENTED_EDGE('',*,*,#662,.F.);
#2315 = ORIENTED_EDGE('',*,*,#1673,.T.);
#2316 = ORIENTED_EDGE('',*,*,#837,.T.);
#2317 = ORIENTED_EDGE('',*,*,#806,.F.);
#2318 = PLANE('',#2319);
#2319 = AXIS2_PLACEMENT_3D('',#2320,#2321,#2322);
#2320 = CARTESIAN_POINT('',(186.,96.,-13.65));
#2321 = DIRECTION('',(0.,0.627853867755,-0.778331241018));
#2322 = DIRECTION('',(1.,0.,0.));
#2323 = ADVANCED_FACE('',(#2324),#2340,.T.);
#2324 = FACE_BOUND('',#2325,.T.);
#2325 = EDGE_LOOP('',(#2326,#2327,#2333,#2334));
#2326 = ORIENTED_EDGE('',*,*,#718,.F.);
#2327 = ORIENTED_EDGE('',*,*,#2328,.T.);
#2328 = EDGE_CURVE('',#719,#895,#2329,.T.);
#2329 = LINE('',#2330,#2331);
#2330 = CARTESIAN_POINT('',(186.,120.48347107438,12.1));
#2331 = VECTOR('',#2332,1.);
#2332 = DIRECTION('',(-1.,-0.,-0.));
#2333 = ORIENTED_EDGE('',*,*,#904,.T.);
#2334 = ORIENTED_EDGE('',*,*,#2335,.F.);
#2335 = EDGE_CURVE('',#721,#905,#2336,.T.);
#2336 = LINE('',#2337,#2338);
#2337 = CARTESIAN_POINT('',(186.,96.,-7.65));
#2338 = VECTOR('',#2339,1.);
#2339 = DIRECTION('',(-1.,-0.,-0.));
#2340 = PLANE('',#2341);
#2341 = AXIS2_PLACEMENT_3D('',#2342,#2343,#2344);
#2342 = CARTESIAN_POINT('',(186.,120.48347107438,12.1));
#2343 = DIRECTION('',(0.,-0.627853867755,0.778331241018));
#2344 = DIRECTION('',(0.,-0.778331241018,-0.627853867755));
#2345 = ADVANCED_FACE('',(#2346),#2357,.T.);
#2346 = FACE_BOUND('',#2347,.T.);
#2347 = EDGE_LOOP('',(#2348,#2349,#2350,#2351));
#2348 = ORIENTED_EDGE('',*,*,#736,.F.);
#2349 = ORIENTED_EDGE('',*,*,#2335,.T.);
#2350 = ORIENTED_EDGE('',*,*,#912,.T.);
#2351 = ORIENTED_EDGE('',*,*,#2352,.F.);
#2352 = EDGE_CURVE('',#729,#897,#2353,.T.);
#2353 = LINE('',#2354,#2355);
#2354 = CARTESIAN_POINT('',(186.,71.51652892562,12.1));
#2355 = VECTOR('',#2356,1.);
#2356 = DIRECTION('',(-1.,-0.,-0.));
#2357 = PLANE('',#2358);
#2358 = AXIS2_PLACEMENT_3D('',#2359,#2360,#2361);
#2359 = CARTESIAN_POINT('',(186.,96.,-7.65));
#2360 = DIRECTION('',(0.,0.627853867755,0.778331241018));
#2361 = DIRECTION('',(0.,-0.778331241018,0.627853867755));
#2362 = ADVANCED_FACE('',(#2363),#2369,.F.);
#2363 = FACE_BOUND('',#2364,.F.);
#2364 = EDGE_LOOP('',(#2365,#2366,#2367,#2368));
#2365 = ORIENTED_EDGE('',*,*,#728,.F.);
#2366 = ORIENTED_EDGE('',*,*,#2328,.T.);
#2367 = ORIENTED_EDGE('',*,*,#894,.T.);
#2368 = ORIENTED_EDGE('',*,*,#2352,.F.);
#2369 = PLANE('',#2370);
#2370 = AXIS2_PLACEMENT_3D('',#2371,#2372,#2373);
#2371 = CARTESIAN_POINT('',(186.,120.48347107438,12.1));
#2372 = DIRECTION('',(0.,0.,1.));
#2373 = DIRECTION('',(0.,-1.,0.));
#2374 = ADVANCED_FACE('',(#2375),#2381,.T.);
#2375 = FACE_BOUND('',#2376,.F.);
#2376 = EDGE_LOOP('',(#2377,#2378,#2379,#2380));
#2377 = ORIENTED_EDGE('',*,*,#1072,.F.);
#2378 = ORIENTED_EDGE('',*,*,#1650,.T.);
#2379 = ORIENTED_EDGE('',*,*,#1184,.T.);
#2380 = ORIENTED_EDGE('',*,*,#799,.F.);
#2381 = PLANE('',#2382);
#2382 = AXIS2_PLACEMENT_3D('',#2383,#2384,#2385);
#2383 = CARTESIAN_POINT('',(151.5,96.,-13.65));
#2384 = DIRECTION('',(0.,0.627853867755,-0.778331241018));
#2385 = DIRECTION('',(1.,0.,0.));
#2386 = ADVANCED_FACE('',(#2387),#2403,.T.);
#2387 = FACE_BOUND('',#2388,.T.);
#2388 = EDGE_LOOP('',(#2389,#2390,#2396,#2397));
#2389 = ORIENTED_EDGE('',*,*,#944,.F.);
#2390 = ORIENTED_EDGE('',*,*,#2391,.T.);
#2391 = EDGE_CURVE('',#945,#2054,#2392,.T.);
#2392 = LINE('',#2393,#2394);
#2393 = CARTESIAN_POINT('',(155.5,126.5,16.6));
#2394 = VECTOR('',#2395,1.);
#2395 = DIRECTION('',(0.,0.,1.));
#2396 = ORIENTED_EDGE('',*,*,#2069,.F.);
#2397 = ORIENTED_EDGE('',*,*,#2398,.F.);
#2398 = EDGE_CURVE('',#947,#2062,#2399,.T.);
#2399 = LINE('',#2400,#2401);
#2400 = CARTESIAN_POINT('',(165.,103.56497115745,16.6));
#2401 = VECTOR('',#2402,1.);
#2402 = DIRECTION('',(0.,0.,1.));
#2403 = PLANE('',#2404);
#2404 = AXIS2_PLACEMENT_3D('',#2405,#2406,#2407);
#2405 = CARTESIAN_POINT('',(155.5,126.5,16.6));
#2406 = DIRECTION('',(0.923879532511,0.382683432365,0.));
#2407 = DIRECTION('',(0.382683432365,-0.923879532511,0.));
#2408 = ADVANCED_FACE('',(#2409),#2420,.F.);
#2409 = FACE_BOUND('',#2410,.F.);
#2410 = EDGE_LOOP('',(#2411,#2412,#2418,#2419));
#2411 = ORIENTED_EDGE('',*,*,#962,.F.);
#2412 = ORIENTED_EDGE('',*,*,#2413,.T.);
#2413 = EDGE_CURVE('',#955,#2052,#2414,.T.);
#2414 = LINE('',#2415,#2416);
#2415 = CARTESIAN_POINT('',(174.5,126.5,16.6));
#2416 = VECTOR('',#2417,1.);
#2417 = DIRECTION('',(0.,0.,1.));
#2418 = ORIENTED_EDGE('',*,*,#2061,.F.);
#2419 = ORIENTED_EDGE('',*,*,#2398,.F.);
#2420 = PLANE('',#2421);
#2421 = AXIS2_PLACEMENT_3D('',#2422,#2423,#2424);
#2422 = CARTESIAN_POINT('',(174.5,126.5,16.6));
#2423 = DIRECTION('',(0.923879532511,-0.382683432365,0.));
#2424 = DIRECTION('',(-0.382683432365,-0.923879532511,0.));
#2425 = ADVANCED_FACE('',(#2426),#2432,.F.);
#2426 = FACE_BOUND('',#2427,.F.);
#2427 = EDGE_LOOP('',(#2428,#2429,#2430,#2431));
#2428 = ORIENTED_EDGE('',*,*,#954,.F.);
#2429 = ORIENTED_EDGE('',*,*,#2391,.T.);
#2430 = ORIENTED_EDGE('',*,*,#2051,.F.);
#2431 = ORIENTED_EDGE('',*,*,#2413,.F.);
#2432 = PLANE('',#2433);
#2433 = AXIS2_PLACEMENT_3D('',#2434,#2435,#2436);
#2434 = CARTESIAN_POINT('',(155.5,126.5,16.6));
#2435 = DIRECTION('',(0.,1.,0.));
#2436 = DIRECTION('',(1.,0.,0.));
#2437 = ADVANCED_FACE('',(#2438),#2454,.T.);
#2438 = FACE_BOUND('',#2439,.T.);
#2439 = EDGE_LOOP('',(#2440,#2441,#2447,#2448));
#2440 = ORIENTED_EDGE('',*,*,#970,.F.);
#2441 = ORIENTED_EDGE('',*,*,#2442,.T.);
#2442 = EDGE_CURVE('',#971,#1984,#2443,.T.);
#2443 = LINE('',#2444,#2445);
#2444 = CARTESIAN_POINT('',(174.5,115.5,16.6));
#2445 = VECTOR('',#2446,1.);
#2446 = DIRECTION('',(0.,0.,1.));
#2447 = ORIENTED_EDGE('',*,*,#1983,.F.);
#2448 = ORIENTED_EDGE('',*,*,#2449,.F.);
#2449 = EDGE_CURVE('',#973,#1974,#2450,.T.);
#2450 = LINE('',#2451,#2452);
#2451 = CARTESIAN_POINT('',(167.,94.,16.6));
#2452 = VECTOR('',#2453,1.);
#2453 = DIRECTION('',(0.,0.,1.));
#2454 = PLANE('',#2455);
#2455 = AXIS2_PLACEMENT_3D('',#2456,#2457,#2458);
#2456 = CARTESIAN_POINT('',(174.5,115.5,16.6));
#2457 = DIRECTION('',(0.944200181446,-0.329372156318,0.));
#2458 = DIRECTION('',(-0.329372156318,-0.944200181446,0.));
#2459 = ADVANCED_FACE('',(#2460),#2471,.F.);
#2460 = FACE_BOUND('',#2461,.F.);
#2461 = EDGE_LOOP('',(#2462,#2463,#2469,#2470));
#2462 = ORIENTED_EDGE('',*,*,#988,.F.);
#2463 = ORIENTED_EDGE('',*,*,#2464,.T.);
#2464 = EDGE_CURVE('',#981,#1976,#2465,.T.);
#2465 = LINE('',#2466,#2467);
#2466 = CARTESIAN_POINT('',(174.5,72.5,16.6));
#2467 = VECTOR('',#2468,1.);
#2468 = DIRECTION('',(0.,0.,1.));
#2469 = ORIENTED_EDGE('',*,*,#1973,.F.);
#2470 = ORIENTED_EDGE('',*,*,#2449,.F.);
#2471 = PLANE('',#2472);
#2472 = AXIS2_PLACEMENT_3D('',#2473,#2474,#2475);
#2473 = CARTESIAN_POINT('',(174.5,72.5,16.6));
#2474 = DIRECTION('',(-0.944200181446,-0.329372156318,0.));
#2475 = DIRECTION('',(-0.329372156318,0.944200181446,0.));
#2476 = ADVANCED_FACE('',(#2477),#2483,.T.);
#2477 = FACE_BOUND('',#2478,.T.);
#2478 = EDGE_LOOP('',(#2479,#2480,#2481,#2482));
#2479 = ORIENTED_EDGE('',*,*,#980,.F.);
#2480 = ORIENTED_EDGE('',*,*,#2464,.T.);
#2481 = ORIENTED_EDGE('',*,*,#1991,.F.);
#2482 = ORIENTED_EDGE('',*,*,#2442,.F.);
#2483 = PLANE('',#2484);
#2484 = AXIS2_PLACEMENT_3D('',#2485,#2486,#2487);
#2485 = CARTESIAN_POINT('',(174.5,72.5,16.6));
#2486 = DIRECTION('',(-1.,0.,0.));
#2487 = DIRECTION('',(0.,1.,0.));
#2488 = ADVANCED_FACE('',(#2489),#2505,.T.);
#2489 = FACE_BOUND('',#2490,.T.);
#2490 = EDGE_LOOP('',(#2491,#2492,#2498,#2499));
#2491 = ORIENTED_EDGE('',*,*,#996,.F.);
#2492 = ORIENTED_EDGE('',*,*,#2493,.T.);
#2493 = EDGE_CURVE('',#997,#2010,#2494,.T.);
#2494 = LINE('',#2495,#2496);
#2495 = CARTESIAN_POINT('',(155.5,72.5,16.6));
#2496 = VECTOR('',#2497,1.);
#2497 = DIRECTION('',(0.,0.,1.));
#2498 = ORIENTED_EDGE('',*,*,#2009,.F.);
#2499 = ORIENTED_EDGE('',*,*,#2500,.F.);
#2500 = EDGE_CURVE('',#999,#2000,#2501,.T.);
#2501 = LINE('',#2502,#2503);
#2502 = CARTESIAN_POINT('',(163.,94.,16.6));
#2503 = VECTOR('',#2504,1.);
#2504 = DIRECTION('',(0.,0.,1.));
#2505 = PLANE('',#2506);
#2506 = AXIS2_PLACEMENT_3D('',#2507,#2508,#2509);
#2507 = CARTESIAN_POINT('',(155.5,72.5,16.6));
#2508 = DIRECTION('',(-0.944200181446,0.329372156318,0.));
#2509 = DIRECTION('',(0.329372156318,0.944200181446,0.));
#2510 = ADVANCED_FACE('',(#2511),#2522,.F.);
#2511 = FACE_BOUND('',#2512,.F.);
#2512 = EDGE_LOOP('',(#2513,#2514,#2520,#2521));
#2513 = ORIENTED_EDGE('',*,*,#1014,.F.);
#2514 = ORIENTED_EDGE('',*,*,#2515,.T.);
#2515 = EDGE_CURVE('',#1007,#2002,#2516,.T.);
#2516 = LINE('',#2517,#2518);
#2517 = CARTESIAN_POINT('',(155.5,115.5,16.6));
#2518 = VECTOR('',#2519,1.);
#2519 = DIRECTION('',(0.,0.,1.));
#2520 = ORIENTED_EDGE('',*,*,#1999,.F.);
#2521 = ORIENTED_EDGE('',*,*,#2500,.F.);
#2522 = PLANE('',#2523);
#2523 = AXIS2_PLACEMENT_3D('',#2524,#2525,#2526);
#2524 = CARTESIAN_POINT('',(155.5,115.5,16.6));
#2525 = DIRECTION('',(0.944200181446,0.329372156318,0.));
#2526 = DIRECTION('',(0.329372156318,-0.944200181446,0.));
#2527 = ADVANCED_FACE('',(#2528),#2534,.F.);
#2528 = FACE_BOUND('',#2529,.F.);
#2529 = EDGE_LOOP('',(#2530,#2531,#2532,#2533));
#2530 = ORIENTED_EDGE('',*,*,#1006,.F.);
#2531 = ORIENTED_EDGE('',*,*,#2493,.T.);
#2532 = ORIENTED_EDGE('',*,*,#2017,.F.);
#2533 = ORIENTED_EDGE('',*,*,#2515,.F.);
#2534 = PLANE('',#2535);
#2535 = AXIS2_PLACEMENT_3D('',#2536,#2537,#2538);
#2536 = CARTESIAN_POINT('',(155.5,72.5,16.6));
#2537 = DIRECTION('',(-1.,0.,0.));
#2538 = DIRECTION('',(0.,1.,0.));
#2539 = ADVANCED_FACE('',(#2540),#2556,.T.);
#2540 = FACE_BOUND('',#2541,.T.);
#2541 = EDGE_LOOP('',(#2542,#2543,#2549,#2550));
#2542 = ORIENTED_EDGE('',*,*,#1022,.F.);
#2543 = ORIENTED_EDGE('',*,*,#2544,.T.);
#2544 = EDGE_CURVE('',#1023,#2036,#2545,.T.);
#2545 = LINE('',#2546,#2547);
#2546 = CARTESIAN_POINT('',(155.5,61.5,16.6));
#2547 = VECTOR('',#2548,1.);
#2548 = DIRECTION('',(0.,0.,1.));
#2549 = ORIENTED_EDGE('',*,*,#2035,.F.);
#2550 = ORIENTED_EDGE('',*,*,#2551,.F.);
#2551 = EDGE_CURVE('',#1025,#2028,#2552,.T.);
#2552 = LINE('',#2553,#2554);
#2553 = CARTESIAN_POINT('',(174.5,61.5,16.6));
#2554 = VECTOR('',#2555,1.);
#2555 = DIRECTION('',(0.,0.,1.));
#2556 = PLANE('',#2557);
#2557 = AXIS2_PLACEMENT_3D('',#2558,#2559,#2560);
#2558 = CARTESIAN_POINT('',(155.5,61.5,16.6));
#2559 = DIRECTION('',(7.85E-15,1.,0.));
#2560 = DIRECTION('',(1.,-7.85E-15,0.));
#2561 = ADVANCED_FACE('',(#2562),#2573,.T.);
#2562 = FACE_BOUND('',#2563,.T.);
#2563 = EDGE_LOOP('',(#2564,#2565,#2566,#2567));
#2564 = ORIENTED_EDGE('',*,*,#1040,.F.);
#2565 = ORIENTED_EDGE('',*,*,#2551,.T.);
#2566 = ORIENTED_EDGE('',*,*,#2025,.F.);
#2567 = ORIENTED_EDGE('',*,*,#2568,.F.);
#2568 = EDGE_CURVE('',#1033,#2026,#2569,.T.);
#2569 = LINE('',#2570,#2571);
#2570 = CARTESIAN_POINT('',(165.,84.435028842544,16.6));
#2571 = VECTOR('',#2572,1.);
#2572 = DIRECTION('',(0.,0.,1.));
#2573 = PLANE('',#2574);
#2574 = AXIS2_PLACEMENT_3D('',#2575,#2576,#2577);
#2575 = CARTESIAN_POINT('',(174.5,61.5,16.6));
#2576 = DIRECTION('',(-0.923879532511,-0.382683432365,0.));
#2577 = DIRECTION('',(-0.382683432365,0.923879532511,0.));
#2578 = ADVANCED_FACE('',(#2579),#2585,.F.);
#2579 = FACE_BOUND('',#2580,.F.);
#2580 = EDGE_LOOP('',(#2581,#2582,#2583,#2584));
#2581 = ORIENTED_EDGE('',*,*,#1032,.F.);
#2582 = ORIENTED_EDGE('',*,*,#2544,.T.);
#2583 = ORIENTED_EDGE('',*,*,#2043,.F.);
#2584 = ORIENTED_EDGE('',*,*,#2568,.F.);
#2585 = PLANE('',#2586);
#2586 = AXIS2_PLACEMENT_3D('',#2587,#2588,#2589);
#2587 = CARTESIAN_POINT('',(155.5,61.5,16.6));
#2588 = DIRECTION('',(-0.923879532511,0.382683432365,0.));
#2589 = DIRECTION('',(0.382683432365,0.923879532511,0.));
#2590 = ADVANCED_FACE('',(#2591),#2602,.T.);
#2591 = FACE_BOUND('',#2592,.T.);
#2592 = EDGE_LOOP('',(#2593,#2594,#2595,#2596));
#2593 = ORIENTED_EDGE('',*,*,#1111,.T.);
#2594 = ORIENTED_EDGE('',*,*,#1161,.T.);
#2595 = ORIENTED_EDGE('',*,*,#1200,.T.);
#2596 = ORIENTED_EDGE('',*,*,#2597,.F.);
#2597 = EDGE_CURVE('',#1104,#1201,#2598,.T.);
#2598 = LINE('',#2599,#2600);
#2599 = CARTESIAN_POINT('',(186.,63.,6.516666666667));
#2600 = VECTOR('',#2601,1.);
#2601 = DIRECTION('',(-1.,-0.,-0.));
#2602 = PLANE('',#2603);
#2603 = AXIS2_PLACEMENT_3D('',#2604,#2605,#2606);
#2604 = CARTESIAN_POINT('',(186.,63.,1.516666666667));
#2605 = DIRECTION('',(0.,1.,0.));
#2606 = DIRECTION('',(0.,0.,1.));
#2607 = ADVANCED_FACE('',(#2608),#2619,.T.);
#2608 = FACE_BOUND('',#2609,.T.);
#2609 = EDGE_LOOP('',(#2610,#2611,#2612,#2613));
#2610 = ORIENTED_EDGE('',*,*,#1103,.T.);
#2611 = ORIENTED_EDGE('',*,*,#2597,.T.);
#2612 = ORIENTED_EDGE('',*,*,#1208,.T.);
#2613 = ORIENTED_EDGE('',*,*,#2614,.F.);
#2614 = EDGE_CURVE('',#1096,#1209,#2615,.T.);
#2615 = LINE('',#2616,#2617);
#2616 = CARTESIAN_POINT('',(186.,88.,-13.65));
#2617 = VECTOR('',#2618,1.);
#2618 = DIRECTION('',(-1.,-0.,-0.));
#2619 = PLANE('',#2620);
#2620 = AXIS2_PLACEMENT_3D('',#2621,#2622,#2623);
#2621 = CARTESIAN_POINT('',(186.,63.,6.516666666667));
#2622 = DIRECTION('',(0.,-0.627853867755,-0.778331241018));
#2623 = DIRECTION('',(0.,0.778331241018,-0.627853867755));
#2624 = ADVANCED_FACE('',(#2625),#2636,.T.);
#2625 = FACE_BOUND('',#2626,.T.);
#2626 = EDGE_LOOP('',(#2627,#2628,#2629,#2630));
#2627 = ORIENTED_EDGE('',*,*,#1095,.T.);
#2628 = ORIENTED_EDGE('',*,*,#2614,.T.);
#2629 = ORIENTED_EDGE('',*,*,#1216,.T.);
#2630 = ORIENTED_EDGE('',*,*,#2631,.F.);
#2631 = EDGE_CURVE('',#1088,#1217,#2632,.T.);
#2632 = LINE('',#2633,#2634);
#2633 = CARTESIAN_POINT('',(186.,63.,-33.81666666666));
#2634 = VECTOR('',#2635,1.);
#2635 = DIRECTION('',(-1.,-0.,-0.));
#2636 = PLANE('',#2637);
#2637 = AXIS2_PLACEMENT_3D('',#2638,#2639,#2640);
#2638 = CARTESIAN_POINT('',(186.,88.,-13.65));
#2639 = DIRECTION('',(0.,-0.627853867755,0.778331241018));
#2640 = DIRECTION('',(0.,-0.778331241018,-0.627853867755));
#2641 = ADVANCED_FACE('',(#2642),#2648,.T.);
#2642 = FACE_BOUND('',#2643,.T.);
#2643 = EDGE_LOOP('',(#2644,#2645,#2646,#2647));
#2644 = ORIENTED_EDGE('',*,*,#1087,.T.);
#2645 = ORIENTED_EDGE('',*,*,#2631,.T.);
#2646 = ORIENTED_EDGE('',*,*,#1224,.T.);
#2647 = ORIENTED_EDGE('',*,*,#1409,.F.);
#2648 = PLANE('',#2649);
#2649 = AXIS2_PLACEMENT_3D('',#2650,#2651,#2652);
#2650 = CARTESIAN_POINT('',(186.,63.,-33.81666666666));
#2651 = DIRECTION('',(0.,1.,0.));
#2652 = DIRECTION('',(0.,0.,1.));
#2653 = ADVANCED_FACE('',(#2654),#2670,.F.);
#2654 = FACE_BOUND('',#2655,.F.);
#2655 = EDGE_LOOP('',(#2656,#2657,#2663,#2664));
#2656 = ORIENTED_EDGE('',*,*,#1128,.T.);
#2657 = ORIENTED_EDGE('',*,*,#2658,.T.);
#2658 = EDGE_CURVE('',#1131,#1242,#2659,.T.);
#2659 = LINE('',#2660,#2661);
#2660 = CARTESIAN_POINT('',(186.,120.48347107438,12.1));
#2661 = VECTOR('',#2662,1.);
#2662 = DIRECTION('',(-1.,-0.,-0.));
#2663 = ORIENTED_EDGE('',*,*,#1241,.T.);
#2664 = ORIENTED_EDGE('',*,*,#2665,.F.);
#2665 = EDGE_CURVE('',#1129,#1244,#2666,.T.);
#2666 = LINE('',#2667,#2668);
#2667 = CARTESIAN_POINT('',(186.,71.51652892562,12.1));
#2668 = VECTOR('',#2669,1.);
#2669 = DIRECTION('',(-1.,-0.,-0.));
#2670 = PLANE('',#2671);
#2671 = AXIS2_PLACEMENT_3D('',#2672,#2673,#2674);
#2672 = CARTESIAN_POINT('',(186.,120.48347107438,12.1));
#2673 = DIRECTION('',(0.,0.,1.));
#2674 = DIRECTION('',(0.,-1.,0.));
#2675 = ADVANCED_FACE('',(#2676),#2687,.T.);
#2676 = FACE_BOUND('',#2677,.T.);
#2677 = EDGE_LOOP('',(#2678,#2679,#2680,#2681));
#2678 = ORIENTED_EDGE('',*,*,#1146,.T.);
#2679 = ORIENTED_EDGE('',*,*,#2658,.T.);
#2680 = ORIENTED_EDGE('',*,*,#1251,.T.);
#2681 = ORIENTED_EDGE('',*,*,#2682,.F.);
#2682 = EDGE_CURVE('',#1139,#1252,#2683,.T.);
#2683 = LINE('',#2684,#2685);
#2684 = CARTESIAN_POINT('',(186.,96.,-7.65));
#2685 = VECTOR('',#2686,1.);
#2686 = DIRECTION('',(-1.,-0.,-0.));
#2687 = PLANE('',#2688);
#2688 = AXIS2_PLACEMENT_3D('',#2689,#2690,#2691);
#2689 = CARTESIAN_POINT('',(186.,120.48347107438,12.1));
#2690 = DIRECTION('',(0.,-0.627853867755,0.778331241018));
#2691 = DIRECTION('',(0.,-0.778331241018,-0.627853867755));
#2692 = ADVANCED_FACE('',(#2693),#2699,.T.);
#2693 = FACE_BOUND('',#2694,.T.);
#2694 = EDGE_LOOP('',(#2695,#2696,#2697,#2698));
#2695 = ORIENTED_EDGE('',*,*,#1138,.T.);
#2696 = ORIENTED_EDGE('',*,*,#2682,.T.);
#2697 = ORIENTED_EDGE('',*,*,#1259,.T.);
#2698 = ORIENTED_EDGE('',*,*,#2665,.F.);
#2699 = PLANE('',#2700);
#2700 = AXIS2_PLACEMENT_3D('',#2701,#2702,#2703);
#2701 = CARTESIAN_POINT('',(186.,96.,-7.65));
#2702 = DIRECTION('',(0.,0.627853867755,0.778331241018));
#2703 = DIRECTION('',(0.,-0.778331241018,0.627853867755));
#2704 = ADVANCED_FACE('',(#2705),#2711,.T.);
#2705 = FACE_BOUND('',#2706,.T.);
#2706 = EDGE_LOOP('',(#2707,#2708,#2709,#2710));
#2707 = ORIENTED_EDGE('',*,*,#1283,.T.);
#2708 = ORIENTED_EDGE('',*,*,#1423,.T.);
#2709 = ORIENTED_EDGE('',*,*,#1964,.F.);
#2710 = ORIENTED_EDGE('',*,*,#1657,.F.);
#2711 = CYLINDRICAL_SURFACE('',#2712,4.);
#2712 = AXIS2_PLACEMENT_3D('',#2713,#2714,#2715);
#2713 = CARTESIAN_POINT('',(127.,129.5,16.6));
#2714 = DIRECTION('',(0.,2.2E-16,1.));
#2715 = DIRECTION('',(0.,1.,-2.2E-16));
#2716 = ADVANCED_FACE('',(#2717),#2733,.T.);
#2717 = FACE_BOUND('',#2718,.T.);
#2718 = EDGE_LOOP('',(#2719,#2720,#2726,#2727));
#2719 = ORIENTED_EDGE('',*,*,#1300,.F.);
#2720 = ORIENTED_EDGE('',*,*,#2721,.T.);
#2721 = EDGE_CURVE('',#1301,#2080,#2722,.T.);
#2722 = LINE('',#2723,#2724);
#2723 = CARTESIAN_POINT('',(141.,116.3,16.6));
#2724 = VECTOR('',#2725,1.);
#2725 = DIRECTION('',(0.,0.,1.));
#2726 = ORIENTED_EDGE('',*,*,#2095,.F.);
#2727 = ORIENTED_EDGE('',*,*,#2728,.F.);
#2728 = EDGE_CURVE('',#1303,#2088,#2729,.T.);
#2729 = LINE('',#2730,#2731);
#2730 = CARTESIAN_POINT('',(126.,107.63974596215,16.6));
#2731 = VECTOR('',#2732,1.);
#2732 = DIRECTION('',(0.,0.,1.));
#2733 = PLANE('',#2734);
#2734 = AXIS2_PLACEMENT_3D('',#2735,#2736,#2737);
#2735 = CARTESIAN_POINT('',(141.,116.3,16.6));
#2736 = DIRECTION('',(0.5,-0.866025403784,0.));
#2737 = DIRECTION('',(-0.866025403784,-0.5,0.));
#2738 = ADVANCED_FACE('',(#2739),#2750,.F.);
#2739 = FACE_BOUND('',#2740,.F.);
#2740 = EDGE_LOOP('',(#2741,#2742,#2748,#2749));
#2741 = ORIENTED_EDGE('',*,*,#1318,.F.);
#2742 = ORIENTED_EDGE('',*,*,#2743,.T.);
#2743 = EDGE_CURVE('',#1311,#2078,#2744,.T.);
#2744 = LINE('',#2745,#2746);
#2745 = CARTESIAN_POINT('',(141.,98.979491924311,16.6));
#2746 = VECTOR('',#2747,1.);
#2747 = DIRECTION('',(0.,0.,1.));
#2748 = ORIENTED_EDGE('',*,*,#2087,.F.);
#2749 = ORIENTED_EDGE('',*,*,#2728,.F.);
#2750 = PLANE('',#2751);
#2751 = AXIS2_PLACEMENT_3D('',#2752,#2753,#2754);
#2752 = CARTESIAN_POINT('',(141.,98.979491924311,16.6));
#2753 = DIRECTION('',(-0.5,-0.866025403784,0.));
#2754 = DIRECTION('',(-0.866025403784,0.5,0.));
#2755 = ADVANCED_FACE('',(#2756),#2762,.F.);
#2756 = FACE_BOUND('',#2757,.F.);
#2757 = EDGE_LOOP('',(#2758,#2759,#2760,#2761));
#2758 = ORIENTED_EDGE('',*,*,#1310,.F.);
#2759 = ORIENTED_EDGE('',*,*,#2721,.T.);
#2760 = ORIENTED_EDGE('',*,*,#2077,.F.);
#2761 = ORIENTED_EDGE('',*,*,#2743,.F.);
#2762 = PLANE('',#2763);
#2763 = AXIS2_PLACEMENT_3D('',#2764,#2765,#2766);
#2764 = CARTESIAN_POINT('',(141.,116.3,16.6));
#2765 = DIRECTION('',(1.,4.92E-15,0.));
#2766 = DIRECTION('',(4.92E-15,-1.,0.));
#2767 = ADVANCED_FACE('',(#2768),#2779,.F.);
#2768 = FACE_BOUND('',#2769,.F.);
#2769 = EDGE_LOOP('',(#2770,#2771,#2777,#2778));
#2770 = ORIENTED_EDGE('',*,*,#2173,.F.);
#2771 = ORIENTED_EDGE('',*,*,#2772,.T.);
#2772 = EDGE_CURVE('',#2174,#1327,#2773,.T.);
#2773 = LINE('',#2774,#2775);
#2774 = CARTESIAN_POINT('',(133.2,125.9,20.1));
#2775 = VECTOR('',#2776,1.);
#2776 = DIRECTION('',(-0.,-0.,-1.));
#2777 = ORIENTED_EDGE('',*,*,#1326,.T.);
#2778 = ORIENTED_EDGE('',*,*,#2772,.F.);
#2779 = CYLINDRICAL_SURFACE('',#2780,2.6);
#2780 = AXIS2_PLACEMENT_3D('',#2781,#2782,#2783);
#2781 = CARTESIAN_POINT('',(130.6,125.9,20.1));
#2782 = DIRECTION('',(0.,0.,1.));
#2783 = DIRECTION('',(1.,0.,0.));
#2784 = ADVANCED_FACE('',(#2785),#2801,.F.);
#2785 = FACE_BOUND('',#2786,.F.);
#2786 = EDGE_LOOP('',(#2787,#2788,#2794,#2795));
#2787 = ORIENTED_EDGE('',*,*,#1337,.F.);
#2788 = ORIENTED_EDGE('',*,*,#2789,.T.);
#2789 = EDGE_CURVE('',#1338,#2150,#2790,.T.);
#2790 = LINE('',#2791,#2792);
#2791 = CARTESIAN_POINT('',(126.,102.66025403784,16.6));
#2792 = VECTOR('',#2793,1.);
#2793 = DIRECTION('',(0.,0.,1.));
#2794 = ORIENTED_EDGE('',*,*,#2157,.F.);
#2795 = ORIENTED_EDGE('',*,*,#2796,.F.);
#2796 = EDGE_CURVE('',#1340,#2142,#2797,.T.);
#2797 = LINE('',#2798,#2799);
#2798 = CARTESIAN_POINT('',(141.,94.,16.6));
#2799 = VECTOR('',#2800,1.);
#2800 = DIRECTION('',(0.,0.,1.));
#2801 = PLANE('',#2802);
#2802 = AXIS2_PLACEMENT_3D('',#2803,#2804,#2805);
#2803 = CARTESIAN_POINT('',(126.,102.66025403784,16.6));
#2804 = DIRECTION('',(0.5,0.866025403784,0.));
#2805 = DIRECTION('',(0.866025403784,-0.5,0.));
#2806 = ADVANCED_FACE('',(#2807),#2818,.F.);
#2807 = FACE_BOUND('',#2808,.F.);
#2808 = EDGE_LOOP('',(#2809,#2810,#2816,#2817));
#2809 = ORIENTED_EDGE('',*,*,#1355,.F.);
#2810 = ORIENTED_EDGE('',*,*,#2811,.T.);
#2811 = EDGE_CURVE('',#1348,#2140,#2812,.T.);
#2812 = LINE('',#2813,#2814);
#2813 = CARTESIAN_POINT('',(126.,85.339745962156,16.6));
#2814 = VECTOR('',#2815,1.);
#2815 = DIRECTION('',(0.,0.,1.));
#2816 = ORIENTED_EDGE('',*,*,#2149,.F.);
#2817 = ORIENTED_EDGE('',*,*,#2789,.F.);
#2818 = PLANE('',#2819);
#2819 = AXIS2_PLACEMENT_3D('',#2820,#2821,#2822);
#2820 = CARTESIAN_POINT('',(126.,85.339745962156,16.6));
#2821 = DIRECTION('',(-1.,-3.528E-14,0.));
#2822 = DIRECTION('',(-3.528E-14,1.,0.));
#2823 = ADVANCED_FACE('',(#2824),#2830,.F.);
#2824 = FACE_BOUND('',#2825,.F.);
#2825 = EDGE_LOOP('',(#2826,#2827,#2828,#2829));
#2826 = ORIENTED_EDGE('',*,*,#1347,.F.);
#2827 = ORIENTED_EDGE('',*,*,#2796,.T.);
#2828 = ORIENTED_EDGE('',*,*,#2139,.F.);
#2829 = ORIENTED_EDGE('',*,*,#2811,.F.);
#2830 = PLANE('',#2831);
#2831 = AXIS2_PLACEMENT_3D('',#2832,#2833,#2834);
#2832 = CARTESIAN_POINT('',(141.,94.,16.6));
#2833 = DIRECTION('',(0.5,-0.866025403784,0.));
#2834 = DIRECTION('',(-0.866025403784,-0.5,0.));
#2835 = ADVANCED_FACE('',(#2836),#2852,.T.);
#2836 = FACE_BOUND('',#2837,.T.);
#2837 = EDGE_LOOP('',(#2838,#2839,#2845,#2846));
#2838 = ORIENTED_EDGE('',*,*,#1363,.F.);
#2839 = ORIENTED_EDGE('',*,*,#2840,.T.);
#2840 = EDGE_CURVE('',#1364,#2119,#2841,.T.);
#2841 = LINE('',#2842,#2843);
#2842 = CARTESIAN_POINT('',(141.,71.7,16.6));
#2843 = VECTOR('',#2844,1.);
#2844 = DIRECTION('',(0.,0.,1.));
#2845 = ORIENTED_EDGE('',*,*,#2118,.F.);
#2846 = ORIENTED_EDGE('',*,*,#2847,.F.);
#2847 = EDGE_CURVE('',#1366,#2111,#2848,.T.);
#2848 = LINE('',#2849,#2850);
#2849 = CARTESIAN_POINT('',(141.,89.020508075688,16.6));
#2850 = VECTOR('',#2851,1.);
#2851 = DIRECTION('',(0.,0.,1.));
#2852 = PLANE('',#2853);
#2853 = AXIS2_PLACEMENT_3D('',#2854,#2855,#2856);
#2854 = CARTESIAN_POINT('',(141.,71.7,16.6));
#2855 = DIRECTION('',(-1.,1.64E-15,0.));
#2856 = DIRECTION('',(1.64E-15,1.,0.));
#2857 = ADVANCED_FACE('',(#2858),#2869,.T.);
#2858 = FACE_BOUND('',#2859,.T.);
#2859 = EDGE_LOOP('',(#2860,#2861,#2862,#2863));
#2860 = ORIENTED_EDGE('',*,*,#1381,.F.);
#2861 = ORIENTED_EDGE('',*,*,#2847,.T.);
#2862 = ORIENTED_EDGE('',*,*,#2108,.F.);
#2863 = ORIENTED_EDGE('',*,*,#2864,.F.);
#2864 = EDGE_CURVE('',#1374,#2109,#2865,.T.);
#2865 = LINE('',#2866,#2867);
#2866 = CARTESIAN_POINT('',(126.,80.360254037844,16.6));
#2867 = VECTOR('',#2868,1.);
#2868 = DIRECTION('',(0.,0.,1.));
#2869 = PLANE('',#2870);
#2870 = AXIS2_PLACEMENT_3D('',#2871,#2872,#2873);
#2871 = CARTESIAN_POINT('',(141.,89.020508075688,16.6));
#2872 = DIRECTION('',(0.5,-0.866025403784,0.));
#2873 = DIRECTION('',(-0.866025403784,-0.5,0.));
#2874 = ADVANCED_FACE('',(#2875),#2881,.F.);
#2875 = FACE_BOUND('',#2876,.F.);
#2876 = EDGE_LOOP('',(#2877,#2878,#2879,#2880));
#2877 = ORIENTED_EDGE('',*,*,#1373,.F.);
#2878 = ORIENTED_EDGE('',*,*,#2840,.T.);
#2879 = ORIENTED_EDGE('',*,*,#2126,.F.);
#2880 = ORIENTED_EDGE('',*,*,#2864,.F.);
#2881 = PLANE('',#2882);
#2882 = AXIS2_PLACEMENT_3D('',#2883,#2884,#2885);
#2883 = CARTESIAN_POINT('',(141.,71.7,16.6));
#2884 = DIRECTION('',(-0.5,-0.866025403784,0.));
#2885 = DIRECTION('',(-0.866025403784,0.5,0.));
#2886 = ADVANCED_FACE('',(#2887),#2898,.F.);
#2887 = FACE_BOUND('',#2888,.F.);
#2888 = EDGE_LOOP('',(#2889,#2890,#2896,#2897));
#2889 = ORIENTED_EDGE('',*,*,#2187,.F.);
#2890 = ORIENTED_EDGE('',*,*,#2891,.T.);
#2891 = EDGE_CURVE('',#2188,#1390,#2892,.T.);
#2892 = LINE('',#2893,#2894);
#2893 = CARTESIAN_POINT('',(133.2,66.1,20.1));
#2894 = VECTOR('',#2895,1.);
#2895 = DIRECTION('',(-0.,-0.,-1.));
#2896 = ORIENTED_EDGE('',*,*,#1389,.T.);
#2897 = ORIENTED_EDGE('',*,*,#2891,.F.);
#2898 = CYLINDRICAL_SURFACE('',#2899,2.6);
#2899 = AXIS2_PLACEMENT_3D('',#2900,#2901,#2902);
#2900 = CARTESIAN_POINT('',(130.6,66.1,20.1));
#2901 = DIRECTION('',(0.,0.,1.));
#2902 = DIRECTION('',(1.,0.,0.));
#2903 = ADVANCED_FACE('',(#2904),#2915,.F.);
#2904 = FACE_BOUND('',#2905,.T.);
#2905 = EDGE_LOOP('',(#2906,#2912,#2913,#2914));
#2906 = ORIENTED_EDGE('',*,*,#2907,.F.);
#2907 = EDGE_CURVE('',#2216,#1578,#2908,.T.);
#2908 = LINE('',#2909,#2910);
#2909 = CARTESIAN_POINT('',(157.08845138549,54.5,-1.9));
#2910 = VECTOR('',#2911,1.);
#2911 = DIRECTION('',(0.707106781187,0.707106781187,0.));
#2912 = ORIENTED_EDGE('',*,*,#2215,.T.);
#2913 = ORIENTED_EDGE('',*,*,#2907,.T.);
#2914 = ORIENTED_EDGE('',*,*,#1577,.F.);
#2915 = CONICAL_SURFACE('',#2916,5.,0.785398163397);
#2916 = AXIS2_PLACEMENT_3D('',#2917,#2918,#2919);
#2917 = CARTESIAN_POINT('',(162.08845138549,54.5,-1.9));
#2918 = DIRECTION('',(-0.,-1.,-0.));
#2919 = DIRECTION('',(-1.,0.,0.));
#2920 = ADVANCED_FACE('',(#2921),#2932,.F.);
#2921 = FACE_BOUND('',#2922,.T.);
#2922 = EDGE_LOOP('',(#2923,#2929,#2930,#2931));
#2923 = ORIENTED_EDGE('',*,*,#2924,.F.);
#2924 = EDGE_CURVE('',#2230,#1602,#2925,.T.);
#2925 = LINE('',#2926,#2927);
#2926 = CARTESIAN_POINT('',(157.08845138549,54.5,-21.9));
#2927 = VECTOR('',#2928,1.);
#2928 = DIRECTION('',(0.707106781187,0.707106781187,0.));
#2929 = ORIENTED_EDGE('',*,*,#2229,.T.);
#2930 = ORIENTED_EDGE('',*,*,#2924,.T.);
#2931 = ORIENTED_EDGE('',*,*,#1601,.F.);
#2932 = CONICAL_SURFACE('',#2933,5.,0.785398163397);
#2933 = AXIS2_PLACEMENT_3D('',#2934,#2935,#2936);
#2934 = CARTESIAN_POINT('',(162.08845138549,54.5,-21.9));
#2935 = DIRECTION('',(-0.,-1.,-0.));
#2936 = DIRECTION('',(-1.,0.,0.));
#2937 = ( GEOMETRIC_REPRESENTATION_CONTEXT(3) 
GLOBAL_UNCERTAINTY_ASSIGNED_CONTEXT((#2941)) 
GLOBAL_UNIT_ASSIGNED_CONTEXT((#2938,#2939,#2940)) REPRESENTATION_CONTEXT
('Context #1','3D Context with UNIT and UNCERTAINTY') );
#2938 = ( LENGTH_UNIT() NAMED_UNIT(*) SI_UNIT(.MILLI.,.METRE.) );
#2939 = ( NAMED_UNIT(*) PLANE_ANGLE_UNIT() SI_UNIT($,.RADIAN.) );
#2940 = ( NAMED_UNIT(*) SI_UNIT($,.STERADIAN.) SOLID_ANGLE_UNIT() );
#2941 = UNCERTAINTY_MEASURE_WITH_UNIT(LENGTH_MEASURE(5.E-05),#2938,
  'distance_accuracy_value','confusion accuracy');
#2942 = PRODUCT_RELATED_PRODUCT_CATEGORY('part',$,(#7));
#2943 = MECHANICAL_DESIGN_GEOMETRIC_PRESENTATION_REPRESENTATION('',(
    #2944),#2937);
#2944 = STYLED_ITEM('color',(#2945),#15);
#2945 = PRESENTATION_STYLE_ASSIGNMENT((#2946,#2952));
#2946 = SURFACE_STYLE_USAGE(.BOTH.,#2947);
#2947 = SURFACE_SIDE_STYLE('',(#2948));
#2948 = SURFACE_STYLE_FILL_AREA(#2949);
#2949 = FILL_AREA_STYLE('',(#2950));
#2950 = FILL_AREA_STYLE_COLOUR('',#2951);
#2951 = COLOUR_RGB('',0.447058818107,0.474509808674,0.501960817233);
#2952 = CURVE_STYLE('',#2953,POSITIVE_LENGTH_MEASURE(0.1),#2954);
#2953 = DRAUGHTING_PRE_DEFINED_CURVE_FONT('continuous');
#2954 = COLOUR_RGB('',9.803921802644E-02,9.803921802644E-02,
  9.803921802644E-02);
ENDSEC;
END-ISO-10303-21;
