ISO-10303-21;
HEADER;
FILE_DESCRIPTION(('FreeCAD Model'),'2;1');
FILE_NAME('Open CASCADE Shape Model','2026-08-04T11:22:40',('Author'),(
    ''),'Open CASCADE STEP processor 7.8','FreeCAD','Unknown');
FILE_SCHEMA(('AUTOMOTIVE_DESIGN { 1 0 10303 214 1 1 1 1 }'));
ENDSEC;
DATA;
#1 = APPLICATION_PROTOCOL_DEFINITION('international standard',
  'automotive_design',2000,#2);
#2 = APPLICATION_CONTEXT(
  'core data for automotive mechanical design processes');
#3 = SHAPE_DEFINITION_REPRESENTATION(#4,#10);
#4 = PRODUCT_DEFINITION_SHAPE('','',#5);
#5 = PRODUCT_DEFINITION('design','',#6,#9);
#6 = PRODUCT_DEFINITION_FORMATION('','',#7);
#7 = PRODUCT('Assembly','Assembly','',(#8));
#8 = PRODUCT_CONTEXT('',#2,'mechanical');
#9 = PRODUCT_DEFINITION_CONTEXT('part definition',#2,'design');
#10 = SHAPE_REPRESENTATION('',(#11,#15,#19,#23,#27,#31,#35,#39,#43,#47,
    #51,#55),#59);
#11 = AXIS2_PLACEMENT_3D('',#12,#13,#14);
#12 = CARTESIAN_POINT('',(0.,0.,0.));
#13 = DIRECTION('',(0.,0.,1.));
#14 = DIRECTION('',(1.,0.,-0.));
#15 = AXIS2_PLACEMENT_3D('',#16,#17,#18);
#16 = CARTESIAN_POINT('',(4.7E-15,39.299995031804,52.569999505333));
#17 = DIRECTION('',(3.496911342258E-23,8.742278355644E-08,-1.));
#18 = DIRECTION('',(1.,-8.E-16,-3.496911342258E-23));
#19 = AXIS2_PLACEMENT_3D('',#20,#21,#22);
#20 = CARTESIAN_POINT('',(21.186739605953,18.15000120123,-18.00000234365
    ));
#21 = DIRECTION('',(-5.449942483429E-03,-0.999985148953,
    -8.742148535884E-08));
#22 = DIRECTION('',(0.999985148953,-5.449942483429E-03,
    -4.76449181757E-10));
#23 = AXIS2_PLACEMENT_3D('',#24,#25,#26);
#24 = CARTESIAN_POINT('',(38.153787483257,12.057449152818,
    -107.9940001715));
#25 = DIRECTION('',(5.449942483429E-03,0.999985148953,8.742148491138E-08
    ));
#26 = DIRECTION('',(-0.999985148953,5.449942483429E-03,
    4.764497984512E-10));
#27 = AXIS2_PLACEMENT_3D('',#28,#29,#30);
#28 = CARTESIAN_POINT('',(21.186739605953,18.150009331549,
    -111.0000023436));
#29 = DIRECTION('',(8.745035761061E-17,-8.742278351795E-08,1.));
#30 = DIRECTION('',(0.999985148953,-5.449942483347E-03,
    -4.76449229356E-10));
#31 = AXIS2_PLACEMENT_3D('',#32,#33,#34);
#32 = CARTESIAN_POINT('',(-24.68666663339,17.650010502489,
    -124.3939996826));
#33 = DIRECTION('',(4.620406470043E-16,-8.742278280126E-08,1.));
#34 = DIRECTION('',(-0.999985148953,5.449942483429E-03,4.76449600042E-10
    ));
#35 = AXIS2_PLACEMENT_3D('',#36,#37,#38);
#36 = CARTESIAN_POINT('',(-24.7,17.650010767905,-127.4300023873));
#37 = DIRECTION('',(6.734023539383E-05,-8.742278265136E-08,
    0.999999997733));
#38 = DIRECTION('',(-0.999999997733,-5.886392115265E-12,
    6.734023539383E-05));
#39 = AXIS2_PLACEMENT_3D('',#40,#41,#42);
#40 = CARTESIAN_POINT('',(42.3,39.29999835387,14.569999505333));
#41 = DIRECTION('',(-2.476485905132E-23,-8.74227836E-08,1.));
#42 = DIRECTION('',(-1.,5.665538897648E-16,2.476485905132E-23));
#43 = AXIS2_PLACEMENT_3D('',#44,#45,#46);
#44 = CARTESIAN_POINT('',(50.848999224337,23.988438332794,
    -109.8939991285));
#45 = DIRECTION('',(4.620406470043E-16,-8.742278280126E-08,1.));
#46 = DIRECTION('',(-0.999985148953,5.449942483429E-03,4.76449600042E-10
    ));
#47 = AXIS2_PLACEMENT_3D('',#48,#49,#50);
#48 = CARTESIAN_POINT('',(-109.1281873238,28.610371738344,
    -90.44399872448));
#49 = DIRECTION('',(-5.458027342698E-16,8.742278306519E-08,-1.));
#50 = DIRECTION('',(0.999985148953,-5.44994248343E-03,
    -4.764496852412E-10));
#51 = AXIS2_PLACEMENT_3D('',#52,#53,#54);
#52 = CARTESIAN_POINT('',(59.869302849228,27.689334859391,-129.343998805
    ));
#53 = DIRECTION('',(4.620406470043E-16,-8.742278280126E-08,1.));
#54 = DIRECTION('',(-0.999985148953,5.449942483429E-03,4.76449600042E-10
    ));
#55 = AXIS2_PLACEMENT_3D('',#56,#57,#58);
#56 = CARTESIAN_POINT('',(167.30000000004,-27.09998822673,
    -138.9300062995));
#57 = DIRECTION('',(8.24878167106E-16,1.,8.742278412299E-08));
#58 = DIRECTION('',(-1.,8.248781650385E-16,2.36500074082E-17));
#59 = ( GEOMETRIC_REPRESENTATION_CONTEXT(3) 
GLOBAL_UNCERTAINTY_ASSIGNED_CONTEXT((#63)) GLOBAL_UNIT_ASSIGNED_CONTEXT(
(#60,#61,#62)) REPRESENTATION_CONTEXT('Context #1',
  '3D Context with UNIT and UNCERTAINTY') );
#60 = ( LENGTH_UNIT() NAMED_UNIT(*) SI_UNIT(.MILLI.,.METRE.) );
#61 = ( NAMED_UNIT(*) PLANE_ANGLE_UNIT() SI_UNIT($,.RADIAN.) );
#62 = ( NAMED_UNIT(*) SI_UNIT($,.STERADIAN.) SOLID_ANGLE_UNIT() );
#63 = UNCERTAINTY_MEASURE_WITH_UNIT(LENGTH_MEASURE(5.E-05),#60,
  'distance_accuracy_value','confusion accuracy');
#64 = PRODUCT_RELATED_PRODUCT_CATEGORY('part',$,(#7));
#65 = SHAPE_DEFINITION_REPRESENTATION(#66,#72);
#66 = PRODUCT_DEFINITION_SHAPE('','',#67);
#67 = PRODUCT_DEFINITION('design','',#68,#71);
#68 = PRODUCT_DEFINITION_FORMATION('','',#69);
#69 = PRODUCT('Body','Body','',(#70));
#70 = PRODUCT_CONTEXT('',#2,'mechanical');
#71 = PRODUCT_DEFINITION_CONTEXT('part definition',#2,'design');
#72 = ADVANCED_BREP_SHAPE_REPRESENTATION('',(#11,#73),#1669);
#73 = MANIFOLD_SOLID_BREP('',#74);
#74 = CLOSED_SHELL('',(#75,#145,#193,#299,#310,#342,#434,#446,#466,#491,
    #511,#536,#655,#784,#808,#832,#920,#1008,#1032,#1056,#1137,#1162,
    #1187,#1212,#1237,#1273,#1290,#1307,#1324,#1341,#1358,#1375,#1387,
    #1399,#1430,#1454,#1478,#1495,#1512,#1529,#1546,#1558,#1575,#1592,
    #1609,#1621,#1630,#1639,#1648,#1657));
#75 = ADVANCED_FACE('',(#76),#140,.T.);
#76 = FACE_BOUND('',#77,.T.);
#77 = EDGE_LOOP('',(#78,#88,#103,#111,#126,#134));
#78 = ORIENTED_EDGE('',*,*,#79,.T.);
#79 = EDGE_CURVE('',#80,#82,#84,.T.);
#80 = VERTEX_POINT('',#81);
#81 = CARTESIAN_POINT('',(23.15,22.65,37.67));
#82 = VERTEX_POINT('',#83);
#83 = CARTESIAN_POINT('',(23.15,22.65,52.07));
#84 = LINE('',#85,#86);
#85 = CARTESIAN_POINT('',(23.15,22.65,37.67));
#86 = VECTOR('',#87,1.);
#87 = DIRECTION('',(0.,0.,1.));
#88 = ORIENTED_EDGE('',*,*,#89,.T.);
#89 = EDGE_CURVE('',#82,#90,#92,.T.);
#90 = VERTEX_POINT('',#91);
#91 = CARTESIAN_POINT('',(23.15,22.15,52.57));
#92 = B_SPLINE_CURVE_WITH_KNOTS('',9,(#93,#94,#95,#96,#97,#98,#99,#100,
    #101,#102),.UNSPECIFIED.,.F.,.F.,(10,10),(0.,1.),
  .PIECEWISE_BEZIER_KNOTS.);
#93 = CARTESIAN_POINT('',(23.15,22.65,52.07));
#94 = CARTESIAN_POINT('',(23.15,22.65,52.157707972506));
#95 = CARTESIAN_POINT('',(23.15,22.634680492802,52.245416902885));
#96 = CARTESIAN_POINT('',(23.15,22.602503218427,52.330062039372));
#97 = CARTESIAN_POINT('',(23.15,22.553052798669,52.407539542069));
#98 = CARTESIAN_POINT('',(23.15,22.487539542069,52.473052798669));
#99 = CARTESIAN_POINT('',(23.15,22.410062039372,52.522503218427));
#100 = CARTESIAN_POINT('',(23.15,22.325416902885,52.554680492802));
#101 = CARTESIAN_POINT('',(23.15,22.237707972506,52.57));
#102 = CARTESIAN_POINT('',(23.15,22.15,52.57));
#103 = ORIENTED_EDGE('',*,*,#104,.T.);
#104 = EDGE_CURVE('',#90,#105,#107,.T.);
#105 = VERTEX_POINT('',#106);
#106 = CARTESIAN_POINT('',(23.15,20.15,52.57));
#107 = LINE('',#108,#109);
#108 = CARTESIAN_POINT('',(23.15,22.65,52.57));
#109 = VECTOR('',#110,1.);
#110 = DIRECTION('',(0.,-1.,0.));
#111 = ORIENTED_EDGE('',*,*,#112,.F.);
#112 = EDGE_CURVE('',#113,#105,#115,.T.);
#113 = VERTEX_POINT('',#114);
#114 = CARTESIAN_POINT('',(23.15,19.65,52.07));
#115 = B_SPLINE_CURVE_WITH_KNOTS('',9,(#116,#117,#118,#119,#120,#121,
    #122,#123,#124,#125),.UNSPECIFIED.,.F.,.F.,(10,10),(0.,1.),
  .PIECEWISE_BEZIER_KNOTS.);
#116 = CARTESIAN_POINT('',(23.15,19.65,52.07));
#117 = CARTESIAN_POINT('',(23.15,19.65,52.157707972506));
#118 = CARTESIAN_POINT('',(23.15,19.665319507198,52.245416902885));
#119 = CARTESIAN_POINT('',(23.15,19.697496781573,52.330062039372));
#120 = CARTESIAN_POINT('',(23.15,19.746947201331,52.407539542069));
#121 = CARTESIAN_POINT('',(23.15,19.812460457931,52.473052798669));
#122 = CARTESIAN_POINT('',(23.15,19.889937960628,52.522503218427));
#123 = CARTESIAN_POINT('',(23.15,19.974583097115,52.554680492802));
#124 = CARTESIAN_POINT('',(23.15,20.062292027494,52.57));
#125 = CARTESIAN_POINT('',(23.15,20.15,52.57));
#126 = ORIENTED_EDGE('',*,*,#127,.F.);
#127 = EDGE_CURVE('',#128,#113,#130,.T.);
#128 = VERTEX_POINT('',#129);
#129 = CARTESIAN_POINT('',(23.15,19.65,37.67));
#130 = LINE('',#131,#132);
#131 = CARTESIAN_POINT('',(23.15,19.65,37.67));
#132 = VECTOR('',#133,1.);
#133 = DIRECTION('',(0.,0.,1.));
#134 = ORIENTED_EDGE('',*,*,#135,.F.);
#135 = EDGE_CURVE('',#80,#128,#136,.T.);
#136 = LINE('',#137,#138);
#137 = CARTESIAN_POINT('',(23.15,22.65,37.67));
#138 = VECTOR('',#139,1.);
#139 = DIRECTION('',(0.,-1.,0.));
#140 = PLANE('',#141);
#141 = AXIS2_PLACEMENT_3D('',#142,#143,#144);
#142 = CARTESIAN_POINT('',(23.15,22.65,37.67));
#143 = DIRECTION('',(1.,0.,0.));
#144 = DIRECTION('',(0.,-1.,0.));
#145 = ADVANCED_FACE('',(#146),#188,.T.);
#146 = FACE_BOUND('',#147,.F.);
#147 = EDGE_LOOP('',(#148,#149,#158,#165,#172,#173,#180,#181));
#148 = ORIENTED_EDGE('',*,*,#127,.F.);
#149 = ORIENTED_EDGE('',*,*,#150,.T.);
#150 = EDGE_CURVE('',#128,#151,#153,.T.);
#151 = VERTEX_POINT('',#152);
#152 = CARTESIAN_POINT('',(23.65,21.15,37.67));
#153 = CIRCLE('',#154,2.5);
#154 = AXIS2_PLACEMENT_3D('',#155,#156,#157);
#155 = CARTESIAN_POINT('',(21.15,21.15,37.67));
#156 = DIRECTION('',(0.,0.,1.));
#157 = DIRECTION('',(1.,0.,0.));
#158 = ORIENTED_EDGE('',*,*,#159,.T.);
#159 = EDGE_CURVE('',#151,#160,#162,.T.);
#160 = VERTEX_POINT('',#161);
#161 = CARTESIAN_POINT('',(23.65,21.15,34.57));
#162 = B_SPLINE_CURVE_WITH_KNOTS('',1,(#163,#164),.UNSPECIFIED.,.F.,.F.,
  (2,2),(-3.1,0.),.PIECEWISE_BEZIER_KNOTS.);
#163 = CARTESIAN_POINT('',(23.65,21.15,37.67));
#164 = CARTESIAN_POINT('',(23.65,21.15,34.57));
#165 = ORIENTED_EDGE('',*,*,#166,.F.);
#166 = EDGE_CURVE('',#160,#160,#167,.T.);
#167 = CIRCLE('',#168,2.5);
#168 = AXIS2_PLACEMENT_3D('',#169,#170,#171);
#169 = CARTESIAN_POINT('',(21.15,21.15,34.57));
#170 = DIRECTION('',(0.,0.,1.));
#171 = DIRECTION('',(1.,0.,0.));
#172 = ORIENTED_EDGE('',*,*,#159,.F.);
#173 = ORIENTED_EDGE('',*,*,#174,.T.);
#174 = EDGE_CURVE('',#151,#80,#175,.T.);
#175 = CIRCLE('',#176,2.5);
#176 = AXIS2_PLACEMENT_3D('',#177,#178,#179);
#177 = CARTESIAN_POINT('',(21.15,21.15,37.67));
#178 = DIRECTION('',(0.,0.,1.));
#179 = DIRECTION('',(1.,0.,0.));
#180 = ORIENTED_EDGE('',*,*,#79,.T.);
#181 = ORIENTED_EDGE('',*,*,#182,.T.);
#182 = EDGE_CURVE('',#82,#113,#183,.T.);
#183 = CIRCLE('',#184,2.5);
#184 = AXIS2_PLACEMENT_3D('',#185,#186,#187);
#185 = CARTESIAN_POINT('',(21.15,21.15,52.07));
#186 = DIRECTION('',(0.,-0.,1.));
#187 = DIRECTION('',(0.8,0.6,0.));
#188 = CYLINDRICAL_SURFACE('',#189,2.5);
#189 = AXIS2_PLACEMENT_3D('',#190,#191,#192);
#190 = CARTESIAN_POINT('',(21.15,21.15,34.57));
#191 = DIRECTION('',(-0.,-0.,-1.));
#192 = DIRECTION('',(1.,0.,0.));
#193 = ADVANCED_FACE('',(#194),#217,.T.);
#194 = FACE_BOUND('',#195,.T.);
#195 = EDGE_LOOP('',(#196,#203,#216));
#196 = ORIENTED_EDGE('',*,*,#197,.F.);
#197 = EDGE_CURVE('',#198,#82,#200,.T.);
#198 = VERTEX_POINT('',#199);
#199 = CARTESIAN_POINT('',(22.75,22.35,52.57));
#200 = B_SPLINE_CURVE_WITH_KNOTS('',1,(#201,#202),.UNSPECIFIED.,.F.,.F.,
  (2,2),(0.,0.707106781187),.PIECEWISE_BEZIER_KNOTS.);
#201 = CARTESIAN_POINT('',(22.75,22.35,52.57));
#202 = CARTESIAN_POINT('',(23.15,22.65,52.07));
#203 = ORIENTED_EDGE('',*,*,#204,.F.);
#204 = EDGE_CURVE('',#90,#198,#205,.T.);
#205 = B_SPLINE_CURVE_WITH_KNOTS('',9,(#206,#207,#208,#209,#210,#211,
    #212,#213,#214,#215),.UNSPECIFIED.,.F.,.F.,(10,10),(0.,1.),
  .PIECEWISE_BEZIER_KNOTS.);
#206 = CARTESIAN_POINT('',(23.15,22.15,52.57));
#207 = CARTESIAN_POINT('',(23.15,22.204092668097,52.57));
#208 = CARTESIAN_POINT('',(23.120118731517,22.258186062727,52.57));
#209 = CARTESIAN_POINT('',(23.056253886068,22.293063802294,52.57));
#210 = CARTESIAN_POINT('',(22.998825803093,22.285319037073,52.57));
#211 = CARTESIAN_POINT('',(22.94805521587,22.287043675346,52.57));
#212 = CARTESIAN_POINT('',(22.896917491909,22.277020434334,52.57));
#213 = CARTESIAN_POINT('',(22.836543639789,22.279491623364,52.57));
#214 = CARTESIAN_POINT('',(22.782444484715,22.306740687047,52.57));
#215 = CARTESIAN_POINT('',(22.75,22.35,52.57));
#216 = ORIENTED_EDGE('',*,*,#89,.F.);
#217 = B_SPLINE_SURFACE_WITH_KNOTS('',8,8,(
    (#218,#219,#220,#221,#222,#223,#224,#225,#226)
    ,(#227,#228,#229,#230,#231,#232,#233,#234,#235)
    ,(#236,#237,#238,#239,#240,#241,#242,#243,#244)
    ,(#245,#246,#247,#248,#249,#250,#251,#252,#253)
    ,(#254,#255,#256,#257,#258,#259,#260,#261,#262)
    ,(#263,#264,#265,#266,#267,#268,#269,#270,#271)
    ,(#272,#273,#274,#275,#276,#277,#278,#279,#280)
    ,(#281,#282,#283,#284,#285,#286,#287,#288,#289)
    ,(#290,#291,#292,#293,#294,#295,#296,#297,#298
  )),.UNSPECIFIED.,.F.,.F.,.F.,(9,9),(9,9),(-0.483432964922,
    0.268684009835),(-0.234783506289,0.194594405831),
  .PIECEWISE_BEZIER_KNOTS.);
#218 = CARTESIAN_POINT('',(22.970449966708,22.541628977938,
    51.836159541586));
#219 = CARTESIAN_POINT('',(23.018049384956,22.554375730777,
    51.865839739117));
#220 = CARTESIAN_POINT('',(23.063369319458,22.577016694076,
    51.904249870659));
#221 = CARTESIAN_POINT('',(23.107300196346,22.605298971235,
    51.94777313328));
#222 = CARTESIAN_POINT('',(23.149115127157,22.643469781647,
    51.999808008892));
#223 = CARTESIAN_POINT('',(23.189733695316,22.685813997836,
    52.056085959589));
#224 = CARTESIAN_POINT('',(23.233343366664,22.71558129245,
    52.100925758429));
#225 = CARTESIAN_POINT('',(23.275143720578,22.753223334286,
    52.152701352003));
#226 = CARTESIAN_POINT('',(23.31666157517,22.792051168953,
    52.205318310738));
#227 = CARTESIAN_POINT('',(22.928365362018,22.557083081626,
    51.971168303286));
#228 = CARTESIAN_POINT('',(22.977921215133,22.561339869225,
    51.993316540205));
#229 = CARTESIAN_POINT('',(23.024920352479,22.576758121914,
    52.02530106791));
#230 = CARTESIAN_POINT('',(23.07106445047,22.595101660654,
    52.060097393547));
#231 = CARTESIAN_POINT('',(23.113419106041,22.631704254529,
    52.110520571794));
#232 = CARTESIAN_POINT('',(23.157034984622,22.660053965725,
    52.154690194774));
#233 = CARTESIAN_POINT('',(23.20255986021,22.681970006863,
    52.192474036888));
#234 = CARTESIAN_POINT('',(23.246296196377,22.711201003226,
    52.236856994545));
#235 = CARTESIAN_POINT('',(23.289740530411,22.741702307779,
    52.282116068708));
#236 = CARTESIAN_POINT('',(22.889146338788,22.560092021925,
    52.095160183282));
#237 = CARTESIAN_POINT('',(22.940630877856,22.555974920459,
    52.109892065957));
#238 = CARTESIAN_POINT('',(22.990611024789,22.558220284683,
    52.13025696127));
#239 = CARTESIAN_POINT('',(23.034822310666,22.585475787588,
    52.172923195241));
#240 = CARTESIAN_POINT('',(23.080851875726,22.606968507715,
    52.209088589106));
#241 = CARTESIAN_POINT('',(23.129818010404,22.608660643196,
    52.231929247279));
#242 = CARTESIAN_POINT('',(23.174017604865,22.639282208446,
    52.275348037563));
#243 = CARTESIAN_POINT('',(23.219839846562,22.658871783303,
    52.311857604396));
#244 = CARTESIAN_POINT('',(23.265275135664,22.680776473237,
    52.349517033844));
#245 = CARTESIAN_POINT('',(22.853331525497,22.548318553101,
    52.205993706766));
#246 = CARTESIAN_POINT('',(22.906933564008,22.534998529362,
    52.212537596581));
#247 = CARTESIAN_POINT('',(22.95402561763,22.549694147245,
    52.244129169468));
#248 = CARTESIAN_POINT('',(23.014678545727,22.5070510751,52.22308646763)
  );
#249 = CARTESIAN_POINT('',(23.041585425618,22.603847093055,
    52.333369930976));
#250 = CARTESIAN_POINT('',(23.10633723772,22.549536419726,
    52.293406141839));
#251 = CARTESIAN_POINT('',(23.148512096552,22.581133189732,
    52.348209727379));
#252 = CARTESIAN_POINT('',(23.198779648339,22.583150550101,
    52.366254784628));
#253 = CARTESIAN_POINT('',(23.245288602534,22.600334167514,
    52.399766449802));
#254 = CARTESIAN_POINT('',(22.81868379121,22.531439392979,
    52.312425676107));
#255 = CARTESIAN_POINT('',(22.874001169697,22.510646683331,
    52.312435990094));
#256 = CARTESIAN_POINT('',(22.933777901383,22.470629982281,
    52.294956054711));
#257 = CARTESIAN_POINT('',(22.958504665637,22.581136547814,
    52.413781079951));
#258 = CARTESIAN_POINT('',(23.046563916114,22.422512804256,
    52.282488256226));
#259 = CARTESIAN_POINT('',(23.06437210878,22.559148679078,
    52.437694290456));
#260 = CARTESIAN_POINT('',(23.125094919416,22.518661800766,
    52.407120460776));
#261 = CARTESIAN_POINT('',(23.170890857526,22.537670650586,
    52.446870963103));
#262 = CARTESIAN_POINT('',(23.220877768721,22.539755903244,
    52.467115475515));
#263 = CARTESIAN_POINT('',(22.789611233163,22.490509811796,
    52.397200517554));
#264 = CARTESIAN_POINT('',(22.847346787217,22.459269802308,
    52.387840774127));
#265 = CARTESIAN_POINT('',(22.894025894963,22.47582806023,
    52.421179587404));
#266 = CARTESIAN_POINT('',(22.969877074001,22.366426457669,
    52.340841752262));
#267 = CARTESIAN_POINT('',(22.976205673053,22.556066855623,
    52.534482137082));
#268 = CARTESIAN_POINT('',(23.057670653886,22.424244148397,
    52.422016366528));
#269 = CARTESIAN_POINT('',(23.103010856515,22.444669686312,
    52.47283186009));
#270 = CARTESIAN_POINT('',(23.156448903236,22.432842599298,
    52.476491581305));
#271 = CARTESIAN_POINT('',(23.207339009084,22.430846847966,
    52.492756688033));
#272 = CARTESIAN_POINT('',(22.758480348526,22.458393648306,
    52.490091686745));
#273 = CARTESIAN_POINT('',(22.817633920886,22.420977065477,
    52.47533781988));
#274 = CARTESIAN_POINT('',(22.877020339421,22.382469235412,
    52.459516841273));
#275 = CARTESIAN_POINT('',(22.916612565843,22.429970513569,
    52.519913900524));
#276 = CARTESIAN_POINT('',(22.977863268085,22.382988156033,
    52.495786555969));
#277 = CARTESIAN_POINT('',(23.021379645856,22.413443782194,
    52.545226971122));
#278 = CARTESIAN_POINT('',(23.075294420188,22.39895630828,
    52.545407962339));
#279 = CARTESIAN_POINT('',(23.131738179991,22.372433454331,
    52.543065114111));
#280 = CARTESIAN_POINT('',(23.185384820117,22.358905607885,
    52.549573409621));
#281 = CARTESIAN_POINT('',(22.733656313739,22.399012079474,
    52.558653017037));
#282 = CARTESIAN_POINT('',(22.794750318597,22.353187822123,
    52.536458595236));
#283 = CARTESIAN_POINT('',(22.854800692972,22.311817493946,
    52.518647117233));
#284 = CARTESIAN_POINT('',(22.886764578111,22.392017104619,
    52.607229339737));
#285 = CARTESIAN_POINT('',(22.966973904197,22.263610705905,
    52.513312782765));
#286 = CARTESIAN_POINT('',(22.997345456217,22.350363266616,
    52.608029649498));
#287 = CARTESIAN_POINT('',(23.062133247877,22.288795026209,
    52.571508991368));
#288 = CARTESIAN_POINT('',(23.115792824933,22.275125900585,
    52.578943831421));
#289 = CARTESIAN_POINT('',(23.172705216004,22.247269783868,
    52.572206828793));
#290 = CARTESIAN_POINT('',(22.712064144396,22.325610919741,52.6149610545
    ));
#291 = CARTESIAN_POINT('',(22.774432148468,22.274257477803,
    52.587947828214));
#292 = CARTESIAN_POINT('',(22.834273193245,22.23379282239,
    52.570906570917));
#293 = CARTESIAN_POINT('',(22.875353003057,22.274503064028,
    52.62501871867));
#294 = CARTESIAN_POINT('',(22.946759225687,22.184213608188,
    52.564442632235));
#295 = CARTESIAN_POINT('',(22.988785433341,22.220522932018,
    52.614494782203));
#296 = CARTESIAN_POINT('',(23.051053873491,22.169925714329,
    52.588473693328));
#297 = CARTESIAN_POINT('',(23.108746566829,22.138731357544,
    52.579660471241));
#298 = CARTESIAN_POINT('',(23.167727393289,22.101937791304,
    52.564880572568));
#299 = ADVANCED_FACE('',(#300),#305,.T.);
#300 = FACE_BOUND('',#301,.T.);
#301 = EDGE_LOOP('',(#302,#303,#304));
#302 = ORIENTED_EDGE('',*,*,#150,.T.);
#303 = ORIENTED_EDGE('',*,*,#174,.T.);
#304 = ORIENTED_EDGE('',*,*,#135,.T.);
#305 = PLANE('',#306);
#306 = AXIS2_PLACEMENT_3D('',#307,#308,#309);
#307 = CARTESIAN_POINT('',(21.15,21.15,37.67));
#308 = DIRECTION('',(0.,0.,1.));
#309 = DIRECTION('',(1.,0.,0.));
#310 = ADVANCED_FACE('',(#311),#337,.T.);
#311 = FACE_BOUND('',#312,.T.);
#312 = EDGE_LOOP('',(#313,#314,#315,#324));
#313 = ORIENTED_EDGE('',*,*,#104,.F.);
#314 = ORIENTED_EDGE('',*,*,#204,.T.);
#315 = ORIENTED_EDGE('',*,*,#316,.T.);
#316 = EDGE_CURVE('',#198,#317,#319,.T.);
#317 = VERTEX_POINT('',#318);
#318 = CARTESIAN_POINT('',(22.75,19.95,52.57));
#319 = CIRCLE('',#320,2.);
#320 = AXIS2_PLACEMENT_3D('',#321,#322,#323);
#321 = CARTESIAN_POINT('',(21.15,21.15,52.57));
#322 = DIRECTION('',(0.,-0.,1.));
#323 = DIRECTION('',(0.8,0.6,0.));
#324 = ORIENTED_EDGE('',*,*,#325,.F.);
#325 = EDGE_CURVE('',#105,#317,#326,.T.);
#326 = B_SPLINE_CURVE_WITH_KNOTS('',9,(#327,#328,#329,#330,#331,#332,
    #333,#334,#335,#336),.UNSPECIFIED.,.F.,.F.,(10,10),(0.,1.),
  .PIECEWISE_BEZIER_KNOTS.);
#327 = CARTESIAN_POINT('',(23.15,20.15,52.57));
#328 = CARTESIAN_POINT('',(23.15,20.095907331903,52.57));
#329 = CARTESIAN_POINT('',(23.120118731517,20.041813937273,52.57));
#330 = CARTESIAN_POINT('',(23.056253886068,20.006936197706,52.57));
#331 = CARTESIAN_POINT('',(22.998825803093,20.014680962927,52.57));
#332 = CARTESIAN_POINT('',(22.94805521587,20.012956324654,52.57));
#333 = CARTESIAN_POINT('',(22.896917491909,20.022979565666,52.57));
#334 = CARTESIAN_POINT('',(22.836543639789,20.020508376636,52.57));
#335 = CARTESIAN_POINT('',(22.782444484715,19.993259312953,52.57));
#336 = CARTESIAN_POINT('',(22.75,19.95,52.57));
#337 = PLANE('',#338);
#338 = AXIS2_PLACEMENT_3D('',#339,#340,#341);
#339 = CARTESIAN_POINT('',(21.217633503391,21.15,52.57));
#340 = DIRECTION('',(0.,0.,1.));
#341 = DIRECTION('',(1.,0.,0.));
#342 = ADVANCED_FACE('',(#343),#352,.T.);
#343 = FACE_BOUND('',#344,.T.);
#344 = EDGE_LOOP('',(#345,#350,#351));
#345 = ORIENTED_EDGE('',*,*,#346,.T.);
#346 = EDGE_CURVE('',#317,#113,#347,.T.);
#347 = B_SPLINE_CURVE_WITH_KNOTS('',1,(#348,#349),.UNSPECIFIED.,.F.,.F.,
  (2,2),(0.,0.707106781187),.PIECEWISE_BEZIER_KNOTS.);
#348 = CARTESIAN_POINT('',(22.75,19.95,52.57));
#349 = CARTESIAN_POINT('',(23.15,19.65,52.07));
#350 = ORIENTED_EDGE('',*,*,#112,.T.);
#351 = ORIENTED_EDGE('',*,*,#325,.T.);
#352 = B_SPLINE_SURFACE_WITH_KNOTS('',8,8,(
    (#353,#354,#355,#356,#357,#358,#359,#360,#361)
    ,(#362,#363,#364,#365,#366,#367,#368,#369,#370)
    ,(#371,#372,#373,#374,#375,#376,#377,#378,#379)
    ,(#380,#381,#382,#383,#384,#385,#386,#387,#388)
    ,(#389,#390,#391,#392,#393,#394,#395,#396,#397)
    ,(#398,#399,#400,#401,#402,#403,#404,#405,#406)
    ,(#407,#408,#409,#410,#411,#412,#413,#414,#415)
    ,(#416,#417,#418,#419,#420,#421,#422,#423,#424)
    ,(#425,#426,#427,#428,#429,#430,#431,#432,#433
  )),.UNSPECIFIED.,.F.,.F.,.F.,(9,9),(9,9),(-0.483432964922,
    0.268684009835),(-0.194594405831,0.234783506289),
  .PIECEWISE_BEZIER_KNOTS.);
#353 = CARTESIAN_POINT('',(23.31666157517,19.507948831047,
    52.205318310739));
#354 = CARTESIAN_POINT('',(23.275143720578,19.546776665714,
    52.152701352004));
#355 = CARTESIAN_POINT('',(23.233343366663,19.58441870755,
    52.100925758426));
#356 = CARTESIAN_POINT('',(23.189733695318,19.614186002165,
    52.056085959594));
#357 = CARTESIAN_POINT('',(23.149115127154,19.656530218351,
    51.999808008886));
#358 = CARTESIAN_POINT('',(23.107300196348,19.694701028766,
    51.947773133284));
#359 = CARTESIAN_POINT('',(23.063369319458,19.722983305924,
    51.904249870656));
#360 = CARTESIAN_POINT('',(23.018049384956,19.745624269224,
    51.865839739116));
#361 = CARTESIAN_POINT('',(22.970449966709,19.758371022064,
    51.836159541584));
#362 = CARTESIAN_POINT('',(23.289740530411,19.558297692221,
    52.282116068709));
#363 = CARTESIAN_POINT('',(23.246296196373,19.588798996774,
    52.236856994534));
#364 = CARTESIAN_POINT('',(23.202559860222,19.618029993137,
    52.192474036921));
#365 = CARTESIAN_POINT('',(23.1570349846,19.639946034277,52.154690194718
    ));
#366 = CARTESIAN_POINT('',(23.113419106068,19.668295745462,
    52.110520571856));
#367 = CARTESIAN_POINT('',(23.071064450447,19.704898339354,
    52.060097393499));
#368 = CARTESIAN_POINT('',(23.024920352493,19.723241878083,
    52.025301067933));
#369 = CARTESIAN_POINT('',(22.977921215129,19.738660130776,
    51.993316540199));
#370 = CARTESIAN_POINT('',(22.928365362019,19.742916918375,
    51.971168303285));
#371 = CARTESIAN_POINT('',(23.265275135664,19.619223526763,
    52.349517033844));
#372 = CARTESIAN_POINT('',(23.219839846577,19.641128216699,
    52.31185760443));
#373 = CARTESIAN_POINT('',(23.174017604815,19.660717791551,
    52.275348037459));
#374 = CARTESIAN_POINT('',(23.129818010499,19.691339356797,
    52.231929247448));
#375 = CARTESIAN_POINT('',(23.080851875609,19.693031492319,
    52.209088588915));
#376 = CARTESIAN_POINT('',(23.034822310766,19.714524212378,
    52.172923195393));
#377 = CARTESIAN_POINT('',(22.990611024731,19.74177971533,52.1302569612)
  );
#378 = CARTESIAN_POINT('',(22.940630877876,19.744025079539,
    52.109892065971));
#379 = CARTESIAN_POINT('',(22.889146338789,19.739907978077,
    52.095160183281));
#380 = CARTESIAN_POINT('',(23.245288602532,19.699665832485,
    52.399766449802));
#381 = CARTESIAN_POINT('',(23.198779648313,19.716849449895,
    52.366254784578));
#382 = CARTESIAN_POINT('',(23.148512096643,19.718866810277,
    52.348209727523));
#383 = CARTESIAN_POINT('',(23.106337237542,19.75046358028,
    52.293406141612));
#384 = CARTESIAN_POINT('',(23.041585425841,19.69615290689,
    52.333369931227));
#385 = CARTESIAN_POINT('',(23.014678545534,19.792948924952,
    52.223086467432));
#386 = CARTESIAN_POINT('',(22.954025617741,19.750305852737,
    52.244129169553));
#387 = CARTESIAN_POINT('',(22.90693356397,19.76500147064,52.212537596566
    ));
#388 = CARTESIAN_POINT('',(22.853331525496,19.751681446897,
    52.205993706767));
#389 = CARTESIAN_POINT('',(23.220877768722,19.760244096757,
    52.467115475515));
#390 = CARTESIAN_POINT('',(23.170890857555,19.762329349423,
    52.446870963147));
#391 = CARTESIAN_POINT('',(23.125094919311,19.781338199213,
    52.407120460658));
#392 = CARTESIAN_POINT('',(23.064372108989,19.74085132093,
    52.437694290621));
#393 = CARTESIAN_POINT('',(23.046563915845,19.877487195789,
    52.282488256056));
#394 = CARTESIAN_POINT('',(22.958504665873,19.718863452141,
    52.413781080082));
#395 = CARTESIAN_POINT('',(22.933777901246,19.82937001773,
    52.294956054663));
#396 = CARTESIAN_POINT('',(22.874001169744,19.78935331667,
    52.312435990096));
#397 = CARTESIAN_POINT('',(22.818683791211,19.768560607023,
    52.312425676106));
#398 = CARTESIAN_POINT('',(23.207339009083,19.869153152032,
    52.492756688034));
#399 = CARTESIAN_POINT('',(23.156448903217,19.867157400691,
    52.476491581282));
#400 = CARTESIAN_POINT('',(23.103010856588,19.855330313714,
    52.472831860142));
#401 = CARTESIAN_POINT('',(23.057670653736,19.875755851576,
    52.422016366483));
#402 = CARTESIAN_POINT('',(22.976205673251,19.743933144371,
    52.534482137106));
#403 = CARTESIAN_POINT('',(22.969877073821,19.93357354234,
    52.340841752249));
#404 = CARTESIAN_POINT('',(22.894025895072,19.824171939774,
    52.421179587397));
#405 = CARTESIAN_POINT('',(22.847346787179,19.840730197689,
    52.387840774138));
#406 = CARTESIAN_POINT('',(22.789611233162,19.809490188202,
    52.397200517556));
#407 = CARTESIAN_POINT('',(23.185384820118,19.941094392116,
    52.549573409621));
#408 = CARTESIAN_POINT('',(23.13173818,19.927566545676,52.543065114119)
  );
#409 = CARTESIAN_POINT('',(23.075294420156,19.901043691702,
    52.545407962325));
#410 = CARTESIAN_POINT('',(23.021379645924,19.886556217831,
    52.545226971114));
#411 = CARTESIAN_POINT('',(22.977863267991,19.917011843953,52.495786556)
  );
#412 = CARTESIAN_POINT('',(22.916612565933,19.870029486441,
    52.519913900494));
#413 = CARTESIAN_POINT('',(22.877020339364,19.91753076458,
    52.459516841295));
#414 = CARTESIAN_POINT('',(22.817633920906,19.879022934526,
    52.47533781987));
#415 = CARTESIAN_POINT('',(22.758480348527,19.841606351694,
    52.490091686744));
#416 = CARTESIAN_POINT('',(23.172705216003,20.052730216132,
    52.572206828793));
#417 = CARTESIAN_POINT('',(23.115792824932,20.024874099413,
    52.578943831421));
#418 = CARTESIAN_POINT('',(23.062133247882,20.011204973797,
    52.571508991366));
#419 = CARTESIAN_POINT('',(22.997345456205,19.949636733375,
    52.608029649513));
#420 = CARTESIAN_POINT('',(22.966973904215,20.036389294104,
    52.513312782742));
#421 = CARTESIAN_POINT('',(22.886764578091,19.907982895374,
    52.607229339758));
#422 = CARTESIAN_POINT('',(22.854800692986,19.988182506058,
    52.518647117221));
#423 = CARTESIAN_POINT('',(22.794750318591,19.946812177876,
    52.53645859524));
#424 = CARTESIAN_POINT('',(22.733656313739,19.900987920525,
    52.558653017037));
#425 = CARTESIAN_POINT('',(23.167727393289,20.198062208696,
    52.564880572568));
#426 = CARTESIAN_POINT('',(23.10874656683,20.161268642456,
    52.579660471242));
#427 = CARTESIAN_POINT('',(23.05105387349,20.13007428567,52.588473693326
    ));
#428 = CARTESIAN_POINT('',(22.988785433342,20.079477067983,
    52.614494782207));
#429 = CARTESIAN_POINT('',(22.946759225686,20.115786391811,
    52.56444263223));
#430 = CARTESIAN_POINT('',(22.875353003058,20.025496935972,
    52.625018718675));
#431 = CARTESIAN_POINT('',(22.834273193245,20.06620717761,
    52.570906570915));
#432 = CARTESIAN_POINT('',(22.774432148468,20.025742522197,
    52.587947828215));
#433 = CARTESIAN_POINT('',(22.712064144396,19.974389080259,
    52.614961054501));
#434 = ADVANCED_FACE('',(#435),#441,.T.);
#435 = FACE_BOUND('',#436,.F.);
#436 = EDGE_LOOP('',(#437,#438,#439,#440));
#437 = ORIENTED_EDGE('',*,*,#197,.F.);
#438 = ORIENTED_EDGE('',*,*,#316,.T.);
#439 = ORIENTED_EDGE('',*,*,#346,.T.);
#440 = ORIENTED_EDGE('',*,*,#182,.F.);
#441 = CONICAL_SURFACE('',#442,2.5,0.785398163397);
#442 = AXIS2_PLACEMENT_3D('',#443,#444,#445);
#443 = CARTESIAN_POINT('',(21.15,21.15,52.07));
#444 = DIRECTION('',(-0.,-0.,-1.));
#445 = DIRECTION('',(0.8,0.6,0.));
#446 = ADVANCED_FACE('',(#447,#458),#461,.T.);
#447 = FACE_BOUND('',#448,.T.);
#448 = EDGE_LOOP('',(#449));
#449 = ORIENTED_EDGE('',*,*,#450,.T.);
#450 = EDGE_CURVE('',#451,#451,#453,.T.);
#451 = VERTEX_POINT('',#452);
#452 = CARTESIAN_POINT('',(32.15,21.15,34.57));
#453 = CIRCLE('',#454,11.);
#454 = AXIS2_PLACEMENT_3D('',#455,#456,#457);
#455 = CARTESIAN_POINT('',(21.15,21.15,34.57));
#456 = DIRECTION('',(0.,0.,1.));
#457 = DIRECTION('',(1.,0.,0.));
#458 = FACE_BOUND('',#459,.T.);
#459 = EDGE_LOOP('',(#460));
#460 = ORIENTED_EDGE('',*,*,#166,.F.);
#461 = PLANE('',#462);
#462 = AXIS2_PLACEMENT_3D('',#463,#464,#465);
#463 = CARTESIAN_POINT('',(21.15,21.15,34.57));
#464 = DIRECTION('',(0.,0.,1.));
#465 = DIRECTION('',(1.,0.,0.));
#466 = ADVANCED_FACE('',(#467),#486,.T.);
#467 = FACE_BOUND('',#468,.F.);
#468 = EDGE_LOOP('',(#469,#477,#478,#479));
#469 = ORIENTED_EDGE('',*,*,#470,.T.);
#470 = EDGE_CURVE('',#471,#451,#473,.T.);
#471 = VERTEX_POINT('',#472);
#472 = CARTESIAN_POINT('',(32.15,21.15,32.2));
#473 = LINE('',#474,#475);
#474 = CARTESIAN_POINT('',(32.15,21.15,32.2));
#475 = VECTOR('',#476,1.);
#476 = DIRECTION('',(0.,0.,1.));
#477 = ORIENTED_EDGE('',*,*,#450,.T.);
#478 = ORIENTED_EDGE('',*,*,#470,.F.);
#479 = ORIENTED_EDGE('',*,*,#480,.F.);
#480 = EDGE_CURVE('',#471,#471,#481,.T.);
#481 = CIRCLE('',#482,11.);
#482 = AXIS2_PLACEMENT_3D('',#483,#484,#485);
#483 = CARTESIAN_POINT('',(21.15,21.15,32.2));
#484 = DIRECTION('',(0.,0.,1.));
#485 = DIRECTION('',(1.,0.,0.));
#486 = CYLINDRICAL_SURFACE('',#487,11.);
#487 = AXIS2_PLACEMENT_3D('',#488,#489,#490);
#488 = CARTESIAN_POINT('',(21.15,21.15,32.2));
#489 = DIRECTION('',(-0.,-0.,-1.));
#490 = DIRECTION('',(1.,0.,0.));
#491 = ADVANCED_FACE('',(#492,#503),#506,.T.);
#492 = FACE_BOUND('',#493,.T.);
#493 = EDGE_LOOP('',(#494));
#494 = ORIENTED_EDGE('',*,*,#495,.T.);
#495 = EDGE_CURVE('',#496,#496,#498,.T.);
#496 = VERTEX_POINT('',#497);
#497 = CARTESIAN_POINT('',(37.45,21.15,32.2));
#498 = CIRCLE('',#499,16.3);
#499 = AXIS2_PLACEMENT_3D('',#500,#501,#502);
#500 = CARTESIAN_POINT('',(21.15,21.15,32.2));
#501 = DIRECTION('',(0.,0.,1.));
#502 = DIRECTION('',(1.,0.,0.));
#503 = FACE_BOUND('',#504,.T.);
#504 = EDGE_LOOP('',(#505));
#505 = ORIENTED_EDGE('',*,*,#480,.F.);
#506 = PLANE('',#507);
#507 = AXIS2_PLACEMENT_3D('',#508,#509,#510);
#508 = CARTESIAN_POINT('',(21.15,21.15,32.2));
#509 = DIRECTION('',(0.,0.,1.));
#510 = DIRECTION('',(1.,0.,0.));
#511 = ADVANCED_FACE('',(#512),#531,.F.);
#512 = FACE_BOUND('',#513,.F.);
#513 = EDGE_LOOP('',(#514,#522,#523,#524));
#514 = ORIENTED_EDGE('',*,*,#515,.T.);
#515 = EDGE_CURVE('',#516,#496,#518,.T.);
#516 = VERTEX_POINT('',#517);
#517 = CARTESIAN_POINT('',(37.45,21.15,33.));
#518 = LINE('',#519,#520);
#519 = CARTESIAN_POINT('',(37.45,21.15,33.));
#520 = VECTOR('',#521,1.);
#521 = DIRECTION('',(-0.,-0.,-1.));
#522 = ORIENTED_EDGE('',*,*,#495,.T.);
#523 = ORIENTED_EDGE('',*,*,#515,.F.);
#524 = ORIENTED_EDGE('',*,*,#525,.F.);
#525 = EDGE_CURVE('',#516,#516,#526,.T.);
#526 = CIRCLE('',#527,16.3);
#527 = AXIS2_PLACEMENT_3D('',#528,#529,#530);
#528 = CARTESIAN_POINT('',(21.15,21.15,33.));
#529 = DIRECTION('',(0.,0.,1.));
#530 = DIRECTION('',(1.,0.,0.));
#531 = CYLINDRICAL_SURFACE('',#532,16.3);
#532 = AXIS2_PLACEMENT_3D('',#533,#534,#535);
#533 = CARTESIAN_POINT('',(21.15,21.15,33.));
#534 = DIRECTION('',(0.,0.,1.));
#535 = DIRECTION('',(1.,0.,0.));
#536 = ADVANCED_FACE('',(#537,#603,#614,#625,#636,#639),#650,.T.);
#537 = FACE_BOUND('',#538,.T.);
#538 = EDGE_LOOP('',(#539,#549,#557,#565,#573,#581,#589,#597));
#539 = ORIENTED_EDGE('',*,*,#540,.T.);
#540 = EDGE_CURVE('',#541,#543,#545,.T.);
#541 = VERTEX_POINT('',#542);
#542 = CARTESIAN_POINT('',(4.35,-1.E-15,33.));
#543 = VERTEX_POINT('',#544);
#544 = CARTESIAN_POINT('',(37.95,-2.E-15,33.));
#545 = LINE('',#546,#547);
#546 = CARTESIAN_POINT('',(4.35,0.,33.));
#547 = VECTOR('',#548,1.);
#548 = DIRECTION('',(1.,0.,0.));
#549 = ORIENTED_EDGE('',*,*,#550,.T.);
#550 = EDGE_CURVE('',#543,#551,#553,.T.);
#551 = VERTEX_POINT('',#552);
#552 = CARTESIAN_POINT('',(42.3,4.35,33.));
#553 = LINE('',#554,#555);
#554 = CARTESIAN_POINT('',(37.95,-4.44E-15,33.));
#555 = VECTOR('',#556,1.);
#556 = DIRECTION('',(0.707106781187,0.707106781187,0.));
#557 = ORIENTED_EDGE('',*,*,#558,.T.);
#558 = EDGE_CURVE('',#551,#559,#561,.T.);
#559 = VERTEX_POINT('',#560);
#560 = CARTESIAN_POINT('',(42.3,37.95,33.));
#561 = LINE('',#562,#563);
#562 = CARTESIAN_POINT('',(42.3,4.35,33.));
#563 = VECTOR('',#564,1.);
#564 = DIRECTION('',(0.,1.,0.));
#565 = ORIENTED_EDGE('',*,*,#566,.T.);
#566 = EDGE_CURVE('',#559,#567,#569,.T.);
#567 = VERTEX_POINT('',#568);
#568 = CARTESIAN_POINT('',(37.95,42.3,33.));
#569 = LINE('',#570,#571);
#570 = CARTESIAN_POINT('',(42.3,37.95,33.));
#571 = VECTOR('',#572,1.);
#572 = DIRECTION('',(-0.707106781187,0.707106781187,0.));
#573 = ORIENTED_EDGE('',*,*,#574,.T.);
#574 = EDGE_CURVE('',#567,#575,#577,.T.);
#575 = VERTEX_POINT('',#576);
#576 = CARTESIAN_POINT('',(4.35,42.3,33.));
#577 = LINE('',#578,#579);
#578 = CARTESIAN_POINT('',(37.95,42.3,33.));
#579 = VECTOR('',#580,1.);
#580 = DIRECTION('',(-1.,0.,0.));
#581 = ORIENTED_EDGE('',*,*,#582,.T.);
#582 = EDGE_CURVE('',#575,#583,#585,.T.);
#583 = VERTEX_POINT('',#584);
#584 = CARTESIAN_POINT('',(-2.E-15,37.95,33.));
#585 = LINE('',#586,#587);
#586 = CARTESIAN_POINT('',(4.35,42.3,33.));
#587 = VECTOR('',#588,1.);
#588 = DIRECTION('',(-0.707106781187,-0.707106781187,0.));
#589 = ORIENTED_EDGE('',*,*,#590,.T.);
#590 = EDGE_CURVE('',#583,#591,#593,.T.);
#591 = VERTEX_POINT('',#592);
#592 = CARTESIAN_POINT('',(-1.E-15,4.35,33.));
#593 = LINE('',#594,#595);
#594 = CARTESIAN_POINT('',(0.,37.95,33.));
#595 = VECTOR('',#596,1.);
#596 = DIRECTION('',(0.,-1.,0.));
#597 = ORIENTED_EDGE('',*,*,#598,.F.);
#598 = EDGE_CURVE('',#541,#591,#599,.T.);
#599 = LINE('',#600,#601);
#600 = CARTESIAN_POINT('',(4.35,-1.33E-15,33.));
#601 = VECTOR('',#602,1.);
#602 = DIRECTION('',(-0.707106781187,0.707106781187,0.));
#603 = FACE_BOUND('',#604,.T.);
#604 = EDGE_LOOP('',(#605));
#605 = ORIENTED_EDGE('',*,*,#606,.F.);
#606 = EDGE_CURVE('',#607,#607,#609,.T.);
#607 = VERTEX_POINT('',#608);
#608 = CARTESIAN_POINT('',(7.15,5.65,33.));
#609 = CIRCLE('',#610,1.5);
#610 = AXIS2_PLACEMENT_3D('',#611,#612,#613);
#611 = CARTESIAN_POINT('',(5.65,5.65,33.));
#612 = DIRECTION('',(0.,0.,1.));
#613 = DIRECTION('',(1.,0.,0.));
#614 = FACE_BOUND('',#615,.T.);
#615 = EDGE_LOOP('',(#616));
#616 = ORIENTED_EDGE('',*,*,#617,.F.);
#617 = EDGE_CURVE('',#618,#618,#620,.T.);
#618 = VERTEX_POINT('',#619);
#619 = CARTESIAN_POINT('',(38.15,5.65,33.));
#620 = CIRCLE('',#621,1.5);
#621 = AXIS2_PLACEMENT_3D('',#622,#623,#624);
#622 = CARTESIAN_POINT('',(36.65,5.65,33.));
#623 = DIRECTION('',(0.,0.,1.));
#624 = DIRECTION('',(1.,0.,0.));
#625 = FACE_BOUND('',#626,.T.);
#626 = EDGE_LOOP('',(#627));
#627 = ORIENTED_EDGE('',*,*,#628,.F.);
#628 = EDGE_CURVE('',#629,#629,#631,.T.);
#629 = VERTEX_POINT('',#630);
#630 = CARTESIAN_POINT('',(7.15,36.65,33.));
#631 = CIRCLE('',#632,1.5);
#632 = AXIS2_PLACEMENT_3D('',#633,#634,#635);
#633 = CARTESIAN_POINT('',(5.65,36.65,33.));
#634 = DIRECTION('',(0.,0.,1.));
#635 = DIRECTION('',(1.,0.,0.));
#636 = FACE_BOUND('',#637,.T.);
#637 = EDGE_LOOP('',(#638));
#638 = ORIENTED_EDGE('',*,*,#525,.F.);
#639 = FACE_BOUND('',#640,.T.);
#640 = EDGE_LOOP('',(#641));
#641 = ORIENTED_EDGE('',*,*,#642,.F.);
#642 = EDGE_CURVE('',#643,#643,#645,.T.);
#643 = VERTEX_POINT('',#644);
#644 = CARTESIAN_POINT('',(38.15,36.65,33.));
#645 = CIRCLE('',#646,1.5);
#646 = AXIS2_PLACEMENT_3D('',#647,#648,#649);
#647 = CARTESIAN_POINT('',(36.65,36.65,33.));
#648 = DIRECTION('',(0.,0.,1.));
#649 = DIRECTION('',(1.,0.,0.));
#650 = PLANE('',#651);
#651 = AXIS2_PLACEMENT_3D('',#652,#653,#654);
#652 = CARTESIAN_POINT('',(21.15,21.15,33.));
#653 = DIRECTION('',(0.,0.,1.));
#654 = DIRECTION('',(1.,0.,0.));
#655 = ADVANCED_FACE('',(#656,#745),#779,.T.);
#656 = FACE_BOUND('',#657,.T.);
#657 = EDGE_LOOP('',(#658,#668,#676,#684,#692,#700,#706,#707,#715,#723,
    #731,#739));
#658 = ORIENTED_EDGE('',*,*,#659,.T.);
#659 = EDGE_CURVE('',#660,#662,#664,.T.);
#660 = VERTEX_POINT('',#661);
#661 = CARTESIAN_POINT('',(4.35,0.,0.));
#662 = VERTEX_POINT('',#663);
#663 = CARTESIAN_POINT('',(37.95,-2.E-15,0.));
#664 = LINE('',#665,#666);
#665 = CARTESIAN_POINT('',(0.,0.,0.));
#666 = VECTOR('',#667,1.);
#667 = DIRECTION('',(1.,0.,0.));
#668 = ORIENTED_EDGE('',*,*,#669,.T.);
#669 = EDGE_CURVE('',#662,#670,#672,.T.);
#670 = VERTEX_POINT('',#671);
#671 = CARTESIAN_POINT('',(37.95,-2.E-15,11.7));
#672 = LINE('',#673,#674);
#673 = CARTESIAN_POINT('',(37.95,0.,0.));
#674 = VECTOR('',#675,1.);
#675 = DIRECTION('',(0.,0.,1.));
#676 = ORIENTED_EDGE('',*,*,#677,.F.);
#677 = EDGE_CURVE('',#678,#670,#680,.T.);
#678 = VERTEX_POINT('',#679);
#679 = CARTESIAN_POINT('',(35.4,0.,11.7));
#680 = LINE('',#681,#682);
#681 = CARTESIAN_POINT('',(0.,0.,11.7));
#682 = VECTOR('',#683,1.);
#683 = DIRECTION('',(1.,0.,0.));
#684 = ORIENTED_EDGE('',*,*,#685,.T.);
#685 = EDGE_CURVE('',#678,#686,#688,.T.);
#686 = VERTEX_POINT('',#687);
#687 = CARTESIAN_POINT('',(35.4,0.,22.5));
#688 = LINE('',#689,#690);
#689 = CARTESIAN_POINT('',(35.4,0.,11.7));
#690 = VECTOR('',#691,1.);
#691 = DIRECTION('',(0.,0.,1.));
#692 = ORIENTED_EDGE('',*,*,#693,.T.);
#693 = EDGE_CURVE('',#686,#694,#696,.T.);
#694 = VERTEX_POINT('',#695);
#695 = CARTESIAN_POINT('',(37.95,-2.E-15,22.5));
#696 = LINE('',#697,#698);
#697 = CARTESIAN_POINT('',(4.35,0.,22.5));
#698 = VECTOR('',#699,1.);
#699 = DIRECTION('',(1.,0.,0.));
#700 = ORIENTED_EDGE('',*,*,#701,.T.);
#701 = EDGE_CURVE('',#694,#543,#702,.T.);
#702 = LINE('',#703,#704);
#703 = CARTESIAN_POINT('',(37.95,-2.22E-15,22.5));
#704 = VECTOR('',#705,1.);
#705 = DIRECTION('',(0.,0.,1.));
#706 = ORIENTED_EDGE('',*,*,#540,.F.);
#707 = ORIENTED_EDGE('',*,*,#708,.F.);
#708 = EDGE_CURVE('',#709,#541,#711,.T.);
#709 = VERTEX_POINT('',#710);
#710 = CARTESIAN_POINT('',(4.35,-1.E-15,22.5));
#711 = LINE('',#712,#713);
#712 = CARTESIAN_POINT('',(4.35,-6.7E-16,22.5));
#713 = VECTOR('',#714,1.);
#714 = DIRECTION('',(0.,0.,1.));
#715 = ORIENTED_EDGE('',*,*,#716,.T.);
#716 = EDGE_CURVE('',#709,#717,#719,.T.);
#717 = VERTEX_POINT('',#718);
#718 = CARTESIAN_POINT('',(6.9,0.,22.5));
#719 = LINE('',#720,#721);
#720 = CARTESIAN_POINT('',(4.35,0.,22.5));
#721 = VECTOR('',#722,1.);
#722 = DIRECTION('',(1.,0.,0.));
#723 = ORIENTED_EDGE('',*,*,#724,.F.);
#724 = EDGE_CURVE('',#725,#717,#727,.T.);
#725 = VERTEX_POINT('',#726);
#726 = CARTESIAN_POINT('',(6.9,0.,11.7));
#727 = LINE('',#728,#729);
#728 = CARTESIAN_POINT('',(6.9,0.,11.7));
#729 = VECTOR('',#730,1.);
#730 = DIRECTION('',(0.,0.,1.));
#731 = ORIENTED_EDGE('',*,*,#732,.F.);
#732 = EDGE_CURVE('',#733,#725,#735,.T.);
#733 = VERTEX_POINT('',#734);
#734 = CARTESIAN_POINT('',(4.35,0.,11.7));
#735 = LINE('',#736,#737);
#736 = CARTESIAN_POINT('',(0.,0.,11.7));
#737 = VECTOR('',#738,1.);
#738 = DIRECTION('',(1.,0.,0.));
#739 = ORIENTED_EDGE('',*,*,#740,.F.);
#740 = EDGE_CURVE('',#660,#733,#741,.T.);
#741 = LINE('',#742,#743);
#742 = CARTESIAN_POINT('',(4.35,0.,0.));
#743 = VECTOR('',#744,1.);
#744 = DIRECTION('',(0.,0.,1.));
#745 = FACE_BOUND('',#746,.T.);
#746 = EDGE_LOOP('',(#747,#757,#765,#773));
#747 = ORIENTED_EDGE('',*,*,#748,.F.);
#748 = EDGE_CURVE('',#749,#751,#753,.T.);
#749 = VERTEX_POINT('',#750);
#750 = CARTESIAN_POINT('',(17.15,2.E-15,8.5));
#751 = VERTEX_POINT('',#752);
#752 = CARTESIAN_POINT('',(17.15,0.,1.5));
#753 = LINE('',#754,#755);
#754 = CARTESIAN_POINT('',(17.15,0.,8.5));
#755 = VECTOR('',#756,1.);
#756 = DIRECTION('',(0.,0.,-1.));
#757 = ORIENTED_EDGE('',*,*,#758,.F.);
#758 = EDGE_CURVE('',#759,#749,#761,.T.);
#759 = VERTEX_POINT('',#760);
#760 = CARTESIAN_POINT('',(25.15,2.E-15,8.5));
#761 = LINE('',#762,#763);
#762 = CARTESIAN_POINT('',(25.15,0.,8.5));
#763 = VECTOR('',#764,1.);
#764 = DIRECTION('',(-1.,0.,0.));
#765 = ORIENTED_EDGE('',*,*,#766,.F.);
#766 = EDGE_CURVE('',#767,#759,#769,.T.);
#767 = VERTEX_POINT('',#768);
#768 = CARTESIAN_POINT('',(25.15,0.,1.5));
#769 = LINE('',#770,#771);
#770 = CARTESIAN_POINT('',(25.15,0.,1.5));
#771 = VECTOR('',#772,1.);
#772 = DIRECTION('',(0.,0.,1.));
#773 = ORIENTED_EDGE('',*,*,#774,.F.);
#774 = EDGE_CURVE('',#751,#767,#775,.T.);
#775 = LINE('',#776,#777);
#776 = CARTESIAN_POINT('',(17.15,0.,1.5));
#777 = VECTOR('',#778,1.);
#778 = DIRECTION('',(1.,0.,0.));
#779 = PLANE('',#780);
#780 = AXIS2_PLACEMENT_3D('',#781,#782,#783);
#781 = CARTESIAN_POINT('',(21.15,-2.1E-16,16.542677824268));
#782 = DIRECTION('',(-0.,-1.,-0.));
#783 = DIRECTION('',(0.,0.,-1.));
#784 = ADVANCED_FACE('',(#785),#803,.T.);
#785 = FACE_BOUND('',#786,.T.);
#786 = EDGE_LOOP('',(#787,#788,#789,#797));
#787 = ORIENTED_EDGE('',*,*,#708,.T.);
#788 = ORIENTED_EDGE('',*,*,#598,.T.);
#789 = ORIENTED_EDGE('',*,*,#790,.F.);
#790 = EDGE_CURVE('',#791,#591,#793,.T.);
#791 = VERTEX_POINT('',#792);
#792 = CARTESIAN_POINT('',(-1.E-15,4.35,22.5));
#793 = LINE('',#794,#795);
#794 = CARTESIAN_POINT('',(-8.9E-16,4.35,22.5));
#795 = VECTOR('',#796,1.);
#796 = DIRECTION('',(0.,0.,1.));
#797 = ORIENTED_EDGE('',*,*,#798,.F.);
#798 = EDGE_CURVE('',#709,#791,#799,.T.);
#799 = LINE('',#800,#801);
#800 = CARTESIAN_POINT('',(4.35,-1.33E-15,22.5));
#801 = VECTOR('',#802,1.);
#802 = DIRECTION('',(-0.707106781187,0.707106781187,0.));
#803 = PLANE('',#804);
#804 = AXIS2_PLACEMENT_3D('',#805,#806,#807);
#805 = CARTESIAN_POINT('',(4.35,-1.33E-15,22.5));
#806 = DIRECTION('',(-0.707106781187,-0.707106781187,0.));
#807 = DIRECTION('',(-0.707106781187,0.707106781187,0.));
#808 = ADVANCED_FACE('',(#809),#827,.F.);
#809 = FACE_BOUND('',#810,.F.);
#810 = EDGE_LOOP('',(#811,#812,#813,#821));
#811 = ORIENTED_EDGE('',*,*,#701,.T.);
#812 = ORIENTED_EDGE('',*,*,#550,.T.);
#813 = ORIENTED_EDGE('',*,*,#814,.F.);
#814 = EDGE_CURVE('',#815,#551,#817,.T.);
#815 = VERTEX_POINT('',#816);
#816 = CARTESIAN_POINT('',(42.3,4.35,22.5));
#817 = LINE('',#818,#819);
#818 = CARTESIAN_POINT('',(42.3,4.35,22.5));
#819 = VECTOR('',#820,1.);
#820 = DIRECTION('',(0.,0.,1.));
#821 = ORIENTED_EDGE('',*,*,#822,.F.);
#822 = EDGE_CURVE('',#694,#815,#823,.T.);
#823 = LINE('',#824,#825);
#824 = CARTESIAN_POINT('',(37.95,-4.44E-15,22.5));
#825 = VECTOR('',#826,1.);
#826 = DIRECTION('',(0.707106781187,0.707106781187,0.));
#827 = PLANE('',#828);
#828 = AXIS2_PLACEMENT_3D('',#829,#830,#831);
#829 = CARTESIAN_POINT('',(37.95,-4.44E-15,22.5));
#830 = DIRECTION('',(-0.707106781187,0.707106781187,0.));
#831 = DIRECTION('',(0.707106781187,0.707106781187,0.));
#832 = ADVANCED_FACE('',(#833),#915,.T.);
#833 = FACE_BOUND('',#834,.T.);
#834 = EDGE_LOOP('',(#835,#845,#853,#861,#869,#875,#876,#877,#885,#893,
    #901,#909));
#835 = ORIENTED_EDGE('',*,*,#836,.T.);
#836 = EDGE_CURVE('',#837,#839,#841,.T.);
#837 = VERTEX_POINT('',#838);
#838 = CARTESIAN_POINT('',(-2.E-15,37.95,0.));
#839 = VERTEX_POINT('',#840);
#840 = CARTESIAN_POINT('',(0.,4.35,0.));
#841 = LINE('',#842,#843);
#842 = CARTESIAN_POINT('',(0.,42.3,0.));
#843 = VECTOR('',#844,1.);
#844 = DIRECTION('',(0.,-1.,0.));
#845 = ORIENTED_EDGE('',*,*,#846,.T.);
#846 = EDGE_CURVE('',#839,#847,#849,.T.);
#847 = VERTEX_POINT('',#848);
#848 = CARTESIAN_POINT('',(0.,4.35,11.7));
#849 = LINE('',#850,#851);
#850 = CARTESIAN_POINT('',(0.,4.35,0.));
#851 = VECTOR('',#852,1.);
#852 = DIRECTION('',(0.,0.,1.));
#853 = ORIENTED_EDGE('',*,*,#854,.F.);
#854 = EDGE_CURVE('',#855,#847,#857,.T.);
#855 = VERTEX_POINT('',#856);
#856 = CARTESIAN_POINT('',(0.,6.9,11.7));
#857 = LINE('',#858,#859);
#858 = CARTESIAN_POINT('',(0.,42.3,11.7));
#859 = VECTOR('',#860,1.);
#860 = DIRECTION('',(0.,-1.,0.));
#861 = ORIENTED_EDGE('',*,*,#862,.T.);
#862 = EDGE_CURVE('',#855,#863,#865,.T.);
#863 = VERTEX_POINT('',#864);
#864 = CARTESIAN_POINT('',(0.,6.9,22.5));
#865 = LINE('',#866,#867);
#866 = CARTESIAN_POINT('',(0.,6.9,11.7));
#867 = VECTOR('',#868,1.);
#868 = DIRECTION('',(0.,0.,1.));
#869 = ORIENTED_EDGE('',*,*,#870,.T.);
#870 = EDGE_CURVE('',#863,#791,#871,.T.);
#871 = LINE('',#872,#873);
#872 = CARTESIAN_POINT('',(0.,37.95,22.5));
#873 = VECTOR('',#874,1.);
#874 = DIRECTION('',(0.,-1.,0.));
#875 = ORIENTED_EDGE('',*,*,#790,.T.);
#876 = ORIENTED_EDGE('',*,*,#590,.F.);
#877 = ORIENTED_EDGE('',*,*,#878,.F.);
#878 = EDGE_CURVE('',#879,#583,#881,.T.);
#879 = VERTEX_POINT('',#880);
#880 = CARTESIAN_POINT('',(-2.E-15,37.95,22.5));
#881 = LINE('',#882,#883);
#882 = CARTESIAN_POINT('',(-2.22E-15,37.95,22.5));
#883 = VECTOR('',#884,1.);
#884 = DIRECTION('',(0.,0.,1.));
#885 = ORIENTED_EDGE('',*,*,#886,.T.);
#886 = EDGE_CURVE('',#879,#887,#889,.T.);
#887 = VERTEX_POINT('',#888);
#888 = CARTESIAN_POINT('',(0.,35.4,22.5));
#889 = LINE('',#890,#891);
#890 = CARTESIAN_POINT('',(0.,37.95,22.5));
#891 = VECTOR('',#892,1.);
#892 = DIRECTION('',(0.,-1.,0.));
#893 = ORIENTED_EDGE('',*,*,#894,.F.);
#894 = EDGE_CURVE('',#895,#887,#897,.T.);
#895 = VERTEX_POINT('',#896);
#896 = CARTESIAN_POINT('',(0.,35.4,11.7));
#897 = LINE('',#898,#899);
#898 = CARTESIAN_POINT('',(0.,35.4,11.7));
#899 = VECTOR('',#900,1.);
#900 = DIRECTION('',(0.,0.,1.));
#901 = ORIENTED_EDGE('',*,*,#902,.F.);
#902 = EDGE_CURVE('',#903,#895,#905,.T.);
#903 = VERTEX_POINT('',#904);
#904 = CARTESIAN_POINT('',(-2.E-15,37.95,11.7));
#905 = LINE('',#906,#907);
#906 = CARTESIAN_POINT('',(0.,42.3,11.7));
#907 = VECTOR('',#908,1.);
#908 = DIRECTION('',(0.,-1.,0.));
#909 = ORIENTED_EDGE('',*,*,#910,.F.);
#910 = EDGE_CURVE('',#837,#903,#911,.T.);
#911 = LINE('',#912,#913);
#912 = CARTESIAN_POINT('',(0.,37.95,0.));
#913 = VECTOR('',#914,1.);
#914 = DIRECTION('',(0.,0.,1.));
#915 = PLANE('',#916);
#916 = AXIS2_PLACEMENT_3D('',#917,#918,#919);
#917 = CARTESIAN_POINT('',(-2.3E-16,21.15,16.542677824268));
#918 = DIRECTION('',(-1.,-0.,-0.));
#919 = DIRECTION('',(0.,0.,-1.));
#920 = ADVANCED_FACE('',(#921),#1003,.T.);
#921 = FACE_BOUND('',#922,.T.);
#922 = EDGE_LOOP('',(#923,#933,#941,#949,#957,#965,#971,#972,#973,#981,
    #989,#997));
#923 = ORIENTED_EDGE('',*,*,#924,.T.);
#924 = EDGE_CURVE('',#925,#927,#929,.T.);
#925 = VERTEX_POINT('',#926);
#926 = CARTESIAN_POINT('',(42.3,4.35,0.));
#927 = VERTEX_POINT('',#928);
#928 = CARTESIAN_POINT('',(42.3,37.95,0.));
#929 = LINE('',#930,#931);
#930 = CARTESIAN_POINT('',(42.3,0.,0.));
#931 = VECTOR('',#932,1.);
#932 = DIRECTION('',(0.,1.,0.));
#933 = ORIENTED_EDGE('',*,*,#934,.T.);
#934 = EDGE_CURVE('',#927,#935,#937,.T.);
#935 = VERTEX_POINT('',#936);
#936 = CARTESIAN_POINT('',(42.3,37.95,11.7));
#937 = LINE('',#938,#939);
#938 = CARTESIAN_POINT('',(42.3,37.95,0.));
#939 = VECTOR('',#940,1.);
#940 = DIRECTION('',(0.,0.,1.));
#941 = ORIENTED_EDGE('',*,*,#942,.F.);
#942 = EDGE_CURVE('',#943,#935,#945,.T.);
#943 = VERTEX_POINT('',#944);
#944 = CARTESIAN_POINT('',(42.3,35.4,11.7));
#945 = LINE('',#946,#947);
#946 = CARTESIAN_POINT('',(42.3,0.,11.7));
#947 = VECTOR('',#948,1.);
#948 = DIRECTION('',(0.,1.,0.));
#949 = ORIENTED_EDGE('',*,*,#950,.T.);
#950 = EDGE_CURVE('',#943,#951,#953,.T.);
#951 = VERTEX_POINT('',#952);
#952 = CARTESIAN_POINT('',(42.3,35.4,22.5));
#953 = LINE('',#954,#955);
#954 = CARTESIAN_POINT('',(42.3,35.4,11.7));
#955 = VECTOR('',#956,1.);
#956 = DIRECTION('',(0.,0.,1.));
#957 = ORIENTED_EDGE('',*,*,#958,.T.);
#958 = EDGE_CURVE('',#951,#959,#961,.T.);
#959 = VERTEX_POINT('',#960);
#960 = CARTESIAN_POINT('',(42.3,37.95,22.5));
#961 = LINE('',#962,#963);
#962 = CARTESIAN_POINT('',(42.3,4.35,22.5));
#963 = VECTOR('',#964,1.);
#964 = DIRECTION('',(0.,1.,0.));
#965 = ORIENTED_EDGE('',*,*,#966,.T.);
#966 = EDGE_CURVE('',#959,#559,#967,.T.);
#967 = LINE('',#968,#969);
#968 = CARTESIAN_POINT('',(42.3,37.95,22.5));
#969 = VECTOR('',#970,1.);
#970 = DIRECTION('',(0.,0.,1.));
#971 = ORIENTED_EDGE('',*,*,#558,.F.);
#972 = ORIENTED_EDGE('',*,*,#814,.F.);
#973 = ORIENTED_EDGE('',*,*,#974,.T.);
#974 = EDGE_CURVE('',#815,#975,#977,.T.);
#975 = VERTEX_POINT('',#976);
#976 = CARTESIAN_POINT('',(42.3,6.9,22.5));
#977 = LINE('',#978,#979);
#978 = CARTESIAN_POINT('',(42.3,4.35,22.5));
#979 = VECTOR('',#980,1.);
#980 = DIRECTION('',(0.,1.,0.));
#981 = ORIENTED_EDGE('',*,*,#982,.F.);
#982 = EDGE_CURVE('',#983,#975,#985,.T.);
#983 = VERTEX_POINT('',#984);
#984 = CARTESIAN_POINT('',(42.3,6.9,11.7));
#985 = LINE('',#986,#987);
#986 = CARTESIAN_POINT('',(42.3,6.9,11.7));
#987 = VECTOR('',#988,1.);
#988 = DIRECTION('',(0.,0.,1.));
#989 = ORIENTED_EDGE('',*,*,#990,.F.);
#990 = EDGE_CURVE('',#991,#983,#993,.T.);
#991 = VERTEX_POINT('',#992);
#992 = CARTESIAN_POINT('',(42.3,4.35,11.7));
#993 = LINE('',#994,#995);
#994 = CARTESIAN_POINT('',(42.3,0.,11.7));
#995 = VECTOR('',#996,1.);
#996 = DIRECTION('',(0.,1.,0.));
#997 = ORIENTED_EDGE('',*,*,#998,.F.);
#998 = EDGE_CURVE('',#925,#991,#999,.T.);
#999 = LINE('',#1000,#1001);
#1000 = CARTESIAN_POINT('',(42.3,4.35,0.));
#1001 = VECTOR('',#1002,1.);
#1002 = DIRECTION('',(0.,0.,1.));
#1003 = PLANE('',#1004);
#1004 = AXIS2_PLACEMENT_3D('',#1005,#1006,#1007);
#1005 = CARTESIAN_POINT('',(42.3,21.15,16.542677824268));
#1006 = DIRECTION('',(1.,0.,0.));
#1007 = DIRECTION('',(0.,0.,1.));
#1008 = ADVANCED_FACE('',(#1009),#1027,.F.);
#1009 = FACE_BOUND('',#1010,.F.);
#1010 = EDGE_LOOP('',(#1011,#1019,#1020,#1021));
#1011 = ORIENTED_EDGE('',*,*,#1012,.T.);
#1012 = EDGE_CURVE('',#1013,#575,#1015,.T.);
#1013 = VERTEX_POINT('',#1014);
#1014 = CARTESIAN_POINT('',(4.35,42.3,22.5));
#1015 = LINE('',#1016,#1017);
#1016 = CARTESIAN_POINT('',(4.35,42.3,22.5));
#1017 = VECTOR('',#1018,1.);
#1018 = DIRECTION('',(0.,0.,1.));
#1019 = ORIENTED_EDGE('',*,*,#582,.T.);
#1020 = ORIENTED_EDGE('',*,*,#878,.F.);
#1021 = ORIENTED_EDGE('',*,*,#1022,.F.);
#1022 = EDGE_CURVE('',#1013,#879,#1023,.T.);
#1023 = LINE('',#1024,#1025);
#1024 = CARTESIAN_POINT('',(4.35,42.3,22.5));
#1025 = VECTOR('',#1026,1.);
#1026 = DIRECTION('',(-0.707106781187,-0.707106781187,0.));
#1027 = PLANE('',#1028);
#1028 = AXIS2_PLACEMENT_3D('',#1029,#1030,#1031);
#1029 = CARTESIAN_POINT('',(4.35,42.3,22.5));
#1030 = DIRECTION('',(0.707106781187,-0.707106781187,0.));
#1031 = DIRECTION('',(-0.707106781187,-0.707106781187,0.));
#1032 = ADVANCED_FACE('',(#1033),#1051,.F.);
#1033 = FACE_BOUND('',#1034,.F.);
#1034 = EDGE_LOOP('',(#1035,#1036,#1037,#1045));
#1035 = ORIENTED_EDGE('',*,*,#966,.T.);
#1036 = ORIENTED_EDGE('',*,*,#566,.T.);
#1037 = ORIENTED_EDGE('',*,*,#1038,.F.);
#1038 = EDGE_CURVE('',#1039,#567,#1041,.T.);
#1039 = VERTEX_POINT('',#1040);
#1040 = CARTESIAN_POINT('',(37.95,42.3,22.5));
#1041 = LINE('',#1042,#1043);
#1042 = CARTESIAN_POINT('',(37.95,42.3,22.5));
#1043 = VECTOR('',#1044,1.);
#1044 = DIRECTION('',(0.,0.,1.));
#1045 = ORIENTED_EDGE('',*,*,#1046,.F.);
#1046 = EDGE_CURVE('',#959,#1039,#1047,.T.);
#1047 = LINE('',#1048,#1049);
#1048 = CARTESIAN_POINT('',(42.3,37.95,22.5));
#1049 = VECTOR('',#1050,1.);
#1050 = DIRECTION('',(-0.707106781187,0.707106781187,0.));
#1051 = PLANE('',#1052);
#1052 = AXIS2_PLACEMENT_3D('',#1053,#1054,#1055);
#1053 = CARTESIAN_POINT('',(42.3,37.95,22.5));
#1054 = DIRECTION('',(-0.707106781187,-0.707106781187,0.));
#1055 = DIRECTION('',(-0.707106781187,0.707106781187,0.));
#1056 = ADVANCED_FACE('',(#1057),#1132,.T.);
#1057 = FACE_BOUND('',#1058,.T.);
#1058 = EDGE_LOOP('',(#1059,#1069,#1077,#1085,#1093,#1099,#1100,#1101,
    #1102,#1110,#1118,#1126));
#1059 = ORIENTED_EDGE('',*,*,#1060,.T.);
#1060 = EDGE_CURVE('',#1061,#1063,#1065,.T.);
#1061 = VERTEX_POINT('',#1062);
#1062 = CARTESIAN_POINT('',(37.95,42.3,0.));
#1063 = VERTEX_POINT('',#1064);
#1064 = CARTESIAN_POINT('',(4.35,42.3,0.));
#1065 = LINE('',#1066,#1067);
#1066 = CARTESIAN_POINT('',(42.3,42.3,0.));
#1067 = VECTOR('',#1068,1.);
#1068 = DIRECTION('',(-1.,0.,0.));
#1069 = ORIENTED_EDGE('',*,*,#1070,.T.);
#1070 = EDGE_CURVE('',#1063,#1071,#1073,.T.);
#1071 = VERTEX_POINT('',#1072);
#1072 = CARTESIAN_POINT('',(4.35,42.3,11.7));
#1073 = LINE('',#1074,#1075);
#1074 = CARTESIAN_POINT('',(4.35,42.3,0.));
#1075 = VECTOR('',#1076,1.);
#1076 = DIRECTION('',(0.,0.,1.));
#1077 = ORIENTED_EDGE('',*,*,#1078,.F.);
#1078 = EDGE_CURVE('',#1079,#1071,#1081,.T.);
#1079 = VERTEX_POINT('',#1080);
#1080 = CARTESIAN_POINT('',(6.9,42.3,11.7));
#1081 = LINE('',#1082,#1083);
#1082 = CARTESIAN_POINT('',(42.3,42.3,11.7));
#1083 = VECTOR('',#1084,1.);
#1084 = DIRECTION('',(-1.,0.,0.));
#1085 = ORIENTED_EDGE('',*,*,#1086,.T.);
#1086 = EDGE_CURVE('',#1079,#1087,#1089,.T.);
#1087 = VERTEX_POINT('',#1088);
#1088 = CARTESIAN_POINT('',(6.9,42.3,22.5));
#1089 = LINE('',#1090,#1091);
#1090 = CARTESIAN_POINT('',(6.9,42.3,11.7));
#1091 = VECTOR('',#1092,1.);
#1092 = DIRECTION('',(0.,0.,1.));
#1093 = ORIENTED_EDGE('',*,*,#1094,.T.);
#1094 = EDGE_CURVE('',#1087,#1013,#1095,.T.);
#1095 = LINE('',#1096,#1097);
#1096 = CARTESIAN_POINT('',(37.95,42.3,22.5));
#1097 = VECTOR('',#1098,1.);
#1098 = DIRECTION('',(-1.,0.,0.));
#1099 = ORIENTED_EDGE('',*,*,#1012,.T.);
#1100 = ORIENTED_EDGE('',*,*,#574,.F.);
#1101 = ORIENTED_EDGE('',*,*,#1038,.F.);
#1102 = ORIENTED_EDGE('',*,*,#1103,.T.);
#1103 = EDGE_CURVE('',#1039,#1104,#1106,.T.);
#1104 = VERTEX_POINT('',#1105);
#1105 = CARTESIAN_POINT('',(35.4,42.3,22.5));
#1106 = LINE('',#1107,#1108);
#1107 = CARTESIAN_POINT('',(37.95,42.3,22.5));
#1108 = VECTOR('',#1109,1.);
#1109 = DIRECTION('',(-1.,0.,0.));
#1110 = ORIENTED_EDGE('',*,*,#1111,.F.);
#1111 = EDGE_CURVE('',#1112,#1104,#1114,.T.);
#1112 = VERTEX_POINT('',#1113);
#1113 = CARTESIAN_POINT('',(35.4,42.3,11.7));
#1114 = LINE('',#1115,#1116);
#1115 = CARTESIAN_POINT('',(35.4,42.3,11.7));
#1116 = VECTOR('',#1117,1.);
#1117 = DIRECTION('',(0.,0.,1.));
#1118 = ORIENTED_EDGE('',*,*,#1119,.F.);
#1119 = EDGE_CURVE('',#1120,#1112,#1122,.T.);
#1120 = VERTEX_POINT('',#1121);
#1121 = CARTESIAN_POINT('',(37.95,42.3,11.7));
#1122 = LINE('',#1123,#1124);
#1123 = CARTESIAN_POINT('',(42.3,42.3,11.7));
#1124 = VECTOR('',#1125,1.);
#1125 = DIRECTION('',(-1.,0.,0.));
#1126 = ORIENTED_EDGE('',*,*,#1127,.F.);
#1127 = EDGE_CURVE('',#1061,#1120,#1128,.T.);
#1128 = LINE('',#1129,#1130);
#1129 = CARTESIAN_POINT('',(37.95,42.3,0.));
#1130 = VECTOR('',#1131,1.);
#1131 = DIRECTION('',(0.,0.,1.));
#1132 = PLANE('',#1133);
#1133 = AXIS2_PLACEMENT_3D('',#1134,#1135,#1136);
#1134 = CARTESIAN_POINT('',(21.15,42.3,16.542677824268));
#1135 = DIRECTION('',(0.,1.,0.));
#1136 = DIRECTION('',(0.,0.,1.));
#1137 = ADVANCED_FACE('',(#1138),#1157,.F.);
#1138 = FACE_BOUND('',#1139,.F.);
#1139 = EDGE_LOOP('',(#1140,#1148,#1155,#1156));
#1140 = ORIENTED_EDGE('',*,*,#1141,.T.);
#1141 = EDGE_CURVE('',#607,#1142,#1144,.T.);
#1142 = VERTEX_POINT('',#1143);
#1143 = CARTESIAN_POINT('',(7.15,5.65,29.));
#1144 = LINE('',#1145,#1146);
#1145 = CARTESIAN_POINT('',(7.15,5.65,33.));
#1146 = VECTOR('',#1147,1.);
#1147 = DIRECTION('',(-0.,-0.,-1.));
#1148 = ORIENTED_EDGE('',*,*,#1149,.T.);
#1149 = EDGE_CURVE('',#1142,#1142,#1150,.T.);
#1150 = CIRCLE('',#1151,1.5);
#1151 = AXIS2_PLACEMENT_3D('',#1152,#1153,#1154);
#1152 = CARTESIAN_POINT('',(5.65,5.65,29.));
#1153 = DIRECTION('',(0.,0.,1.));
#1154 = DIRECTION('',(1.,0.,0.));
#1155 = ORIENTED_EDGE('',*,*,#1141,.F.);
#1156 = ORIENTED_EDGE('',*,*,#606,.F.);
#1157 = CYLINDRICAL_SURFACE('',#1158,1.5);
#1158 = AXIS2_PLACEMENT_3D('',#1159,#1160,#1161);
#1159 = CARTESIAN_POINT('',(5.65,5.65,33.));
#1160 = DIRECTION('',(0.,0.,1.));
#1161 = DIRECTION('',(1.,0.,0.));
#1162 = ADVANCED_FACE('',(#1163),#1182,.F.);
#1163 = FACE_BOUND('',#1164,.F.);
#1164 = EDGE_LOOP('',(#1165,#1173,#1180,#1181));
#1165 = ORIENTED_EDGE('',*,*,#1166,.T.);
#1166 = EDGE_CURVE('',#618,#1167,#1169,.T.);
#1167 = VERTEX_POINT('',#1168);
#1168 = CARTESIAN_POINT('',(38.15,5.65,29.));
#1169 = LINE('',#1170,#1171);
#1170 = CARTESIAN_POINT('',(38.15,5.65,33.));
#1171 = VECTOR('',#1172,1.);
#1172 = DIRECTION('',(-0.,-0.,-1.));
#1173 = ORIENTED_EDGE('',*,*,#1174,.T.);
#1174 = EDGE_CURVE('',#1167,#1167,#1175,.T.);
#1175 = CIRCLE('',#1176,1.5);
#1176 = AXIS2_PLACEMENT_3D('',#1177,#1178,#1179);
#1177 = CARTESIAN_POINT('',(36.65,5.65,29.));
#1178 = DIRECTION('',(0.,0.,1.));
#1179 = DIRECTION('',(1.,0.,0.));
#1180 = ORIENTED_EDGE('',*,*,#1166,.F.);
#1181 = ORIENTED_EDGE('',*,*,#617,.F.);
#1182 = CYLINDRICAL_SURFACE('',#1183,1.5);
#1183 = AXIS2_PLACEMENT_3D('',#1184,#1185,#1186);
#1184 = CARTESIAN_POINT('',(36.65,5.65,33.));
#1185 = DIRECTION('',(0.,0.,1.));
#1186 = DIRECTION('',(1.,0.,0.));
#1187 = ADVANCED_FACE('',(#1188),#1207,.F.);
#1188 = FACE_BOUND('',#1189,.F.);
#1189 = EDGE_LOOP('',(#1190,#1198,#1205,#1206));
#1190 = ORIENTED_EDGE('',*,*,#1191,.T.);
#1191 = EDGE_CURVE('',#629,#1192,#1194,.T.);
#1192 = VERTEX_POINT('',#1193);
#1193 = CARTESIAN_POINT('',(7.15,36.65,29.));
#1194 = LINE('',#1195,#1196);
#1195 = CARTESIAN_POINT('',(7.15,36.65,33.));
#1196 = VECTOR('',#1197,1.);
#1197 = DIRECTION('',(-0.,-0.,-1.));
#1198 = ORIENTED_EDGE('',*,*,#1199,.T.);
#1199 = EDGE_CURVE('',#1192,#1192,#1200,.T.);
#1200 = CIRCLE('',#1201,1.5);
#1201 = AXIS2_PLACEMENT_3D('',#1202,#1203,#1204);
#1202 = CARTESIAN_POINT('',(5.65,36.65,29.));
#1203 = DIRECTION('',(0.,0.,1.));
#1204 = DIRECTION('',(1.,0.,0.));
#1205 = ORIENTED_EDGE('',*,*,#1191,.F.);
#1206 = ORIENTED_EDGE('',*,*,#628,.F.);
#1207 = CYLINDRICAL_SURFACE('',#1208,1.5);
#1208 = AXIS2_PLACEMENT_3D('',#1209,#1210,#1211);
#1209 = CARTESIAN_POINT('',(5.65,36.65,33.));
#1210 = DIRECTION('',(0.,0.,1.));
#1211 = DIRECTION('',(1.,0.,0.));
#1212 = ADVANCED_FACE('',(#1213),#1232,.F.);
#1213 = FACE_BOUND('',#1214,.F.);
#1214 = EDGE_LOOP('',(#1215,#1223,#1230,#1231));
#1215 = ORIENTED_EDGE('',*,*,#1216,.T.);
#1216 = EDGE_CURVE('',#643,#1217,#1219,.T.);
#1217 = VERTEX_POINT('',#1218);
#1218 = CARTESIAN_POINT('',(38.15,36.65,29.));
#1219 = LINE('',#1220,#1221);
#1220 = CARTESIAN_POINT('',(38.15,36.65,33.));
#1221 = VECTOR('',#1222,1.);
#1222 = DIRECTION('',(-0.,-0.,-1.));
#1223 = ORIENTED_EDGE('',*,*,#1224,.T.);
#1224 = EDGE_CURVE('',#1217,#1217,#1225,.T.);
#1225 = CIRCLE('',#1226,1.5);
#1226 = AXIS2_PLACEMENT_3D('',#1227,#1228,#1229);
#1227 = CARTESIAN_POINT('',(36.65,36.65,29.));
#1228 = DIRECTION('',(0.,0.,1.));
#1229 = DIRECTION('',(1.,0.,0.));
#1230 = ORIENTED_EDGE('',*,*,#1216,.F.);
#1231 = ORIENTED_EDGE('',*,*,#642,.F.);
#1232 = CYLINDRICAL_SURFACE('',#1233,1.5);
#1233 = AXIS2_PLACEMENT_3D('',#1234,#1235,#1236);
#1234 = CARTESIAN_POINT('',(36.65,36.65,33.));
#1235 = DIRECTION('',(0.,0.,1.));
#1236 = DIRECTION('',(1.,0.,0.));
#1237 = ADVANCED_FACE('',(#1238),#1268,.F.);
#1238 = FACE_BOUND('',#1239,.F.);
#1239 = EDGE_LOOP('',(#1240,#1241,#1247,#1248,#1254,#1255,#1261,#1262));
#1240 = ORIENTED_EDGE('',*,*,#659,.T.);
#1241 = ORIENTED_EDGE('',*,*,#1242,.T.);
#1242 = EDGE_CURVE('',#662,#925,#1243,.T.);
#1243 = LINE('',#1244,#1245);
#1244 = CARTESIAN_POINT('',(40.125,2.175,0.));
#1245 = VECTOR('',#1246,1.);
#1246 = DIRECTION('',(0.707106781187,0.707106781187,0.));
#1247 = ORIENTED_EDGE('',*,*,#924,.T.);
#1248 = ORIENTED_EDGE('',*,*,#1249,.T.);
#1249 = EDGE_CURVE('',#927,#1061,#1250,.T.);
#1250 = LINE('',#1251,#1252);
#1251 = CARTESIAN_POINT('',(40.125,40.125,0.));
#1252 = VECTOR('',#1253,1.);
#1253 = DIRECTION('',(-0.707106781187,0.707106781187,0.));
#1254 = ORIENTED_EDGE('',*,*,#1060,.T.);
#1255 = ORIENTED_EDGE('',*,*,#1256,.T.);
#1256 = EDGE_CURVE('',#1063,#837,#1257,.T.);
#1257 = LINE('',#1258,#1259);
#1258 = CARTESIAN_POINT('',(2.175,40.125,0.));
#1259 = VECTOR('',#1260,1.);
#1260 = DIRECTION('',(-0.707106781187,-0.707106781187,0.));
#1261 = ORIENTED_EDGE('',*,*,#836,.T.);
#1262 = ORIENTED_EDGE('',*,*,#1263,.F.);
#1263 = EDGE_CURVE('',#660,#839,#1264,.T.);
#1264 = LINE('',#1265,#1266);
#1265 = CARTESIAN_POINT('',(2.175,2.175,0.));
#1266 = VECTOR('',#1267,1.);
#1267 = DIRECTION('',(-0.707106781187,0.707106781187,0.));
#1268 = PLANE('',#1269);
#1269 = AXIS2_PLACEMENT_3D('',#1270,#1271,#1272);
#1270 = CARTESIAN_POINT('',(21.15,21.15,0.));
#1271 = DIRECTION('',(0.,0.,1.));
#1272 = DIRECTION('',(1.,0.,0.));
#1273 = ADVANCED_FACE('',(#1274),#1285,.T.);
#1274 = FACE_BOUND('',#1275,.T.);
#1275 = EDGE_LOOP('',(#1276,#1277,#1278,#1284));
#1276 = ORIENTED_EDGE('',*,*,#1263,.F.);
#1277 = ORIENTED_EDGE('',*,*,#740,.T.);
#1278 = ORIENTED_EDGE('',*,*,#1279,.T.);
#1279 = EDGE_CURVE('',#733,#847,#1280,.T.);
#1280 = LINE('',#1281,#1282);
#1281 = CARTESIAN_POINT('',(2.175,2.175,11.7));
#1282 = VECTOR('',#1283,1.);
#1283 = DIRECTION('',(-0.707106781187,0.707106781187,0.));
#1284 = ORIENTED_EDGE('',*,*,#846,.F.);
#1285 = PLANE('',#1286);
#1286 = AXIS2_PLACEMENT_3D('',#1287,#1288,#1289);
#1287 = CARTESIAN_POINT('',(2.175,2.175,0.));
#1288 = DIRECTION('',(-0.707106781187,-0.707106781187,0.));
#1289 = DIRECTION('',(0.,0.,1.));
#1290 = ADVANCED_FACE('',(#1291),#1302,.T.);
#1291 = FACE_BOUND('',#1292,.F.);
#1292 = EDGE_LOOP('',(#1293,#1294,#1295,#1301));
#1293 = ORIENTED_EDGE('',*,*,#1242,.F.);
#1294 = ORIENTED_EDGE('',*,*,#669,.T.);
#1295 = ORIENTED_EDGE('',*,*,#1296,.T.);
#1296 = EDGE_CURVE('',#670,#991,#1297,.T.);
#1297 = LINE('',#1298,#1299);
#1298 = CARTESIAN_POINT('',(40.125,2.175,11.7));
#1299 = VECTOR('',#1300,1.);
#1300 = DIRECTION('',(0.707106781187,0.707106781187,0.));
#1301 = ORIENTED_EDGE('',*,*,#998,.F.);
#1302 = PLANE('',#1303);
#1303 = AXIS2_PLACEMENT_3D('',#1304,#1305,#1306);
#1304 = CARTESIAN_POINT('',(40.125,2.175,0.));
#1305 = DIRECTION('',(0.707106781187,-0.707106781187,0.));
#1306 = DIRECTION('',(-0.,-0.,-1.));
#1307 = ADVANCED_FACE('',(#1308),#1319,.T.);
#1308 = FACE_BOUND('',#1309,.T.);
#1309 = EDGE_LOOP('',(#1310,#1311,#1312,#1318));
#1310 = ORIENTED_EDGE('',*,*,#1279,.F.);
#1311 = ORIENTED_EDGE('',*,*,#732,.T.);
#1312 = ORIENTED_EDGE('',*,*,#1313,.F.);
#1313 = EDGE_CURVE('',#855,#725,#1314,.T.);
#1314 = LINE('',#1315,#1316);
#1315 = CARTESIAN_POINT('',(0.,6.9,11.7));
#1316 = VECTOR('',#1317,1.);
#1317 = DIRECTION('',(0.707106781187,-0.707106781187,0.));
#1318 = ORIENTED_EDGE('',*,*,#854,.T.);
#1319 = PLANE('',#1320);
#1320 = AXIS2_PLACEMENT_3D('',#1321,#1322,#1323);
#1321 = CARTESIAN_POINT('',(21.15,21.15,11.7));
#1322 = DIRECTION('',(0.,0.,1.));
#1323 = DIRECTION('',(1.,0.,0.));
#1324 = ADVANCED_FACE('',(#1325),#1336,.T.);
#1325 = FACE_BOUND('',#1326,.T.);
#1326 = EDGE_LOOP('',(#1327,#1333,#1334,#1335));
#1327 = ORIENTED_EDGE('',*,*,#1328,.F.);
#1328 = EDGE_CURVE('',#678,#983,#1329,.T.);
#1329 = LINE('',#1330,#1331);
#1330 = CARTESIAN_POINT('',(35.4,0.,11.7));
#1331 = VECTOR('',#1332,1.);
#1332 = DIRECTION('',(0.707106781187,0.707106781187,0.));
#1333 = ORIENTED_EDGE('',*,*,#677,.T.);
#1334 = ORIENTED_EDGE('',*,*,#1296,.T.);
#1335 = ORIENTED_EDGE('',*,*,#990,.T.);
#1336 = PLANE('',#1337);
#1337 = AXIS2_PLACEMENT_3D('',#1338,#1339,#1340);
#1338 = CARTESIAN_POINT('',(21.15,21.15,11.7));
#1339 = DIRECTION('',(0.,0.,1.));
#1340 = DIRECTION('',(1.,0.,0.));
#1341 = ADVANCED_FACE('',(#1342),#1353,.F.);
#1342 = FACE_BOUND('',#1343,.F.);
#1343 = EDGE_LOOP('',(#1344,#1345,#1351,#1352));
#1344 = ORIENTED_EDGE('',*,*,#862,.T.);
#1345 = ORIENTED_EDGE('',*,*,#1346,.T.);
#1346 = EDGE_CURVE('',#863,#717,#1347,.T.);
#1347 = LINE('',#1348,#1349);
#1348 = CARTESIAN_POINT('',(0.,6.9,22.5));
#1349 = VECTOR('',#1350,1.);
#1350 = DIRECTION('',(0.707106781187,-0.707106781187,0.));
#1351 = ORIENTED_EDGE('',*,*,#724,.F.);
#1352 = ORIENTED_EDGE('',*,*,#1313,.F.);
#1353 = PLANE('',#1354);
#1354 = AXIS2_PLACEMENT_3D('',#1355,#1356,#1357);
#1355 = CARTESIAN_POINT('',(0.,6.9,11.7));
#1356 = DIRECTION('',(0.707106781187,0.707106781187,0.));
#1357 = DIRECTION('',(0.707106781187,-0.707106781187,0.));
#1358 = ADVANCED_FACE('',(#1359),#1370,.F.);
#1359 = FACE_BOUND('',#1360,.F.);
#1360 = EDGE_LOOP('',(#1361,#1362,#1368,#1369));
#1361 = ORIENTED_EDGE('',*,*,#685,.T.);
#1362 = ORIENTED_EDGE('',*,*,#1363,.T.);
#1363 = EDGE_CURVE('',#686,#975,#1364,.T.);
#1364 = LINE('',#1365,#1366);
#1365 = CARTESIAN_POINT('',(35.4,0.,22.5));
#1366 = VECTOR('',#1367,1.);
#1367 = DIRECTION('',(0.707106781187,0.707106781187,0.));
#1368 = ORIENTED_EDGE('',*,*,#982,.F.);
#1369 = ORIENTED_EDGE('',*,*,#1328,.F.);
#1370 = PLANE('',#1371);
#1371 = AXIS2_PLACEMENT_3D('',#1372,#1373,#1374);
#1372 = CARTESIAN_POINT('',(35.4,0.,11.7));
#1373 = DIRECTION('',(-0.707106781187,0.707106781187,0.));
#1374 = DIRECTION('',(0.707106781187,0.707106781187,0.));
#1375 = ADVANCED_FACE('',(#1376),#1382,.F.);
#1376 = FACE_BOUND('',#1377,.F.);
#1377 = EDGE_LOOP('',(#1378,#1379,#1380,#1381));
#1378 = ORIENTED_EDGE('',*,*,#798,.F.);
#1379 = ORIENTED_EDGE('',*,*,#716,.T.);
#1380 = ORIENTED_EDGE('',*,*,#1346,.F.);
#1381 = ORIENTED_EDGE('',*,*,#870,.T.);
#1382 = PLANE('',#1383);
#1383 = AXIS2_PLACEMENT_3D('',#1384,#1385,#1386);
#1384 = CARTESIAN_POINT('',(21.15,21.15,22.5));
#1385 = DIRECTION('',(0.,0.,1.));
#1386 = DIRECTION('',(1.,0.,0.));
#1387 = ADVANCED_FACE('',(#1388),#1394,.F.);
#1388 = FACE_BOUND('',#1389,.F.);
#1389 = EDGE_LOOP('',(#1390,#1391,#1392,#1393));
#1390 = ORIENTED_EDGE('',*,*,#1363,.F.);
#1391 = ORIENTED_EDGE('',*,*,#693,.T.);
#1392 = ORIENTED_EDGE('',*,*,#822,.T.);
#1393 = ORIENTED_EDGE('',*,*,#974,.T.);
#1394 = PLANE('',#1395);
#1395 = AXIS2_PLACEMENT_3D('',#1396,#1397,#1398);
#1396 = CARTESIAN_POINT('',(21.15,21.15,22.5));
#1397 = DIRECTION('',(0.,0.,1.));
#1398 = DIRECTION('',(1.,0.,0.));
#1399 = ADVANCED_FACE('',(#1400),#1425,.F.);
#1400 = FACE_BOUND('',#1401,.F.);
#1401 = EDGE_LOOP('',(#1402,#1410,#1418,#1424));
#1402 = ORIENTED_EDGE('',*,*,#1403,.T.);
#1403 = EDGE_CURVE('',#749,#1404,#1406,.T.);
#1404 = VERTEX_POINT('',#1405);
#1405 = CARTESIAN_POINT('',(17.15,-3.,8.5));
#1406 = LINE('',#1407,#1408);
#1407 = CARTESIAN_POINT('',(17.15,1.68E-15,8.5));
#1408 = VECTOR('',#1409,1.);
#1409 = DIRECTION('',(0.,-1.,2.2E-16));
#1410 = ORIENTED_EDGE('',*,*,#1411,.T.);
#1411 = EDGE_CURVE('',#1404,#1412,#1414,.T.);
#1412 = VERTEX_POINT('',#1413);
#1413 = CARTESIAN_POINT('',(17.15,-3.,1.5));
#1414 = LINE('',#1415,#1416);
#1415 = CARTESIAN_POINT('',(17.15,-3.,8.5));
#1416 = VECTOR('',#1417,1.);
#1417 = DIRECTION('',(0.,0.,-1.));
#1418 = ORIENTED_EDGE('',*,*,#1419,.F.);
#1419 = EDGE_CURVE('',#751,#1412,#1420,.T.);
#1420 = LINE('',#1421,#1422);
#1421 = CARTESIAN_POINT('',(17.15,1.2E-16,1.5));
#1422 = VECTOR('',#1423,1.);
#1423 = DIRECTION('',(0.,-1.,2.2E-16));
#1424 = ORIENTED_EDGE('',*,*,#748,.F.);
#1425 = PLANE('',#1426);
#1426 = AXIS2_PLACEMENT_3D('',#1427,#1428,#1429);
#1427 = CARTESIAN_POINT('',(17.15,1.68E-15,8.5));
#1428 = DIRECTION('',(1.,0.,0.));
#1429 = DIRECTION('',(0.,-2.2E-16,-1.));
#1430 = ADVANCED_FACE('',(#1431),#1449,.F.);
#1431 = FACE_BOUND('',#1432,.F.);
#1432 = EDGE_LOOP('',(#1433,#1434,#1442,#1448));
#1433 = ORIENTED_EDGE('',*,*,#1419,.T.);
#1434 = ORIENTED_EDGE('',*,*,#1435,.T.);
#1435 = EDGE_CURVE('',#1412,#1436,#1438,.T.);
#1436 = VERTEX_POINT('',#1437);
#1437 = CARTESIAN_POINT('',(25.15,-3.,1.5));
#1438 = LINE('',#1439,#1440);
#1439 = CARTESIAN_POINT('',(17.15,-3.,1.5));
#1440 = VECTOR('',#1441,1.);
#1441 = DIRECTION('',(1.,0.,0.));
#1442 = ORIENTED_EDGE('',*,*,#1443,.F.);
#1443 = EDGE_CURVE('',#767,#1436,#1444,.T.);
#1444 = LINE('',#1445,#1446);
#1445 = CARTESIAN_POINT('',(25.15,1.2E-16,1.5));
#1446 = VECTOR('',#1447,1.);
#1447 = DIRECTION('',(0.,-1.,2.2E-16));
#1448 = ORIENTED_EDGE('',*,*,#774,.F.);
#1449 = PLANE('',#1450);
#1450 = AXIS2_PLACEMENT_3D('',#1451,#1452,#1453);
#1451 = CARTESIAN_POINT('',(17.15,1.2E-16,1.5));
#1452 = DIRECTION('',(0.,2.2E-16,1.));
#1453 = DIRECTION('',(1.,0.,-0.));
#1454 = ADVANCED_FACE('',(#1455),#1473,.F.);
#1455 = FACE_BOUND('',#1456,.F.);
#1456 = EDGE_LOOP('',(#1457,#1458,#1466,#1472));
#1457 = ORIENTED_EDGE('',*,*,#1443,.T.);
#1458 = ORIENTED_EDGE('',*,*,#1459,.T.);
#1459 = EDGE_CURVE('',#1436,#1460,#1462,.T.);
#1460 = VERTEX_POINT('',#1461);
#1461 = CARTESIAN_POINT('',(25.15,-3.,8.5));
#1462 = LINE('',#1463,#1464);
#1463 = CARTESIAN_POINT('',(25.15,-3.,1.5));
#1464 = VECTOR('',#1465,1.);
#1465 = DIRECTION('',(0.,0.,1.));
#1466 = ORIENTED_EDGE('',*,*,#1467,.F.);
#1467 = EDGE_CURVE('',#759,#1460,#1468,.T.);
#1468 = LINE('',#1469,#1470);
#1469 = CARTESIAN_POINT('',(25.15,1.68E-15,8.5));
#1470 = VECTOR('',#1471,1.);
#1471 = DIRECTION('',(0.,-1.,2.2E-16));
#1472 = ORIENTED_EDGE('',*,*,#766,.F.);
#1473 = PLANE('',#1474);
#1474 = AXIS2_PLACEMENT_3D('',#1475,#1476,#1477);
#1475 = CARTESIAN_POINT('',(25.15,1.2E-16,1.5));
#1476 = DIRECTION('',(-1.,0.,0.));
#1477 = DIRECTION('',(0.,2.2E-16,1.));
#1478 = ADVANCED_FACE('',(#1479),#1490,.F.);
#1479 = FACE_BOUND('',#1480,.F.);
#1480 = EDGE_LOOP('',(#1481,#1482,#1488,#1489));
#1481 = ORIENTED_EDGE('',*,*,#1467,.T.);
#1482 = ORIENTED_EDGE('',*,*,#1483,.T.);
#1483 = EDGE_CURVE('',#1460,#1404,#1484,.T.);
#1484 = LINE('',#1485,#1486);
#1485 = CARTESIAN_POINT('',(25.15,-3.,8.5));
#1486 = VECTOR('',#1487,1.);
#1487 = DIRECTION('',(-1.,0.,0.));
#1488 = ORIENTED_EDGE('',*,*,#1403,.F.);
#1489 = ORIENTED_EDGE('',*,*,#758,.F.);
#1490 = PLANE('',#1491);
#1491 = AXIS2_PLACEMENT_3D('',#1492,#1493,#1494);
#1492 = CARTESIAN_POINT('',(25.15,1.68E-15,8.5));
#1493 = DIRECTION('',(-0.,-2.2E-16,-1.));
#1494 = DIRECTION('',(-1.,0.,0.));
#1495 = ADVANCED_FACE('',(#1496),#1507,.F.);
#1496 = FACE_BOUND('',#1497,.F.);
#1497 = EDGE_LOOP('',(#1498,#1499,#1505,#1506));
#1498 = ORIENTED_EDGE('',*,*,#886,.T.);
#1499 = ORIENTED_EDGE('',*,*,#1500,.T.);
#1500 = EDGE_CURVE('',#887,#1087,#1501,.T.);
#1501 = LINE('',#1502,#1503);
#1502 = CARTESIAN_POINT('',(0.,35.4,22.5));
#1503 = VECTOR('',#1504,1.);
#1504 = DIRECTION('',(0.707106781187,0.707106781187,0.));
#1505 = ORIENTED_EDGE('',*,*,#1094,.T.);
#1506 = ORIENTED_EDGE('',*,*,#1022,.T.);
#1507 = PLANE('',#1508);
#1508 = AXIS2_PLACEMENT_3D('',#1509,#1510,#1511);
#1509 = CARTESIAN_POINT('',(21.15,21.15,22.5));
#1510 = DIRECTION('',(0.,0.,1.));
#1511 = DIRECTION('',(1.,0.,0.));
#1512 = ADVANCED_FACE('',(#1513),#1524,.T.);
#1513 = FACE_BOUND('',#1514,.T.);
#1514 = EDGE_LOOP('',(#1515,#1516,#1517,#1518));
#1515 = ORIENTED_EDGE('',*,*,#894,.T.);
#1516 = ORIENTED_EDGE('',*,*,#1500,.T.);
#1517 = ORIENTED_EDGE('',*,*,#1086,.F.);
#1518 = ORIENTED_EDGE('',*,*,#1519,.F.);
#1519 = EDGE_CURVE('',#895,#1079,#1520,.T.);
#1520 = LINE('',#1521,#1522);
#1521 = CARTESIAN_POINT('',(0.,35.4,11.7));
#1522 = VECTOR('',#1523,1.);
#1523 = DIRECTION('',(0.707106781187,0.707106781187,0.));
#1524 = PLANE('',#1525);
#1525 = AXIS2_PLACEMENT_3D('',#1526,#1527,#1528);
#1526 = CARTESIAN_POINT('',(0.,35.4,11.7));
#1527 = DIRECTION('',(-0.707106781187,0.707106781187,0.));
#1528 = DIRECTION('',(0.707106781187,0.707106781187,0.));
#1529 = ADVANCED_FACE('',(#1530),#1541,.T.);
#1530 = FACE_BOUND('',#1531,.T.);
#1531 = EDGE_LOOP('',(#1532,#1533,#1534,#1535));
#1532 = ORIENTED_EDGE('',*,*,#902,.T.);
#1533 = ORIENTED_EDGE('',*,*,#1519,.T.);
#1534 = ORIENTED_EDGE('',*,*,#1078,.T.);
#1535 = ORIENTED_EDGE('',*,*,#1536,.T.);
#1536 = EDGE_CURVE('',#1071,#903,#1537,.T.);
#1537 = LINE('',#1538,#1539);
#1538 = CARTESIAN_POINT('',(2.175,40.125,11.7));
#1539 = VECTOR('',#1540,1.);
#1540 = DIRECTION('',(-0.707106781187,-0.707106781187,0.));
#1541 = PLANE('',#1542);
#1542 = AXIS2_PLACEMENT_3D('',#1543,#1544,#1545);
#1543 = CARTESIAN_POINT('',(21.15,21.15,11.7));
#1544 = DIRECTION('',(0.,0.,1.));
#1545 = DIRECTION('',(1.,0.,0.));
#1546 = ADVANCED_FACE('',(#1547),#1553,.T.);
#1547 = FACE_BOUND('',#1548,.F.);
#1548 = EDGE_LOOP('',(#1549,#1550,#1551,#1552));
#1549 = ORIENTED_EDGE('',*,*,#1256,.F.);
#1550 = ORIENTED_EDGE('',*,*,#1070,.T.);
#1551 = ORIENTED_EDGE('',*,*,#1536,.T.);
#1552 = ORIENTED_EDGE('',*,*,#910,.F.);
#1553 = PLANE('',#1554);
#1554 = AXIS2_PLACEMENT_3D('',#1555,#1556,#1557);
#1555 = CARTESIAN_POINT('',(2.175,40.125,0.));
#1556 = DIRECTION('',(-0.707106781187,0.707106781187,0.));
#1557 = DIRECTION('',(-0.,-0.,-1.));
#1558 = ADVANCED_FACE('',(#1559),#1570,.T.);
#1559 = FACE_BOUND('',#1560,.F.);
#1560 = EDGE_LOOP('',(#1561,#1562,#1563,#1569));
#1561 = ORIENTED_EDGE('',*,*,#1249,.F.);
#1562 = ORIENTED_EDGE('',*,*,#934,.T.);
#1563 = ORIENTED_EDGE('',*,*,#1564,.T.);
#1564 = EDGE_CURVE('',#935,#1120,#1565,.T.);
#1565 = LINE('',#1566,#1567);
#1566 = CARTESIAN_POINT('',(40.125,40.125,11.7));
#1567 = VECTOR('',#1568,1.);
#1568 = DIRECTION('',(-0.707106781187,0.707106781187,0.));
#1569 = ORIENTED_EDGE('',*,*,#1127,.F.);
#1570 = PLANE('',#1571);
#1571 = AXIS2_PLACEMENT_3D('',#1572,#1573,#1574);
#1572 = CARTESIAN_POINT('',(40.125,40.125,0.));
#1573 = DIRECTION('',(0.707106781187,0.707106781187,0.));
#1574 = DIRECTION('',(0.,0.,-1.));
#1575 = ADVANCED_FACE('',(#1576),#1587,.T.);
#1576 = FACE_BOUND('',#1577,.T.);
#1577 = EDGE_LOOP('',(#1578,#1584,#1585,#1586));
#1578 = ORIENTED_EDGE('',*,*,#1579,.T.);
#1579 = EDGE_CURVE('',#1112,#943,#1580,.T.);
#1580 = LINE('',#1581,#1582);
#1581 = CARTESIAN_POINT('',(35.4,42.3,11.7));
#1582 = VECTOR('',#1583,1.);
#1583 = DIRECTION('',(0.707106781187,-0.707106781187,0.));
#1584 = ORIENTED_EDGE('',*,*,#942,.T.);
#1585 = ORIENTED_EDGE('',*,*,#1564,.T.);
#1586 = ORIENTED_EDGE('',*,*,#1119,.T.);
#1587 = PLANE('',#1588);
#1588 = AXIS2_PLACEMENT_3D('',#1589,#1590,#1591);
#1589 = CARTESIAN_POINT('',(21.15,21.15,11.7));
#1590 = DIRECTION('',(0.,0.,1.));
#1591 = DIRECTION('',(1.,0.,0.));
#1592 = ADVANCED_FACE('',(#1593),#1604,.T.);
#1593 = FACE_BOUND('',#1594,.T.);
#1594 = EDGE_LOOP('',(#1595,#1596,#1602,#1603));
#1595 = ORIENTED_EDGE('',*,*,#1111,.T.);
#1596 = ORIENTED_EDGE('',*,*,#1597,.T.);
#1597 = EDGE_CURVE('',#1104,#951,#1598,.T.);
#1598 = LINE('',#1599,#1600);
#1599 = CARTESIAN_POINT('',(35.4,42.3,22.5));
#1600 = VECTOR('',#1601,1.);
#1601 = DIRECTION('',(0.707106781187,-0.707106781187,0.));
#1602 = ORIENTED_EDGE('',*,*,#950,.F.);
#1603 = ORIENTED_EDGE('',*,*,#1579,.F.);
#1604 = PLANE('',#1605);
#1605 = AXIS2_PLACEMENT_3D('',#1606,#1607,#1608);
#1606 = CARTESIAN_POINT('',(35.4,42.3,11.7));
#1607 = DIRECTION('',(0.707106781187,0.707106781187,0.));
#1608 = DIRECTION('',(0.707106781187,-0.707106781187,0.));
#1609 = ADVANCED_FACE('',(#1610),#1616,.F.);
#1610 = FACE_BOUND('',#1611,.F.);
#1611 = EDGE_LOOP('',(#1612,#1613,#1614,#1615));
#1612 = ORIENTED_EDGE('',*,*,#1597,.T.);
#1613 = ORIENTED_EDGE('',*,*,#958,.T.);
#1614 = ORIENTED_EDGE('',*,*,#1046,.T.);
#1615 = ORIENTED_EDGE('',*,*,#1103,.T.);
#1616 = PLANE('',#1617);
#1617 = AXIS2_PLACEMENT_3D('',#1618,#1619,#1620);
#1618 = CARTESIAN_POINT('',(21.15,21.15,22.5));
#1619 = DIRECTION('',(0.,0.,1.));
#1620 = DIRECTION('',(1.,0.,0.));
#1621 = ADVANCED_FACE('',(#1622),#1625,.T.);
#1622 = FACE_BOUND('',#1623,.T.);
#1623 = EDGE_LOOP('',(#1624));
#1624 = ORIENTED_EDGE('',*,*,#1149,.T.);
#1625 = PLANE('',#1626);
#1626 = AXIS2_PLACEMENT_3D('',#1627,#1628,#1629);
#1627 = CARTESIAN_POINT('',(21.15,21.15,29.));
#1628 = DIRECTION('',(0.,0.,1.));
#1629 = DIRECTION('',(1.,0.,0.));
#1630 = ADVANCED_FACE('',(#1631),#1634,.T.);
#1631 = FACE_BOUND('',#1632,.T.);
#1632 = EDGE_LOOP('',(#1633));
#1633 = ORIENTED_EDGE('',*,*,#1174,.T.);
#1634 = PLANE('',#1635);
#1635 = AXIS2_PLACEMENT_3D('',#1636,#1637,#1638);
#1636 = CARTESIAN_POINT('',(21.15,21.15,29.));
#1637 = DIRECTION('',(0.,0.,1.));
#1638 = DIRECTION('',(1.,0.,0.));
#1639 = ADVANCED_FACE('',(#1640),#1643,.T.);
#1640 = FACE_BOUND('',#1641,.T.);
#1641 = EDGE_LOOP('',(#1642));
#1642 = ORIENTED_EDGE('',*,*,#1199,.T.);
#1643 = PLANE('',#1644);
#1644 = AXIS2_PLACEMENT_3D('',#1645,#1646,#1647);
#1645 = CARTESIAN_POINT('',(21.15,21.15,29.));
#1646 = DIRECTION('',(0.,0.,1.));
#1647 = DIRECTION('',(1.,0.,0.));
#1648 = ADVANCED_FACE('',(#1649),#1652,.T.);
#1649 = FACE_BOUND('',#1650,.T.);
#1650 = EDGE_LOOP('',(#1651));
#1651 = ORIENTED_EDGE('',*,*,#1224,.T.);
#1652 = PLANE('',#1653);
#1653 = AXIS2_PLACEMENT_3D('',#1654,#1655,#1656);
#1654 = CARTESIAN_POINT('',(21.15,21.15,29.));
#1655 = DIRECTION('',(0.,0.,1.));
#1656 = DIRECTION('',(1.,0.,0.));
#1657 = ADVANCED_FACE('',(#1658),#1664,.F.);
#1658 = FACE_BOUND('',#1659,.T.);
#1659 = EDGE_LOOP('',(#1660,#1661,#1662,#1663));
#1660 = ORIENTED_EDGE('',*,*,#1411,.T.);
#1661 = ORIENTED_EDGE('',*,*,#1435,.T.);
#1662 = ORIENTED_EDGE('',*,*,#1459,.T.);
#1663 = ORIENTED_EDGE('',*,*,#1483,.T.);
#1664 = PLANE('',#1665);
#1665 = AXIS2_PLACEMENT_3D('',#1666,#1667,#1668);
#1666 = CARTESIAN_POINT('',(21.15,-3.,5.));
#1667 = DIRECTION('',(0.,1.,0.));
#1668 = DIRECTION('',(0.,0.,1.));
#1669 = ( GEOMETRIC_REPRESENTATION_CONTEXT(3) 
GLOBAL_UNCERTAINTY_ASSIGNED_CONTEXT((#1673)) 
GLOBAL_UNIT_ASSIGNED_CONTEXT((#1670,#1671,#1672)) REPRESENTATION_CONTEXT
('Context #1','3D Context with UNIT and UNCERTAINTY') );
#1670 = ( LENGTH_UNIT() NAMED_UNIT(*) SI_UNIT(.MILLI.,.METRE.) );
#1671 = ( NAMED_UNIT(*) PLANE_ANGLE_UNIT() SI_UNIT($,.RADIAN.) );
#1672 = ( NAMED_UNIT(*) SI_UNIT($,.STERADIAN.) SOLID_ANGLE_UNIT() );
#1673 = UNCERTAINTY_MEASURE_WITH_UNIT(LENGTH_MEASURE(2.E-04),#1670,
  'distance_accuracy_value','confusion accuracy');
#1674 = CONTEXT_DEPENDENT_SHAPE_REPRESENTATION(#1675,#1677);
#1675 = ( REPRESENTATION_RELATIONSHIP('','',#72,#10) 
REPRESENTATION_RELATIONSHIP_WITH_TRANSFORMATION(#1676) 
SHAPE_REPRESENTATION_RELATIONSHIP() );
#1676 = ITEM_DEFINED_TRANSFORMATION('','',#11,#15);
#1677 = PRODUCT_DEFINITION_SHAPE('Placement','Placement of an item',
  #1678);
#1678 = NEXT_ASSEMBLY_USAGE_OCCURRENCE('1','Motor','',#5,#67,$);
#1679 = PRODUCT_RELATED_PRODUCT_CATEGORY('part',$,(#69));
#1680 = SHAPE_DEFINITION_REPRESENTATION(#1681,#1687);
#1681 = PRODUCT_DEFINITION_SHAPE('','',#1682);
#1682 = PRODUCT_DEFINITION('design','',#1683,#1686);
#1683 = PRODUCT_DEFINITION_FORMATION('','',#1684);
#1684 = PRODUCT('Body','Body','',(#1685));
#1685 = PRODUCT_CONTEXT('',#2,'mechanical');
#1686 = PRODUCT_DEFINITION_CONTEXT('part definition',#2,'design');
#1687 = ADVANCED_BREP_SHAPE_REPRESENTATION('',(#11,#1688),#1875);
#1688 = MANIFOLD_SOLID_BREP('',#1689);
#1689 = CLOSED_SHELL('',(#1690,#1723,#1743,#1768,#1793,#1818,#1838,#1863
    ));
#1690 = ADVANCED_FACE('',(#1691),#1718,.T.);
#1691 = FACE_BOUND('',#1692,.T.);
#1692 = EDGE_LOOP('',(#1693,#1702,#1710,#1717));
#1693 = ORIENTED_EDGE('',*,*,#1694,.T.);
#1694 = EDGE_CURVE('',#1695,#1695,#1697,.T.);
#1695 = VERTEX_POINT('',#1696);
#1696 = CARTESIAN_POINT('',(-9.,24.,-1.E-15));
#1697 = CIRCLE('',#1698,9.);
#1698 = AXIS2_PLACEMENT_3D('',#1699,#1700,#1701);
#1699 = CARTESIAN_POINT('',(0.,24.,0.));
#1700 = DIRECTION('',(0.,-1.,0.));
#1701 = DIRECTION('',(1.,0.,0.));
#1702 = ORIENTED_EDGE('',*,*,#1703,.T.);
#1703 = EDGE_CURVE('',#1695,#1704,#1706,.T.);
#1704 = VERTEX_POINT('',#1705);
#1705 = CARTESIAN_POINT('',(-9.5,23.5,1.E-15));
#1706 = LINE('',#1707,#1708);
#1707 = CARTESIAN_POINT('',(-9.25,23.75,1.13E-15));
#1708 = VECTOR('',#1709,1.);
#1709 = DIRECTION('',(-0.707106781187,-0.707106781187,9.E-17));
#1710 = ORIENTED_EDGE('',*,*,#1711,.T.);
#1711 = EDGE_CURVE('',#1704,#1704,#1712,.T.);
#1712 = CIRCLE('',#1713,9.5);
#1713 = AXIS2_PLACEMENT_3D('',#1714,#1715,#1716);
#1714 = CARTESIAN_POINT('',(0.,23.5,0.));
#1715 = DIRECTION('',(-0.,1.,0.));
#1716 = DIRECTION('',(1.,0.,0.));
#1717 = ORIENTED_EDGE('',*,*,#1703,.F.);
#1718 = CONICAL_SURFACE('',#1719,9.25,0.785398163397);
#1719 = AXIS2_PLACEMENT_3D('',#1720,#1721,#1722);
#1720 = CARTESIAN_POINT('',(0.,23.75,0.));
#1721 = DIRECTION('',(0.,-1.,0.));
#1722 = DIRECTION('',(1.,0.,0.));
#1723 = ADVANCED_FACE('',(#1724,#1727),#1738,.T.);
#1724 = FACE_BOUND('',#1725,.T.);
#1725 = EDGE_LOOP('',(#1726));
#1726 = ORIENTED_EDGE('',*,*,#1694,.F.);
#1727 = FACE_BOUND('',#1728,.T.);
#1728 = EDGE_LOOP('',(#1729));
#1729 = ORIENTED_EDGE('',*,*,#1730,.T.);
#1730 = EDGE_CURVE('',#1731,#1731,#1733,.T.);
#1731 = VERTEX_POINT('',#1732);
#1732 = CARTESIAN_POINT('',(2.5,24.,0.));
#1733 = CIRCLE('',#1734,2.5);
#1734 = AXIS2_PLACEMENT_3D('',#1735,#1736,#1737);
#1735 = CARTESIAN_POINT('',(0.,24.,0.));
#1736 = DIRECTION('',(0.,-1.,0.));
#1737 = DIRECTION('',(-1.,0.,0.));
#1738 = PLANE('',#1739);
#1739 = AXIS2_PLACEMENT_3D('',#1740,#1741,#1742);
#1740 = CARTESIAN_POINT('',(0.,24.,0.));
#1741 = DIRECTION('',(0.,1.,0.));
#1742 = DIRECTION('',(1.,0.,0.));
#1743 = ADVANCED_FACE('',(#1744),#1763,.T.);
#1744 = FACE_BOUND('',#1745,.T.);
#1745 = EDGE_LOOP('',(#1746,#1747,#1755,#1762));
#1746 = ORIENTED_EDGE('',*,*,#1711,.F.);
#1747 = ORIENTED_EDGE('',*,*,#1748,.T.);
#1748 = EDGE_CURVE('',#1704,#1749,#1751,.T.);
#1749 = VERTEX_POINT('',#1750);
#1750 = CARTESIAN_POINT('',(-9.5,0.5,-1.E-15));
#1751 = LINE('',#1752,#1753);
#1752 = CARTESIAN_POINT('',(-9.5,0.,1.16E-15));
#1753 = VECTOR('',#1754,1.);
#1754 = DIRECTION('',(0.,-1.,0.));
#1755 = ORIENTED_EDGE('',*,*,#1756,.F.);
#1756 = EDGE_CURVE('',#1749,#1749,#1757,.T.);
#1757 = CIRCLE('',#1758,9.5);
#1758 = AXIS2_PLACEMENT_3D('',#1759,#1760,#1761);
#1759 = CARTESIAN_POINT('',(0.,0.5,0.));
#1760 = DIRECTION('',(0.,-1.,0.));
#1761 = DIRECTION('',(1.,0.,0.));
#1762 = ORIENTED_EDGE('',*,*,#1748,.F.);
#1763 = CYLINDRICAL_SURFACE('',#1764,9.5);
#1764 = AXIS2_PLACEMENT_3D('',#1765,#1766,#1767);
#1765 = CARTESIAN_POINT('',(0.,0.,0.));
#1766 = DIRECTION('',(0.,1.,0.));
#1767 = DIRECTION('',(1.,0.,0.));
#1768 = ADVANCED_FACE('',(#1769),#1788,.F.);
#1769 = FACE_BOUND('',#1770,.F.);
#1770 = EDGE_LOOP('',(#1771,#1779,#1786,#1787));
#1771 = ORIENTED_EDGE('',*,*,#1772,.T.);
#1772 = EDGE_CURVE('',#1731,#1773,#1775,.T.);
#1773 = VERTEX_POINT('',#1774);
#1774 = CARTESIAN_POINT('',(2.5,18.,0.));
#1775 = LINE('',#1776,#1777);
#1776 = CARTESIAN_POINT('',(2.5,24.,3.1E-16));
#1777 = VECTOR('',#1778,1.);
#1778 = DIRECTION('',(0.,-1.,0.));
#1779 = ORIENTED_EDGE('',*,*,#1780,.F.);
#1780 = EDGE_CURVE('',#1773,#1773,#1781,.T.);
#1781 = CIRCLE('',#1782,2.5);
#1782 = AXIS2_PLACEMENT_3D('',#1783,#1784,#1785);
#1783 = CARTESIAN_POINT('',(0.,18.,0.));
#1784 = DIRECTION('',(0.,-1.,0.));
#1785 = DIRECTION('',(-1.,0.,0.));
#1786 = ORIENTED_EDGE('',*,*,#1772,.F.);
#1787 = ORIENTED_EDGE('',*,*,#1730,.T.);
#1788 = CYLINDRICAL_SURFACE('',#1789,2.5);
#1789 = AXIS2_PLACEMENT_3D('',#1790,#1791,#1792);
#1790 = CARTESIAN_POINT('',(0.,24.,0.));
#1791 = DIRECTION('',(0.,-1.,0.));
#1792 = DIRECTION('',(-1.,0.,0.));
#1793 = ADVANCED_FACE('',(#1794),#1813,.T.);
#1794 = FACE_BOUND('',#1795,.T.);
#1795 = EDGE_LOOP('',(#1796,#1797,#1805,#1812));
#1796 = ORIENTED_EDGE('',*,*,#1756,.T.);
#1797 = ORIENTED_EDGE('',*,*,#1798,.T.);
#1798 = EDGE_CURVE('',#1749,#1799,#1801,.T.);
#1799 = VERTEX_POINT('',#1800);
#1800 = CARTESIAN_POINT('',(-9.,0.,1.E-15));
#1801 = LINE('',#1802,#1803);
#1802 = CARTESIAN_POINT('',(-9.25,0.25,1.13E-15));
#1803 = VECTOR('',#1804,1.);
#1804 = DIRECTION('',(0.707106781187,-0.707106781187,-9.E-17));
#1805 = ORIENTED_EDGE('',*,*,#1806,.T.);
#1806 = EDGE_CURVE('',#1799,#1799,#1807,.T.);
#1807 = CIRCLE('',#1808,9.);
#1808 = AXIS2_PLACEMENT_3D('',#1809,#1810,#1811);
#1809 = CARTESIAN_POINT('',(0.,0.,0.));
#1810 = DIRECTION('',(-0.,1.,0.));
#1811 = DIRECTION('',(1.,0.,0.));
#1812 = ORIENTED_EDGE('',*,*,#1798,.F.);
#1813 = CONICAL_SURFACE('',#1814,9.25,0.785398163397);
#1814 = AXIS2_PLACEMENT_3D('',#1815,#1816,#1817);
#1815 = CARTESIAN_POINT('',(0.,0.25,0.));
#1816 = DIRECTION('',(0.,1.,0.));
#1817 = DIRECTION('',(1.,0.,0.));
#1818 = ADVANCED_FACE('',(#1819,#1830),#1833,.T.);
#1819 = FACE_BOUND('',#1820,.T.);
#1820 = EDGE_LOOP('',(#1821));
#1821 = ORIENTED_EDGE('',*,*,#1822,.T.);
#1822 = EDGE_CURVE('',#1823,#1823,#1825,.T.);
#1823 = VERTEX_POINT('',#1824);
#1824 = CARTESIAN_POINT('',(4.,18.,0.));
#1825 = CIRCLE('',#1826,4.);
#1826 = AXIS2_PLACEMENT_3D('',#1827,#1828,#1829);
#1827 = CARTESIAN_POINT('',(0.,18.,0.));
#1828 = DIRECTION('',(0.,-1.,0.));
#1829 = DIRECTION('',(1.,0.,0.));
#1830 = FACE_BOUND('',#1831,.T.);
#1831 = EDGE_LOOP('',(#1832));
#1832 = ORIENTED_EDGE('',*,*,#1780,.F.);
#1833 = PLANE('',#1834);
#1834 = AXIS2_PLACEMENT_3D('',#1835,#1836,#1837);
#1835 = CARTESIAN_POINT('',(0.,18.,0.));
#1836 = DIRECTION('',(0.,-1.,0.));
#1837 = DIRECTION('',(1.,0.,0.));
#1838 = ADVANCED_FACE('',(#1839),#1858,.F.);
#1839 = FACE_BOUND('',#1840,.T.);
#1840 = EDGE_LOOP('',(#1841,#1849,#1856,#1857));
#1841 = ORIENTED_EDGE('',*,*,#1842,.T.);
#1842 = EDGE_CURVE('',#1823,#1843,#1845,.T.);
#1843 = VERTEX_POINT('',#1844);
#1844 = CARTESIAN_POINT('',(4.,0.,4.E-15));
#1845 = LINE('',#1846,#1847);
#1846 = CARTESIAN_POINT('',(4.,18.,0.));
#1847 = VECTOR('',#1848,1.);
#1848 = DIRECTION('',(0.,-1.,2.2E-16));
#1849 = ORIENTED_EDGE('',*,*,#1850,.T.);
#1850 = EDGE_CURVE('',#1843,#1843,#1851,.T.);
#1851 = CIRCLE('',#1852,4.);
#1852 = AXIS2_PLACEMENT_3D('',#1853,#1854,#1855);
#1853 = CARTESIAN_POINT('',(0.,0.,4.E-15));
#1854 = DIRECTION('',(0.,-1.,0.));
#1855 = DIRECTION('',(1.,0.,0.));
#1856 = ORIENTED_EDGE('',*,*,#1842,.F.);
#1857 = ORIENTED_EDGE('',*,*,#1822,.F.);
#1858 = CYLINDRICAL_SURFACE('',#1859,4.);
#1859 = AXIS2_PLACEMENT_3D('',#1860,#1861,#1862);
#1860 = CARTESIAN_POINT('',(0.,18.,0.));
#1861 = DIRECTION('',(0.,1.,-2.2E-16));
#1862 = DIRECTION('',(1.,0.,0.));
#1863 = ADVANCED_FACE('',(#1864,#1867),#1870,.T.);
#1864 = FACE_BOUND('',#1865,.T.);
#1865 = EDGE_LOOP('',(#1866));
#1866 = ORIENTED_EDGE('',*,*,#1806,.F.);
#1867 = FACE_BOUND('',#1868,.T.);
#1868 = EDGE_LOOP('',(#1869));
#1869 = ORIENTED_EDGE('',*,*,#1850,.F.);
#1870 = PLANE('',#1871);
#1871 = AXIS2_PLACEMENT_3D('',#1872,#1873,#1874);
#1872 = CARTESIAN_POINT('',(-3.E-16,0.,6.6E-16));
#1873 = DIRECTION('',(-0.,-1.,-0.));
#1874 = DIRECTION('',(0.,0.,-1.));
#1875 = ( GEOMETRIC_REPRESENTATION_CONTEXT(3) 
GLOBAL_UNCERTAINTY_ASSIGNED_CONTEXT((#1879)) 
GLOBAL_UNIT_ASSIGNED_CONTEXT((#1876,#1877,#1878)) REPRESENTATION_CONTEXT
('Context #1','3D Context with UNIT and UNCERTAINTY') );
#1876 = ( LENGTH_UNIT() NAMED_UNIT(*) SI_UNIT(.MILLI.,.METRE.) );
#1877 = ( NAMED_UNIT(*) PLANE_ANGLE_UNIT() SI_UNIT($,.RADIAN.) );
#1878 = ( NAMED_UNIT(*) SI_UNIT($,.STERADIAN.) SOLID_ANGLE_UNIT() );
#1879 = UNCERTAINTY_MEASURE_WITH_UNIT(LENGTH_MEASURE(1.E-07),#1876,
  'distance_accuracy_value','confusion accuracy');
#1880 = CONTEXT_DEPENDENT_SHAPE_REPRESENTATION(#1881,#1883);
#1881 = ( REPRESENTATION_RELATIONSHIP('','',#1687,#10) 
REPRESENTATION_RELATIONSHIP_WITH_TRANSFORMATION(#1882) 
SHAPE_REPRESENTATION_RELATIONSHIP() );
#1882 = ITEM_DEFINED_TRANSFORMATION('','',#11,#19);
#1883 = PRODUCT_DEFINITION_SHAPE('Placement','Placement of an item',
  #1884);
#1884 = NEXT_ASSEMBLY_USAGE_OCCURRENCE('2','LockNut','',#5,#1682,$);
#1885 = PRODUCT_RELATED_PRODUCT_CATEGORY('part',$,(#1684));
#1886 = SHAPE_DEFINITION_REPRESENTATION(#1887,#1893);
#1887 = PRODUCT_DEFINITION_SHAPE('','',#1888);
#1888 = PRODUCT_DEFINITION('design','',#1889,#1892);
#1889 = PRODUCT_DEFINITION_FORMATION('','',#1890);
#1890 = PRODUCT('Body','Body','',(#1891));
#1891 = PRODUCT_CONTEXT('',#2,'mechanical');
#1892 = PRODUCT_DEFINITION_CONTEXT('part definition',#2,'design');
#1893 = ADVANCED_BREP_SHAPE_REPRESENTATION('',(#11,#1894),#2667);
#1894 = MANIFOLD_SOLID_BREP('',#1895);
#1895 = CLOSED_SHELL('',(#1896,#1947,#1978,#2102,#2148,#2165,#2190,#2205
    ,#2236,#2260,#2284,#2308,#2332,#2349,#2380,#2404,#2428,#2452,#2476,
    #2493,#2518,#2543,#2568,#2593,#2613,#2633,#2650));
#1896 = ADVANCED_FACE('',(#1897,#1931),#1942,.F.);
#1897 = FACE_BOUND('',#1898,.F.);
#1898 = EDGE_LOOP('',(#1899,#1909,#1917,#1925));
#1899 = ORIENTED_EDGE('',*,*,#1900,.T.);
#1900 = EDGE_CURVE('',#1901,#1903,#1905,.T.);
#1901 = VERTEX_POINT('',#1902);
#1902 = CARTESIAN_POINT('',(0.,0.,0.));
#1903 = VERTEX_POINT('',#1904);
#1904 = CARTESIAN_POINT('',(0.,0.,12.));
#1905 = LINE('',#1906,#1907);
#1906 = CARTESIAN_POINT('',(0.,0.,0.));
#1907 = VECTOR('',#1908,1.);
#1908 = DIRECTION('',(0.,0.,1.));
#1909 = ORIENTED_EDGE('',*,*,#1910,.T.);
#1910 = EDGE_CURVE('',#1903,#1911,#1913,.T.);
#1911 = VERTEX_POINT('',#1912);
#1912 = CARTESIAN_POINT('',(34.,0.,12.));
#1913 = LINE('',#1914,#1915);
#1914 = CARTESIAN_POINT('',(0.,0.,12.));
#1915 = VECTOR('',#1916,1.);
#1916 = DIRECTION('',(1.,0.,0.));
#1917 = ORIENTED_EDGE('',*,*,#1918,.F.);
#1918 = EDGE_CURVE('',#1919,#1911,#1921,.T.);
#1919 = VERTEX_POINT('',#1920);
#1920 = CARTESIAN_POINT('',(34.,0.,0.));
#1921 = LINE('',#1922,#1923);
#1922 = CARTESIAN_POINT('',(34.,0.,0.));
#1923 = VECTOR('',#1924,1.);
#1924 = DIRECTION('',(0.,0.,1.));
#1925 = ORIENTED_EDGE('',*,*,#1926,.F.);
#1926 = EDGE_CURVE('',#1901,#1919,#1927,.T.);
#1927 = LINE('',#1928,#1929);
#1928 = CARTESIAN_POINT('',(0.,0.,0.));
#1929 = VECTOR('',#1930,1.);
#1930 = DIRECTION('',(1.,0.,0.));
#1931 = FACE_BOUND('',#1932,.F.);
#1932 = EDGE_LOOP('',(#1933));
#1933 = ORIENTED_EDGE('',*,*,#1934,.T.);
#1934 = EDGE_CURVE('',#1935,#1935,#1937,.T.);
#1935 = VERTEX_POINT('',#1936);
#1936 = CARTESIAN_POINT('',(21.,1.E-15,6.));
#1937 = CIRCLE('',#1938,4.);
#1938 = AXIS2_PLACEMENT_3D('',#1939,#1940,#1941);
#1939 = CARTESIAN_POINT('',(17.,0.,6.));
#1940 = DIRECTION('',(0.,-1.,0.));
#1941 = DIRECTION('',(1.,0.,0.));
#1942 = PLANE('',#1943);
#1943 = AXIS2_PLACEMENT_3D('',#1944,#1945,#1946);
#1944 = CARTESIAN_POINT('',(0.,0.,0.));
#1945 = DIRECTION('',(0.,1.,0.));
#1946 = DIRECTION('',(1.,0.,0.));
#1947 = ADVANCED_FACE('',(#1948),#1973,.F.);
#1948 = FACE_BOUND('',#1949,.F.);
#1949 = EDGE_LOOP('',(#1950,#1960,#1966,#1967));
#1950 = ORIENTED_EDGE('',*,*,#1951,.T.);
#1951 = EDGE_CURVE('',#1952,#1954,#1956,.T.);
#1952 = VERTEX_POINT('',#1953);
#1953 = CARTESIAN_POINT('',(0.,20.,0.));
#1954 = VERTEX_POINT('',#1955);
#1955 = CARTESIAN_POINT('',(0.,20.,12.));
#1956 = LINE('',#1957,#1958);
#1957 = CARTESIAN_POINT('',(0.,20.,0.));
#1958 = VECTOR('',#1959,1.);
#1959 = DIRECTION('',(0.,0.,1.));
#1960 = ORIENTED_EDGE('',*,*,#1961,.T.);
#1961 = EDGE_CURVE('',#1954,#1903,#1962,.T.);
#1962 = LINE('',#1963,#1964);
#1963 = CARTESIAN_POINT('',(0.,20.,12.));
#1964 = VECTOR('',#1965,1.);
#1965 = DIRECTION('',(0.,-1.,0.));
#1966 = ORIENTED_EDGE('',*,*,#1900,.F.);
#1967 = ORIENTED_EDGE('',*,*,#1968,.F.);
#1968 = EDGE_CURVE('',#1952,#1901,#1969,.T.);
#1969 = LINE('',#1970,#1971);
#1970 = CARTESIAN_POINT('',(0.,20.,0.));
#1971 = VECTOR('',#1972,1.);
#1972 = DIRECTION('',(0.,-1.,0.));
#1973 = PLANE('',#1974);
#1974 = AXIS2_PLACEMENT_3D('',#1975,#1976,#1977);
#1975 = CARTESIAN_POINT('',(0.,20.,0.));
#1976 = DIRECTION('',(1.,0.,0.));
#1977 = DIRECTION('',(0.,-1.,0.));
#1978 = ADVANCED_FACE('',(#1979,#1997,#2047),#2097,.F.);
#1979 = FACE_BOUND('',#1980,.F.);
#1980 = EDGE_LOOP('',(#1981,#1982,#1990,#1996));
#1981 = ORIENTED_EDGE('',*,*,#1926,.T.);
#1982 = ORIENTED_EDGE('',*,*,#1983,.T.);
#1983 = EDGE_CURVE('',#1919,#1984,#1986,.T.);
#1984 = VERTEX_POINT('',#1985);
#1985 = CARTESIAN_POINT('',(34.,20.,0.));
#1986 = LINE('',#1987,#1988);
#1987 = CARTESIAN_POINT('',(34.,0.,0.));
#1988 = VECTOR('',#1989,1.);
#1989 = DIRECTION('',(0.,1.,0.));
#1990 = ORIENTED_EDGE('',*,*,#1991,.T.);
#1991 = EDGE_CURVE('',#1984,#1952,#1992,.T.);
#1992 = LINE('',#1993,#1994);
#1993 = CARTESIAN_POINT('',(34.,20.,0.));
#1994 = VECTOR('',#1995,1.);
#1995 = DIRECTION('',(-1.,0.,0.));
#1996 = ORIENTED_EDGE('',*,*,#1968,.T.);
#1997 = FACE_BOUND('',#1998,.F.);
#1998 = EDGE_LOOP('',(#1999,#2009,#2017,#2025,#2033,#2041));
#1999 = ORIENTED_EDGE('',*,*,#2000,.F.);
#2000 = EDGE_CURVE('',#2001,#2003,#2005,.T.);
#2001 = VERTEX_POINT('',#2002);
#2002 = CARTESIAN_POINT('',(30.76721039511,7.824998418479,0.));
#2003 = VERTEX_POINT('',#2004);
#2004 = CARTESIAN_POINT('',(30.767210662356,12.174998341332,0.));
#2005 = LINE('',#2006,#2007);
#2006 = CARTESIAN_POINT('',(30.76721039511,7.824998418479,0.));
#2007 = VECTOR('',#2008,1.);
#2008 = DIRECTION('',(6.1435919E-08,1.,0.));
#2009 = ORIENTED_EDGE('',*,*,#2010,.F.);
#2010 = EDGE_CURVE('',#2011,#2001,#2013,.T.);
#2011 = VERTEX_POINT('',#2012);
#2012 = CARTESIAN_POINT('',(26.999999599131,5.649999074232,0.));
#2013 = LINE('',#2014,#2015);
#2014 = CARTESIAN_POINT('',(26.999999599131,5.649999074232,0.));
#2015 = VECTOR('',#2016,1.);
#2016 = DIRECTION('',(0.866025485699,0.49999985812,0.));
#2017 = ORIENTED_EDGE('',*,*,#2018,.F.);
#2018 = EDGE_CURVE('',#2019,#2011,#2021,.T.);
#2019 = VERTEX_POINT('',#2020);
#2020 = CARTESIAN_POINT('',(23.232789738513,7.825000038574,0.));
#2021 = LINE('',#2022,#2023);
#2022 = CARTESIAN_POINT('',(23.232789738513,7.825000038574,0.));
#2023 = VECTOR('',#2024,1.);
#2024 = DIRECTION('',(0.866025270673,-0.500000230555,0.));
#2025 = ORIENTED_EDGE('',*,*,#2026,.F.);
#2026 = EDGE_CURVE('',#2027,#2019,#2029,.T.);
#2027 = VERTEX_POINT('',#2028);
#2028 = CARTESIAN_POINT('',(23.23279000576,12.174999961426,0.));
#2029 = LINE('',#2030,#2031);
#2030 = CARTESIAN_POINT('',(23.23279000576,12.174999961426,0.));
#2031 = VECTOR('',#2032,1.);
#2032 = DIRECTION('',(-6.1435919E-08,-1.,0.));
#2033 = ORIENTED_EDGE('',*,*,#2034,.F.);
#2034 = EDGE_CURVE('',#2035,#2027,#2037,.T.);
#2035 = VERTEX_POINT('',#2036);
#2036 = CARTESIAN_POINT('',(27.000000801739,14.349999305674,0.));
#2037 = LINE('',#2038,#2039);
#2038 = CARTESIAN_POINT('',(27.000000801739,14.349999305674,0.));
#2039 = VECTOR('',#2040,1.);
#2040 = DIRECTION('',(-0.866025485699,-0.49999985812,0.));
#2041 = ORIENTED_EDGE('',*,*,#2042,.F.);
#2042 = EDGE_CURVE('',#2003,#2035,#2043,.T.);
#2043 = LINE('',#2044,#2045);
#2044 = CARTESIAN_POINT('',(30.767210662356,12.174998341332,0.));
#2045 = VECTOR('',#2046,1.);
#2046 = DIRECTION('',(-0.866025270673,0.500000230555,-0.));
#2047 = FACE_BOUND('',#2048,.F.);
#2048 = EDGE_LOOP('',(#2049,#2059,#2067,#2075,#2083,#2091));
#2049 = ORIENTED_EDGE('',*,*,#2050,.T.);
#2050 = EDGE_CURVE('',#2051,#2053,#2055,.T.);
#2051 = VERTEX_POINT('',#2052);
#2052 = CARTESIAN_POINT('',(7.,5.649999768558,0.));
#2053 = VERTEX_POINT('',#2054);
#2054 = CARTESIAN_POINT('',(3.23278960489,7.824999807132,0.));
#2055 = LINE('',#2056,#2057);
#2056 = CARTESIAN_POINT('',(7.,5.649999768558,0.));
#2057 = VECTOR('',#2058,1.);
#2058 = DIRECTION('',(-0.866025393545,0.500000017735,-0.));
#2059 = ORIENTED_EDGE('',*,*,#2060,.T.);
#2060 = EDGE_CURVE('',#2053,#2061,#2063,.T.);
#2061 = VERTEX_POINT('',#2062);
#2062 = CARTESIAN_POINT('',(3.23278960489,12.174999729984,0.));
#2063 = LINE('',#2064,#2065);
#2064 = CARTESIAN_POINT('',(3.23278960489,7.824999807132,0.));
#2065 = VECTOR('',#2066,1.);
#2066 = DIRECTION('',(0.,1.,0.));
#2067 = ORIENTED_EDGE('',*,*,#2068,.T.);
#2068 = EDGE_CURVE('',#2061,#2069,#2071,.T.);
#2069 = VERTEX_POINT('',#2070);
#2070 = CARTESIAN_POINT('',(7.,14.349999768558,0.));
#2071 = LINE('',#2072,#2073);
#2072 = CARTESIAN_POINT('',(3.23278960489,12.174999729984,0.));
#2073 = VECTOR('',#2074,1.);
#2074 = DIRECTION('',(0.866025393545,0.500000017735,0.));
#2075 = ORIENTED_EDGE('',*,*,#2076,.T.);
#2076 = EDGE_CURVE('',#2069,#2077,#2079,.T.);
#2077 = VERTEX_POINT('',#2078);
#2078 = CARTESIAN_POINT('',(10.767210528733,12.174999961426,0.));
#2079 = LINE('',#2080,#2081);
#2080 = CARTESIAN_POINT('',(7.,14.349999768558,0.));
#2081 = VECTOR('',#2082,1.);
#2082 = DIRECTION('',(0.866025424263,-0.49999996453,0.));
#2083 = ORIENTED_EDGE('',*,*,#2084,.T.);
#2084 = EDGE_CURVE('',#2077,#2085,#2087,.T.);
#2085 = VERTEX_POINT('',#2086);
#2086 = CARTESIAN_POINT('',(10.767210261487,7.825000038574,0.));
#2087 = LINE('',#2088,#2089);
#2088 = CARTESIAN_POINT('',(10.767210528733,12.174999961426,0.));
#2089 = VECTOR('',#2090,1.);
#2090 = DIRECTION('',(-6.1435919E-08,-1.,0.));
#2091 = ORIENTED_EDGE('',*,*,#2092,.T.);
#2092 = EDGE_CURVE('',#2085,#2051,#2093,.T.);
#2093 = LINE('',#2094,#2095);
#2094 = CARTESIAN_POINT('',(10.767210261487,7.825000038574,0.));
#2095 = VECTOR('',#2096,1.);
#2096 = DIRECTION('',(-0.866025362827,-0.50000007094,0.));
#2097 = PLANE('',#2098);
#2098 = AXIS2_PLACEMENT_3D('',#2099,#2100,#2101);
#2099 = CARTESIAN_POINT('',(17.,10.,0.));
#2100 = DIRECTION('',(0.,0.,1.));
#2101 = DIRECTION('',(1.,0.,0.));
#2102 = ADVANCED_FACE('',(#2103,#2121,#2132),#2143,.T.);
#2103 = FACE_BOUND('',#2104,.T.);
#2104 = EDGE_LOOP('',(#2105,#2106,#2114,#2120));
#2105 = ORIENTED_EDGE('',*,*,#1910,.T.);
#2106 = ORIENTED_EDGE('',*,*,#2107,.T.);
#2107 = EDGE_CURVE('',#1911,#2108,#2110,.T.);
#2108 = VERTEX_POINT('',#2109);
#2109 = CARTESIAN_POINT('',(34.,20.,12.));
#2110 = LINE('',#2111,#2112);
#2111 = CARTESIAN_POINT('',(34.,0.,12.));
#2112 = VECTOR('',#2113,1.);
#2113 = DIRECTION('',(0.,1.,0.));
#2114 = ORIENTED_EDGE('',*,*,#2115,.T.);
#2115 = EDGE_CURVE('',#2108,#1954,#2116,.T.);
#2116 = LINE('',#2117,#2118);
#2117 = CARTESIAN_POINT('',(34.,20.,12.));
#2118 = VECTOR('',#2119,1.);
#2119 = DIRECTION('',(-1.,0.,0.));
#2120 = ORIENTED_EDGE('',*,*,#1961,.T.);
#2121 = FACE_BOUND('',#2122,.T.);
#2122 = EDGE_LOOP('',(#2123));
#2123 = ORIENTED_EDGE('',*,*,#2124,.F.);
#2124 = EDGE_CURVE('',#2125,#2125,#2127,.T.);
#2125 = VERTEX_POINT('',#2126);
#2126 = CARTESIAN_POINT('',(11.5,10.,12.));
#2127 = CIRCLE('',#2128,4.5);
#2128 = AXIS2_PLACEMENT_3D('',#2129,#2130,#2131);
#2129 = CARTESIAN_POINT('',(7.,10.,12.));
#2130 = DIRECTION('',(0.,0.,1.));
#2131 = DIRECTION('',(1.,0.,0.));
#2132 = FACE_BOUND('',#2133,.T.);
#2133 = EDGE_LOOP('',(#2134));
#2134 = ORIENTED_EDGE('',*,*,#2135,.F.);
#2135 = EDGE_CURVE('',#2136,#2136,#2138,.T.);
#2136 = VERTEX_POINT('',#2137);
#2137 = CARTESIAN_POINT('',(31.5,10.,12.));
#2138 = CIRCLE('',#2139,4.5);
#2139 = AXIS2_PLACEMENT_3D('',#2140,#2141,#2142);
#2140 = CARTESIAN_POINT('',(27.,10.,12.));
#2141 = DIRECTION('',(0.,0.,1.));
#2142 = DIRECTION('',(1.,0.,0.));
#2143 = PLANE('',#2144);
#2144 = AXIS2_PLACEMENT_3D('',#2145,#2146,#2147);
#2145 = CARTESIAN_POINT('',(17.,10.,12.));
#2146 = DIRECTION('',(0.,0.,1.));
#2147 = DIRECTION('',(1.,0.,0.));
#2148 = ADVANCED_FACE('',(#2149),#2160,.F.);
#2149 = FACE_BOUND('',#2150,.F.);
#2150 = EDGE_LOOP('',(#2151,#2152,#2153,#2159));
#2151 = ORIENTED_EDGE('',*,*,#1918,.T.);
#2152 = ORIENTED_EDGE('',*,*,#2107,.T.);
#2153 = ORIENTED_EDGE('',*,*,#2154,.F.);
#2154 = EDGE_CURVE('',#1984,#2108,#2155,.T.);
#2155 = LINE('',#2156,#2157);
#2156 = CARTESIAN_POINT('',(34.,20.,0.));
#2157 = VECTOR('',#2158,1.);
#2158 = DIRECTION('',(0.,0.,1.));
#2159 = ORIENTED_EDGE('',*,*,#1983,.F.);
#2160 = PLANE('',#2161);
#2161 = AXIS2_PLACEMENT_3D('',#2162,#2163,#2164);
#2162 = CARTESIAN_POINT('',(34.,0.,0.));
#2163 = DIRECTION('',(-1.,0.,0.));
#2164 = DIRECTION('',(0.,1.,0.));
#2165 = ADVANCED_FACE('',(#2166),#2185,.F.);
#2166 = FACE_BOUND('',#2167,.F.);
#2167 = EDGE_LOOP('',(#2168,#2169,#2177,#2184));
#2168 = ORIENTED_EDGE('',*,*,#1934,.F.);
#2169 = ORIENTED_EDGE('',*,*,#2170,.T.);
#2170 = EDGE_CURVE('',#1935,#2171,#2173,.T.);
#2171 = VERTEX_POINT('',#2172);
#2172 = CARTESIAN_POINT('',(21.,20.,6.));
#2173 = LINE('',#2174,#2175);
#2174 = CARTESIAN_POINT('',(21.,1.33E-15,6.));
#2175 = VECTOR('',#2176,1.);
#2176 = DIRECTION('',(0.,1.,-2.2E-16));
#2177 = ORIENTED_EDGE('',*,*,#2178,.T.);
#2178 = EDGE_CURVE('',#2171,#2171,#2179,.T.);
#2179 = CIRCLE('',#2180,4.);
#2180 = AXIS2_PLACEMENT_3D('',#2181,#2182,#2183);
#2181 = CARTESIAN_POINT('',(17.,20.,6.));
#2182 = DIRECTION('',(0.,-1.,2.2E-16));
#2183 = DIRECTION('',(1.,0.,0.));
#2184 = ORIENTED_EDGE('',*,*,#2170,.F.);
#2185 = CYLINDRICAL_SURFACE('',#2186,4.);
#2186 = AXIS2_PLACEMENT_3D('',#2187,#2188,#2189);
#2187 = CARTESIAN_POINT('',(17.,1.33E-15,6.));
#2188 = DIRECTION('',(0.,-1.,2.2E-16));
#2189 = DIRECTION('',(1.,0.,0.));
#2190 = ADVANCED_FACE('',(#2191,#2197),#2200,.F.);
#2191 = FACE_BOUND('',#2192,.F.);
#2192 = EDGE_LOOP('',(#2193,#2194,#2195,#2196));
#2193 = ORIENTED_EDGE('',*,*,#2154,.T.);
#2194 = ORIENTED_EDGE('',*,*,#2115,.T.);
#2195 = ORIENTED_EDGE('',*,*,#1951,.F.);
#2196 = ORIENTED_EDGE('',*,*,#1991,.F.);
#2197 = FACE_BOUND('',#2198,.F.);
#2198 = EDGE_LOOP('',(#2199));
#2199 = ORIENTED_EDGE('',*,*,#2178,.F.);
#2200 = PLANE('',#2201);
#2201 = AXIS2_PLACEMENT_3D('',#2202,#2203,#2204);
#2202 = CARTESIAN_POINT('',(34.,20.,0.));
#2203 = DIRECTION('',(0.,-1.,0.));
#2204 = DIRECTION('',(-1.,0.,0.));
#2205 = ADVANCED_FACE('',(#2206),#2231,.T.);
#2206 = FACE_BOUND('',#2207,.T.);
#2207 = EDGE_LOOP('',(#2208,#2216,#2224,#2230));
#2208 = ORIENTED_EDGE('',*,*,#2209,.T.);
#2209 = EDGE_CURVE('',#2001,#2210,#2212,.T.);
#2210 = VERTEX_POINT('',#2211);
#2211 = CARTESIAN_POINT('',(30.76721039511,7.824998418479,5.));
#2212 = LINE('',#2213,#2214);
#2213 = CARTESIAN_POINT('',(30.76721039511,7.824998418479,0.));
#2214 = VECTOR('',#2215,1.);
#2215 = DIRECTION('',(0.,0.,1.));
#2216 = ORIENTED_EDGE('',*,*,#2217,.T.);
#2217 = EDGE_CURVE('',#2210,#2218,#2220,.T.);
#2218 = VERTEX_POINT('',#2219);
#2219 = CARTESIAN_POINT('',(30.767210662356,12.174998341332,5.));
#2220 = LINE('',#2221,#2222);
#2221 = CARTESIAN_POINT('',(30.76721039511,7.824998418479,5.));
#2222 = VECTOR('',#2223,1.);
#2223 = DIRECTION('',(6.1435919E-08,1.,0.));
#2224 = ORIENTED_EDGE('',*,*,#2225,.F.);
#2225 = EDGE_CURVE('',#2003,#2218,#2226,.T.);
#2226 = LINE('',#2227,#2228);
#2227 = CARTESIAN_POINT('',(30.767210662356,12.174998341332,0.));
#2228 = VECTOR('',#2229,1.);
#2229 = DIRECTION('',(0.,0.,1.));
#2230 = ORIENTED_EDGE('',*,*,#2000,.F.);
#2231 = PLANE('',#2232);
#2232 = AXIS2_PLACEMENT_3D('',#2233,#2234,#2235);
#2233 = CARTESIAN_POINT('',(30.76721039511,7.824998418479,0.));
#2234 = DIRECTION('',(-1.,6.1435919E-08,0.));
#2235 = DIRECTION('',(6.1435919E-08,1.,0.));
#2236 = ADVANCED_FACE('',(#2237),#2255,.T.);
#2237 = FACE_BOUND('',#2238,.T.);
#2238 = EDGE_LOOP('',(#2239,#2240,#2248,#2254));
#2239 = ORIENTED_EDGE('',*,*,#2225,.T.);
#2240 = ORIENTED_EDGE('',*,*,#2241,.T.);
#2241 = EDGE_CURVE('',#2218,#2242,#2244,.T.);
#2242 = VERTEX_POINT('',#2243);
#2243 = CARTESIAN_POINT('',(27.000000801739,14.349999305674,5.));
#2244 = LINE('',#2245,#2246);
#2245 = CARTESIAN_POINT('',(30.767210662356,12.174998341332,5.));
#2246 = VECTOR('',#2247,1.);
#2247 = DIRECTION('',(-0.866025270673,0.500000230555,-0.));
#2248 = ORIENTED_EDGE('',*,*,#2249,.F.);
#2249 = EDGE_CURVE('',#2035,#2242,#2250,.T.);
#2250 = LINE('',#2251,#2252);
#2251 = CARTESIAN_POINT('',(27.000000801739,14.349999305674,0.));
#2252 = VECTOR('',#2253,1.);
#2253 = DIRECTION('',(0.,0.,1.));
#2254 = ORIENTED_EDGE('',*,*,#2042,.F.);
#2255 = PLANE('',#2256);
#2256 = AXIS2_PLACEMENT_3D('',#2257,#2258,#2259);
#2257 = CARTESIAN_POINT('',(30.767210662356,12.174998341332,0.));
#2258 = DIRECTION('',(-0.500000230555,-0.866025270673,0.));
#2259 = DIRECTION('',(-0.866025270673,0.500000230555,0.));
#2260 = ADVANCED_FACE('',(#2261),#2279,.T.);
#2261 = FACE_BOUND('',#2262,.T.);
#2262 = EDGE_LOOP('',(#2263,#2264,#2272,#2278));
#2263 = ORIENTED_EDGE('',*,*,#2249,.T.);
#2264 = ORIENTED_EDGE('',*,*,#2265,.T.);
#2265 = EDGE_CURVE('',#2242,#2266,#2268,.T.);
#2266 = VERTEX_POINT('',#2267);
#2267 = CARTESIAN_POINT('',(23.23279000576,12.174999961426,5.));
#2268 = LINE('',#2269,#2270);
#2269 = CARTESIAN_POINT('',(27.000000801739,14.349999305674,5.));
#2270 = VECTOR('',#2271,1.);
#2271 = DIRECTION('',(-0.866025485699,-0.49999985812,0.));
#2272 = ORIENTED_EDGE('',*,*,#2273,.F.);
#2273 = EDGE_CURVE('',#2027,#2266,#2274,.T.);
#2274 = LINE('',#2275,#2276);
#2275 = CARTESIAN_POINT('',(23.23279000576,12.174999961426,0.));
#2276 = VECTOR('',#2277,1.);
#2277 = DIRECTION('',(0.,0.,1.));
#2278 = ORIENTED_EDGE('',*,*,#2034,.F.);
#2279 = PLANE('',#2280);
#2280 = AXIS2_PLACEMENT_3D('',#2281,#2282,#2283);
#2281 = CARTESIAN_POINT('',(27.000000801739,14.349999305674,0.));
#2282 = DIRECTION('',(0.49999985812,-0.866025485699,0.));
#2283 = DIRECTION('',(-0.866025485699,-0.49999985812,0.));
#2284 = ADVANCED_FACE('',(#2285),#2303,.T.);
#2285 = FACE_BOUND('',#2286,.T.);
#2286 = EDGE_LOOP('',(#2287,#2288,#2296,#2302));
#2287 = ORIENTED_EDGE('',*,*,#2273,.T.);
#2288 = ORIENTED_EDGE('',*,*,#2289,.T.);
#2289 = EDGE_CURVE('',#2266,#2290,#2292,.T.);
#2290 = VERTEX_POINT('',#2291);
#2291 = CARTESIAN_POINT('',(23.232789738513,7.825000038574,5.));
#2292 = LINE('',#2293,#2294);
#2293 = CARTESIAN_POINT('',(23.23279000576,12.174999961426,5.));
#2294 = VECTOR('',#2295,1.);
#2295 = DIRECTION('',(-6.1435919E-08,-1.,0.));
#2296 = ORIENTED_EDGE('',*,*,#2297,.F.);
#2297 = EDGE_CURVE('',#2019,#2290,#2298,.T.);
#2298 = LINE('',#2299,#2300);
#2299 = CARTESIAN_POINT('',(23.232789738513,7.825000038574,0.));
#2300 = VECTOR('',#2301,1.);
#2301 = DIRECTION('',(0.,0.,1.));
#2302 = ORIENTED_EDGE('',*,*,#2026,.F.);
#2303 = PLANE('',#2304);
#2304 = AXIS2_PLACEMENT_3D('',#2305,#2306,#2307);
#2305 = CARTESIAN_POINT('',(23.23279000576,12.174999961426,0.));
#2306 = DIRECTION('',(1.,-6.1435919E-08,0.));
#2307 = DIRECTION('',(-6.1435919E-08,-1.,0.));
#2308 = ADVANCED_FACE('',(#2309),#2327,.T.);
#2309 = FACE_BOUND('',#2310,.T.);
#2310 = EDGE_LOOP('',(#2311,#2312,#2320,#2326));
#2311 = ORIENTED_EDGE('',*,*,#2297,.T.);
#2312 = ORIENTED_EDGE('',*,*,#2313,.T.);
#2313 = EDGE_CURVE('',#2290,#2314,#2316,.T.);
#2314 = VERTEX_POINT('',#2315);
#2315 = CARTESIAN_POINT('',(26.999999599131,5.649999074232,5.));
#2316 = LINE('',#2317,#2318);
#2317 = CARTESIAN_POINT('',(23.232789738513,7.825000038574,5.));
#2318 = VECTOR('',#2319,1.);
#2319 = DIRECTION('',(0.866025270673,-0.500000230555,0.));
#2320 = ORIENTED_EDGE('',*,*,#2321,.F.);
#2321 = EDGE_CURVE('',#2011,#2314,#2322,.T.);
#2322 = LINE('',#2323,#2324);
#2323 = CARTESIAN_POINT('',(26.999999599131,5.649999074232,0.));
#2324 = VECTOR('',#2325,1.);
#2325 = DIRECTION('',(0.,0.,1.));
#2326 = ORIENTED_EDGE('',*,*,#2018,.F.);
#2327 = PLANE('',#2328);
#2328 = AXIS2_PLACEMENT_3D('',#2329,#2330,#2331);
#2329 = CARTESIAN_POINT('',(23.232789738513,7.825000038574,0.));
#2330 = DIRECTION('',(0.500000230555,0.866025270673,0.));
#2331 = DIRECTION('',(0.866025270673,-0.500000230555,0.));
#2332 = ADVANCED_FACE('',(#2333),#2344,.T.);
#2333 = FACE_BOUND('',#2334,.T.);
#2334 = EDGE_LOOP('',(#2335,#2336,#2342,#2343));
#2335 = ORIENTED_EDGE('',*,*,#2321,.T.);
#2336 = ORIENTED_EDGE('',*,*,#2337,.T.);
#2337 = EDGE_CURVE('',#2314,#2210,#2338,.T.);
#2338 = LINE('',#2339,#2340);
#2339 = CARTESIAN_POINT('',(26.999999599131,5.649999074232,5.));
#2340 = VECTOR('',#2341,1.);
#2341 = DIRECTION('',(0.866025485699,0.49999985812,0.));
#2342 = ORIENTED_EDGE('',*,*,#2209,.F.);
#2343 = ORIENTED_EDGE('',*,*,#2010,.F.);
#2344 = PLANE('',#2345);
#2345 = AXIS2_PLACEMENT_3D('',#2346,#2347,#2348);
#2346 = CARTESIAN_POINT('',(26.999999599131,5.649999074232,0.));
#2347 = DIRECTION('',(-0.49999985812,0.866025485699,0.));
#2348 = DIRECTION('',(0.866025485699,0.49999985812,0.));
#2349 = ADVANCED_FACE('',(#2350),#2375,.F.);
#2350 = FACE_BOUND('',#2351,.F.);
#2351 = EDGE_LOOP('',(#2352,#2360,#2368,#2374));
#2352 = ORIENTED_EDGE('',*,*,#2353,.T.);
#2353 = EDGE_CURVE('',#2051,#2354,#2356,.T.);
#2354 = VERTEX_POINT('',#2355);
#2355 = CARTESIAN_POINT('',(7.,5.649999768558,5.));
#2356 = LINE('',#2357,#2358);
#2357 = CARTESIAN_POINT('',(7.,5.649999768558,0.));
#2358 = VECTOR('',#2359,1.);
#2359 = DIRECTION('',(0.,0.,1.));
#2360 = ORIENTED_EDGE('',*,*,#2361,.T.);
#2361 = EDGE_CURVE('',#2354,#2362,#2364,.T.);
#2362 = VERTEX_POINT('',#2363);
#2363 = CARTESIAN_POINT('',(3.23278960489,7.824999807132,5.));
#2364 = LINE('',#2365,#2366);
#2365 = CARTESIAN_POINT('',(7.,5.649999768558,5.));
#2366 = VECTOR('',#2367,1.);
#2367 = DIRECTION('',(-0.866025393545,0.500000017735,-0.));
#2368 = ORIENTED_EDGE('',*,*,#2369,.F.);
#2369 = EDGE_CURVE('',#2053,#2362,#2370,.T.);
#2370 = LINE('',#2371,#2372);
#2371 = CARTESIAN_POINT('',(3.23278960489,7.824999807132,0.));
#2372 = VECTOR('',#2373,1.);
#2373 = DIRECTION('',(0.,0.,1.));
#2374 = ORIENTED_EDGE('',*,*,#2050,.F.);
#2375 = PLANE('',#2376);
#2376 = AXIS2_PLACEMENT_3D('',#2377,#2378,#2379);
#2377 = CARTESIAN_POINT('',(7.,5.649999768558,0.));
#2378 = DIRECTION('',(-0.500000017735,-0.866025393545,0.));
#2379 = DIRECTION('',(-0.866025393545,0.500000017735,0.));
#2380 = ADVANCED_FACE('',(#2381),#2399,.F.);
#2381 = FACE_BOUND('',#2382,.F.);
#2382 = EDGE_LOOP('',(#2383,#2391,#2397,#2398));
#2383 = ORIENTED_EDGE('',*,*,#2384,.T.);
#2384 = EDGE_CURVE('',#2085,#2385,#2387,.T.);
#2385 = VERTEX_POINT('',#2386);
#2386 = CARTESIAN_POINT('',(10.767210261487,7.825000038574,5.));
#2387 = LINE('',#2388,#2389);
#2388 = CARTESIAN_POINT('',(10.767210261487,7.825000038574,0.));
#2389 = VECTOR('',#2390,1.);
#2390 = DIRECTION('',(0.,0.,1.));
#2391 = ORIENTED_EDGE('',*,*,#2392,.T.);
#2392 = EDGE_CURVE('',#2385,#2354,#2393,.T.);
#2393 = LINE('',#2394,#2395);
#2394 = CARTESIAN_POINT('',(10.767210261487,7.825000038574,5.));
#2395 = VECTOR('',#2396,1.);
#2396 = DIRECTION('',(-0.866025362827,-0.50000007094,0.));
#2397 = ORIENTED_EDGE('',*,*,#2353,.F.);
#2398 = ORIENTED_EDGE('',*,*,#2092,.F.);
#2399 = PLANE('',#2400);
#2400 = AXIS2_PLACEMENT_3D('',#2401,#2402,#2403);
#2401 = CARTESIAN_POINT('',(10.767210261487,7.825000038574,0.));
#2402 = DIRECTION('',(0.50000007094,-0.866025362827,0.));
#2403 = DIRECTION('',(-0.866025362827,-0.50000007094,0.));
#2404 = ADVANCED_FACE('',(#2405),#2423,.F.);
#2405 = FACE_BOUND('',#2406,.F.);
#2406 = EDGE_LOOP('',(#2407,#2415,#2421,#2422));
#2407 = ORIENTED_EDGE('',*,*,#2408,.T.);
#2408 = EDGE_CURVE('',#2077,#2409,#2411,.T.);
#2409 = VERTEX_POINT('',#2410);
#2410 = CARTESIAN_POINT('',(10.767210528733,12.174999961426,5.));
#2411 = LINE('',#2412,#2413);
#2412 = CARTESIAN_POINT('',(10.767210528733,12.174999961426,0.));
#2413 = VECTOR('',#2414,1.);
#2414 = DIRECTION('',(0.,0.,1.));
#2415 = ORIENTED_EDGE('',*,*,#2416,.T.);
#2416 = EDGE_CURVE('',#2409,#2385,#2417,.T.);
#2417 = LINE('',#2418,#2419);
#2418 = CARTESIAN_POINT('',(10.767210528733,12.174999961426,5.));
#2419 = VECTOR('',#2420,1.);
#2420 = DIRECTION('',(-6.1435919E-08,-1.,0.));
#2421 = ORIENTED_EDGE('',*,*,#2384,.F.);
#2422 = ORIENTED_EDGE('',*,*,#2084,.F.);
#2423 = PLANE('',#2424);
#2424 = AXIS2_PLACEMENT_3D('',#2425,#2426,#2427);
#2425 = CARTESIAN_POINT('',(10.767210528733,12.174999961426,0.));
#2426 = DIRECTION('',(1.,-6.1435919E-08,0.));
#2427 = DIRECTION('',(-6.1435919E-08,-1.,0.));
#2428 = ADVANCED_FACE('',(#2429),#2447,.F.);
#2429 = FACE_BOUND('',#2430,.F.);
#2430 = EDGE_LOOP('',(#2431,#2439,#2445,#2446));
#2431 = ORIENTED_EDGE('',*,*,#2432,.T.);
#2432 = EDGE_CURVE('',#2069,#2433,#2435,.T.);
#2433 = VERTEX_POINT('',#2434);
#2434 = CARTESIAN_POINT('',(7.,14.349999768558,5.));
#2435 = LINE('',#2436,#2437);
#2436 = CARTESIAN_POINT('',(7.,14.349999768558,0.));
#2437 = VECTOR('',#2438,1.);
#2438 = DIRECTION('',(0.,0.,1.));
#2439 = ORIENTED_EDGE('',*,*,#2440,.T.);
#2440 = EDGE_CURVE('',#2433,#2409,#2441,.T.);
#2441 = LINE('',#2442,#2443);
#2442 = CARTESIAN_POINT('',(7.,14.349999768558,5.));
#2443 = VECTOR('',#2444,1.);
#2444 = DIRECTION('',(0.866025424263,-0.49999996453,0.));
#2445 = ORIENTED_EDGE('',*,*,#2408,.F.);
#2446 = ORIENTED_EDGE('',*,*,#2076,.F.);
#2447 = PLANE('',#2448);
#2448 = AXIS2_PLACEMENT_3D('',#2449,#2450,#2451);
#2449 = CARTESIAN_POINT('',(7.,14.349999768558,0.));
#2450 = DIRECTION('',(0.49999996453,0.866025424263,0.));
#2451 = DIRECTION('',(0.866025424263,-0.49999996453,0.));
#2452 = ADVANCED_FACE('',(#2453),#2471,.F.);
#2453 = FACE_BOUND('',#2454,.F.);
#2454 = EDGE_LOOP('',(#2455,#2463,#2469,#2470));
#2455 = ORIENTED_EDGE('',*,*,#2456,.T.);
#2456 = EDGE_CURVE('',#2061,#2457,#2459,.T.);
#2457 = VERTEX_POINT('',#2458);
#2458 = CARTESIAN_POINT('',(3.23278960489,12.174999729984,5.));
#2459 = LINE('',#2460,#2461);
#2460 = CARTESIAN_POINT('',(3.23278960489,12.174999729984,0.));
#2461 = VECTOR('',#2462,1.);
#2462 = DIRECTION('',(0.,0.,1.));
#2463 = ORIENTED_EDGE('',*,*,#2464,.T.);
#2464 = EDGE_CURVE('',#2457,#2433,#2465,.T.);
#2465 = LINE('',#2466,#2467);
#2466 = CARTESIAN_POINT('',(3.23278960489,12.174999729984,5.));
#2467 = VECTOR('',#2468,1.);
#2468 = DIRECTION('',(0.866025393545,0.500000017735,0.));
#2469 = ORIENTED_EDGE('',*,*,#2432,.F.);
#2470 = ORIENTED_EDGE('',*,*,#2068,.F.);
#2471 = PLANE('',#2472);
#2472 = AXIS2_PLACEMENT_3D('',#2473,#2474,#2475);
#2473 = CARTESIAN_POINT('',(3.23278960489,12.174999729984,0.));
#2474 = DIRECTION('',(-0.500000017735,0.866025393545,0.));
#2475 = DIRECTION('',(0.866025393545,0.500000017735,0.));
#2476 = ADVANCED_FACE('',(#2477),#2488,.F.);
#2477 = FACE_BOUND('',#2478,.F.);
#2478 = EDGE_LOOP('',(#2479,#2480,#2486,#2487));
#2479 = ORIENTED_EDGE('',*,*,#2369,.T.);
#2480 = ORIENTED_EDGE('',*,*,#2481,.T.);
#2481 = EDGE_CURVE('',#2362,#2457,#2482,.T.);
#2482 = LINE('',#2483,#2484);
#2483 = CARTESIAN_POINT('',(3.23278960489,7.824999807132,5.));
#2484 = VECTOR('',#2485,1.);
#2485 = DIRECTION('',(0.,1.,0.));
#2486 = ORIENTED_EDGE('',*,*,#2456,.F.);
#2487 = ORIENTED_EDGE('',*,*,#2060,.F.);
#2488 = PLANE('',#2489);
#2489 = AXIS2_PLACEMENT_3D('',#2490,#2491,#2492);
#2490 = CARTESIAN_POINT('',(3.23278960489,7.824999807132,0.));
#2491 = DIRECTION('',(-1.,0.,0.));
#2492 = DIRECTION('',(0.,1.,0.));
#2493 = ADVANCED_FACE('',(#2494),#2513,.F.);
#2494 = FACE_BOUND('',#2495,.T.);
#2495 = EDGE_LOOP('',(#2496,#2504,#2505,#2506));
#2496 = ORIENTED_EDGE('',*,*,#2497,.F.);
#2497 = EDGE_CURVE('',#2125,#2498,#2500,.T.);
#2498 = VERTEX_POINT('',#2499);
#2499 = CARTESIAN_POINT('',(11.5,10.,9.67));
#2500 = LINE('',#2501,#2502);
#2501 = CARTESIAN_POINT('',(11.5,10.,12.));
#2502 = VECTOR('',#2503,1.);
#2503 = DIRECTION('',(0.,0.,-1.));
#2504 = ORIENTED_EDGE('',*,*,#2124,.T.);
#2505 = ORIENTED_EDGE('',*,*,#2497,.T.);
#2506 = ORIENTED_EDGE('',*,*,#2507,.F.);
#2507 = EDGE_CURVE('',#2498,#2498,#2508,.T.);
#2508 = CIRCLE('',#2509,4.5);
#2509 = AXIS2_PLACEMENT_3D('',#2510,#2511,#2512);
#2510 = CARTESIAN_POINT('',(7.,10.,9.67));
#2511 = DIRECTION('',(0.,0.,1.));
#2512 = DIRECTION('',(1.,0.,0.));
#2513 = CYLINDRICAL_SURFACE('',#2514,4.5);
#2514 = AXIS2_PLACEMENT_3D('',#2515,#2516,#2517);
#2515 = CARTESIAN_POINT('',(7.,10.,12.));
#2516 = DIRECTION('',(-0.,-0.,-1.));
#2517 = DIRECTION('',(1.,0.,0.));
#2518 = ADVANCED_FACE('',(#2519),#2538,.F.);
#2519 = FACE_BOUND('',#2520,.T.);
#2520 = EDGE_LOOP('',(#2521,#2529,#2530,#2531));
#2521 = ORIENTED_EDGE('',*,*,#2522,.F.);
#2522 = EDGE_CURVE('',#2136,#2523,#2525,.T.);
#2523 = VERTEX_POINT('',#2524);
#2524 = CARTESIAN_POINT('',(31.5,10.,9.67));
#2525 = LINE('',#2526,#2527);
#2526 = CARTESIAN_POINT('',(31.5,10.,12.));
#2527 = VECTOR('',#2528,1.);
#2528 = DIRECTION('',(0.,0.,-1.));
#2529 = ORIENTED_EDGE('',*,*,#2135,.T.);
#2530 = ORIENTED_EDGE('',*,*,#2522,.T.);
#2531 = ORIENTED_EDGE('',*,*,#2532,.F.);
#2532 = EDGE_CURVE('',#2523,#2523,#2533,.T.);
#2533 = CIRCLE('',#2534,4.5);
#2534 = AXIS2_PLACEMENT_3D('',#2535,#2536,#2537);
#2535 = CARTESIAN_POINT('',(27.,10.,9.67));
#2536 = DIRECTION('',(0.,0.,1.));
#2537 = DIRECTION('',(1.,0.,0.));
#2538 = CYLINDRICAL_SURFACE('',#2539,4.5);
#2539 = AXIS2_PLACEMENT_3D('',#2540,#2541,#2542);
#2540 = CARTESIAN_POINT('',(27.,10.,12.));
#2541 = DIRECTION('',(-0.,-0.,-1.));
#2542 = DIRECTION('',(1.,0.,0.));
#2543 = ADVANCED_FACE('',(#2544,#2552),#2563,.F.);
#2544 = FACE_BOUND('',#2545,.F.);
#2545 = EDGE_LOOP('',(#2546,#2547,#2548,#2549,#2550,#2551));
#2546 = ORIENTED_EDGE('',*,*,#2217,.T.);
#2547 = ORIENTED_EDGE('',*,*,#2241,.T.);
#2548 = ORIENTED_EDGE('',*,*,#2265,.T.);
#2549 = ORIENTED_EDGE('',*,*,#2289,.T.);
#2550 = ORIENTED_EDGE('',*,*,#2313,.T.);
#2551 = ORIENTED_EDGE('',*,*,#2337,.T.);
#2552 = FACE_BOUND('',#2553,.F.);
#2553 = EDGE_LOOP('',(#2554));
#2554 = ORIENTED_EDGE('',*,*,#2555,.T.);
#2555 = EDGE_CURVE('',#2556,#2556,#2558,.T.);
#2556 = VERTEX_POINT('',#2557);
#2557 = CARTESIAN_POINT('',(29.5,10.,5.));
#2558 = CIRCLE('',#2559,2.5);
#2559 = AXIS2_PLACEMENT_3D('',#2560,#2561,#2562);
#2560 = CARTESIAN_POINT('',(27.,10.,5.));
#2561 = DIRECTION('',(0.,0.,-1.));
#2562 = DIRECTION('',(1.,0.,0.));
#2563 = PLANE('',#2564);
#2564 = AXIS2_PLACEMENT_3D('',#2565,#2566,#2567);
#2565 = CARTESIAN_POINT('',(17.000000100217,9.999999517829,5.));
#2566 = DIRECTION('',(0.,0.,1.));
#2567 = DIRECTION('',(1.,0.,0.));
#2568 = ADVANCED_FACE('',(#2569,#2577),#2588,.F.);
#2569 = FACE_BOUND('',#2570,.F.);
#2570 = EDGE_LOOP('',(#2571,#2572,#2573,#2574,#2575,#2576));
#2571 = ORIENTED_EDGE('',*,*,#2481,.F.);
#2572 = ORIENTED_EDGE('',*,*,#2361,.F.);
#2573 = ORIENTED_EDGE('',*,*,#2392,.F.);
#2574 = ORIENTED_EDGE('',*,*,#2416,.F.);
#2575 = ORIENTED_EDGE('',*,*,#2440,.F.);
#2576 = ORIENTED_EDGE('',*,*,#2464,.F.);
#2577 = FACE_BOUND('',#2578,.F.);
#2578 = EDGE_LOOP('',(#2579));
#2579 = ORIENTED_EDGE('',*,*,#2580,.T.);
#2580 = EDGE_CURVE('',#2581,#2581,#2583,.T.);
#2581 = VERTEX_POINT('',#2582);
#2582 = CARTESIAN_POINT('',(9.5,10.,5.));
#2583 = CIRCLE('',#2584,2.5);
#2584 = AXIS2_PLACEMENT_3D('',#2585,#2586,#2587);
#2585 = CARTESIAN_POINT('',(7.,10.,5.));
#2586 = DIRECTION('',(0.,0.,-1.));
#2587 = DIRECTION('',(1.,0.,0.));
#2588 = PLANE('',#2589);
#2589 = AXIS2_PLACEMENT_3D('',#2590,#2591,#2592);
#2590 = CARTESIAN_POINT('',(17.000000100217,9.999999517829,5.));
#2591 = DIRECTION('',(0.,0.,1.));
#2592 = DIRECTION('',(1.,0.,0.));
#2593 = ADVANCED_FACE('',(#2594,#2597),#2608,.T.);
#2594 = FACE_BOUND('',#2595,.T.);
#2595 = EDGE_LOOP('',(#2596));
#2596 = ORIENTED_EDGE('',*,*,#2507,.T.);
#2597 = FACE_BOUND('',#2598,.T.);
#2598 = EDGE_LOOP('',(#2599));
#2599 = ORIENTED_EDGE('',*,*,#2600,.F.);
#2600 = EDGE_CURVE('',#2601,#2601,#2603,.T.);
#2601 = VERTEX_POINT('',#2602);
#2602 = CARTESIAN_POINT('',(9.5,10.,9.67));
#2603 = CIRCLE('',#2604,2.5);
#2604 = AXIS2_PLACEMENT_3D('',#2605,#2606,#2607);
#2605 = CARTESIAN_POINT('',(7.,10.,9.67));
#2606 = DIRECTION('',(0.,0.,1.));
#2607 = DIRECTION('',(1.,0.,0.));
#2608 = PLANE('',#2609);
#2609 = AXIS2_PLACEMENT_3D('',#2610,#2611,#2612);
#2610 = CARTESIAN_POINT('',(7.,10.,9.67));
#2611 = DIRECTION('',(0.,0.,1.));
#2612 = DIRECTION('',(1.,0.,0.));
#2613 = ADVANCED_FACE('',(#2614,#2617),#2628,.T.);
#2614 = FACE_BOUND('',#2615,.T.);
#2615 = EDGE_LOOP('',(#2616));
#2616 = ORIENTED_EDGE('',*,*,#2532,.T.);
#2617 = FACE_BOUND('',#2618,.T.);
#2618 = EDGE_LOOP('',(#2619));
#2619 = ORIENTED_EDGE('',*,*,#2620,.F.);
#2620 = EDGE_CURVE('',#2621,#2621,#2623,.T.);
#2621 = VERTEX_POINT('',#2622);
#2622 = CARTESIAN_POINT('',(29.5,10.,9.67));
#2623 = CIRCLE('',#2624,2.5);
#2624 = AXIS2_PLACEMENT_3D('',#2625,#2626,#2627);
#2625 = CARTESIAN_POINT('',(27.,10.,9.67));
#2626 = DIRECTION('',(0.,0.,1.));
#2627 = DIRECTION('',(1.,0.,0.));
#2628 = PLANE('',#2629);
#2629 = AXIS2_PLACEMENT_3D('',#2630,#2631,#2632);
#2630 = CARTESIAN_POINT('',(27.,10.,9.67));
#2631 = DIRECTION('',(0.,0.,1.));
#2632 = DIRECTION('',(1.,0.,0.));
#2633 = ADVANCED_FACE('',(#2634),#2645,.F.);
#2634 = FACE_BOUND('',#2635,.T.);
#2635 = EDGE_LOOP('',(#2636,#2637,#2643,#2644));
#2636 = ORIENTED_EDGE('',*,*,#2620,.T.);
#2637 = ORIENTED_EDGE('',*,*,#2638,.T.);
#2638 = EDGE_CURVE('',#2621,#2556,#2639,.T.);
#2639 = LINE('',#2640,#2641);
#2640 = CARTESIAN_POINT('',(29.5,10.,9.67));
#2641 = VECTOR('',#2642,1.);
#2642 = DIRECTION('',(-6.E-17,0.,-1.));
#2643 = ORIENTED_EDGE('',*,*,#2555,.T.);
#2644 = ORIENTED_EDGE('',*,*,#2638,.F.);
#2645 = CYLINDRICAL_SURFACE('',#2646,2.5);
#2646 = AXIS2_PLACEMENT_3D('',#2647,#2648,#2649);
#2647 = CARTESIAN_POINT('',(27.,10.,9.67));
#2648 = DIRECTION('',(-0.,-0.,-1.));
#2649 = DIRECTION('',(1.,0.,0.));
#2650 = ADVANCED_FACE('',(#2651),#2662,.F.);
#2651 = FACE_BOUND('',#2652,.T.);
#2652 = EDGE_LOOP('',(#2653,#2654,#2660,#2661));
#2653 = ORIENTED_EDGE('',*,*,#2600,.T.);
#2654 = ORIENTED_EDGE('',*,*,#2655,.T.);
#2655 = EDGE_CURVE('',#2601,#2581,#2656,.T.);
#2656 = LINE('',#2657,#2658);
#2657 = CARTESIAN_POINT('',(9.5,10.,9.67));
#2658 = VECTOR('',#2659,1.);
#2659 = DIRECTION('',(-6.E-17,0.,-1.));
#2660 = ORIENTED_EDGE('',*,*,#2580,.T.);
#2661 = ORIENTED_EDGE('',*,*,#2655,.F.);
#2662 = CYLINDRICAL_SURFACE('',#2663,2.5);
#2663 = AXIS2_PLACEMENT_3D('',#2664,#2665,#2666);
#2664 = CARTESIAN_POINT('',(7.,10.,9.67));
#2665 = DIRECTION('',(-0.,-0.,-1.));
#2666 = DIRECTION('',(1.,0.,0.));
#2667 = ( GEOMETRIC_REPRESENTATION_CONTEXT(3) 
GLOBAL_UNCERTAINTY_ASSIGNED_CONTEXT((#2671)) 
GLOBAL_UNIT_ASSIGNED_CONTEXT((#2668,#2669,#2670)) REPRESENTATION_CONTEXT
('Context #1','3D Context with UNIT and UNCERTAINTY') );
#2668 = ( LENGTH_UNIT() NAMED_UNIT(*) SI_UNIT(.MILLI.,.METRE.) );
#2669 = ( NAMED_UNIT(*) PLANE_ANGLE_UNIT() SI_UNIT($,.RADIAN.) );
#2670 = ( NAMED_UNIT(*) SI_UNIT($,.STERADIAN.) SOLID_ANGLE_UNIT() );
#2671 = UNCERTAINTY_MEASURE_WITH_UNIT(LENGTH_MEASURE(1.E-07),#2668,
  'distance_accuracy_value','confusion accuracy');
#2672 = CONTEXT_DEPENDENT_SHAPE_REPRESENTATION(#2673,#2675);
#2673 = ( REPRESENTATION_RELATIONSHIP('','',#1893,#10) 
REPRESENTATION_RELATIONSHIP_WITH_TRANSFORMATION(#2674) 
SHAPE_REPRESENTATION_RELATIONSHIP() );
#2674 = ITEM_DEFINED_TRANSFORMATION('','',#11,#23);
#2675 = PRODUCT_DEFINITION_SHAPE('Placement','Placement of an item',
  #2676);
#2676 = NEXT_ASSEMBLY_USAGE_OCCURRENCE('3','LeadScrewNut','',#5,#1888,$
  );
#2677 = PRODUCT_RELATED_PRODUCT_CATEGORY('part',$,(#1890));
#2678 = SHAPE_DEFINITION_REPRESENTATION(#2679,#2685);
#2679 = PRODUCT_DEFINITION_SHAPE('','',#2680);
#2680 = PRODUCT_DEFINITION('design','',#2681,#2684);
#2681 = PRODUCT_DEFINITION_FORMATION('','',#2682);
#2682 = PRODUCT('LeadScrew','LeadScrew','',(#2683));
#2683 = PRODUCT_CONTEXT('',#2,'mechanical');
#2684 = PRODUCT_DEFINITION_CONTEXT('part definition',#2,'design');
#2685 = ADVANCED_BREP_SHAPE_REPRESENTATION('',(#11,#2686),#2739);
#2686 = MANIFOLD_SOLID_BREP('',#2687);
#2687 = CLOSED_SHELL('',(#2688,#2721,#2730));
#2688 = ADVANCED_FACE('',(#2689),#2716,.T.);
#2689 = FACE_BOUND('',#2690,.T.);
#2690 = EDGE_LOOP('',(#2691,#2700,#2708,#2715));
#2691 = ORIENTED_EDGE('',*,*,#2692,.F.);
#2692 = EDGE_CURVE('',#2693,#2693,#2695,.T.);
#2693 = VERTEX_POINT('',#2694);
#2694 = CARTESIAN_POINT('',(4.,-1.E-15,111.));
#2695 = CIRCLE('',#2696,4.);
#2696 = AXIS2_PLACEMENT_3D('',#2697,#2698,#2699);
#2697 = CARTESIAN_POINT('',(0.,0.,111.));
#2698 = DIRECTION('',(0.,0.,1.));
#2699 = DIRECTION('',(1.,0.,-0.));
#2700 = ORIENTED_EDGE('',*,*,#2701,.F.);
#2701 = EDGE_CURVE('',#2702,#2693,#2704,.T.);
#2702 = VERTEX_POINT('',#2703);
#2703 = CARTESIAN_POINT('',(4.,-1.E-15,0.));
#2704 = LINE('',#2705,#2706);
#2705 = CARTESIAN_POINT('',(4.,-9.8E-16,0.));
#2706 = VECTOR('',#2707,1.);
#2707 = DIRECTION('',(0.,0.,1.));
#2708 = ORIENTED_EDGE('',*,*,#2709,.T.);
#2709 = EDGE_CURVE('',#2702,#2702,#2710,.T.);
#2710 = CIRCLE('',#2711,4.);
#2711 = AXIS2_PLACEMENT_3D('',#2712,#2713,#2714);
#2712 = CARTESIAN_POINT('',(0.,0.,0.));
#2713 = DIRECTION('',(0.,0.,1.));
#2714 = DIRECTION('',(1.,0.,-0.));
#2715 = ORIENTED_EDGE('',*,*,#2701,.T.);
#2716 = CYLINDRICAL_SURFACE('',#2717,4.);
#2717 = AXIS2_PLACEMENT_3D('',#2718,#2719,#2720);
#2718 = CARTESIAN_POINT('',(0.,0.,0.));
#2719 = DIRECTION('',(0.,0.,1.));
#2720 = DIRECTION('',(1.,0.,-0.));
#2721 = ADVANCED_FACE('',(#2722),#2725,.T.);
#2722 = FACE_BOUND('',#2723,.T.);
#2723 = EDGE_LOOP('',(#2724));
#2724 = ORIENTED_EDGE('',*,*,#2692,.T.);
#2725 = PLANE('',#2726);
#2726 = AXIS2_PLACEMENT_3D('',#2727,#2728,#2729);
#2727 = CARTESIAN_POINT('',(0.,0.,111.));
#2728 = DIRECTION('',(0.,0.,1.));
#2729 = DIRECTION('',(1.,0.,-0.));
#2730 = ADVANCED_FACE('',(#2731),#2734,.F.);
#2731 = FACE_BOUND('',#2732,.T.);
#2732 = EDGE_LOOP('',(#2733));
#2733 = ORIENTED_EDGE('',*,*,#2709,.F.);
#2734 = PLANE('',#2735);
#2735 = AXIS2_PLACEMENT_3D('',#2736,#2737,#2738);
#2736 = CARTESIAN_POINT('',(0.,0.,0.));
#2737 = DIRECTION('',(0.,0.,1.));
#2738 = DIRECTION('',(1.,0.,-0.));
#2739 = ( GEOMETRIC_REPRESENTATION_CONTEXT(3) 
GLOBAL_UNCERTAINTY_ASSIGNED_CONTEXT((#2743)) 
GLOBAL_UNIT_ASSIGNED_CONTEXT((#2740,#2741,#2742)) REPRESENTATION_CONTEXT
('Context #1','3D Context with UNIT and UNCERTAINTY') );
#2740 = ( LENGTH_UNIT() NAMED_UNIT(*) SI_UNIT(.MILLI.,.METRE.) );
#2741 = ( NAMED_UNIT(*) PLANE_ANGLE_UNIT() SI_UNIT($,.RADIAN.) );
#2742 = ( NAMED_UNIT(*) SI_UNIT($,.STERADIAN.) SOLID_ANGLE_UNIT() );
#2743 = UNCERTAINTY_MEASURE_WITH_UNIT(LENGTH_MEASURE(1.E-07),#2740,
  'distance_accuracy_value','confusion accuracy');
#2744 = CONTEXT_DEPENDENT_SHAPE_REPRESENTATION(#2745,#2747);
#2745 = ( REPRESENTATION_RELATIONSHIP('','',#2685,#10) 
REPRESENTATION_RELATIONSHIP_WITH_TRANSFORMATION(#2746) 
SHAPE_REPRESENTATION_RELATIONSHIP() );
#2746 = ITEM_DEFINED_TRANSFORMATION('','',#11,#27);
#2747 = PRODUCT_DEFINITION_SHAPE('Placement','Placement of an item',
  #2748);
#2748 = NEXT_ASSEMBLY_USAGE_OCCURRENCE('4','LeadScrew','',#5,#2680,$);
#2749 = PRODUCT_RELATED_PRODUCT_CATEGORY('part',$,(#2682));
#2750 = SHAPE_DEFINITION_REPRESENTATION(#2751,#2757);
#2751 = PRODUCT_DEFINITION_SHAPE('','',#2752);
#2752 = PRODUCT_DEFINITION('design','',#2753,#2756);
#2753 = PRODUCT_DEFINITION_FORMATION('','',#2754);
#2754 = PRODUCT('Body','Body','',(#2755));
#2755 = PRODUCT_CONTEXT('',#2,'mechanical');
#2756 = PRODUCT_DEFINITION_CONTEXT('part definition',#2,'design');
#2757 = ADVANCED_BREP_SHAPE_REPRESENTATION('',(#11,#2758),#3030);
#2758 = MANIFOLD_SOLID_BREP('',#2759);
#2759 = CLOSED_SHELL('',(#2760,#2793,#2813,#2833,#2858,#2883,#2903,#2923
    ,#2948,#2973,#2993,#3013));
#2760 = ADVANCED_FACE('',(#2761),#2788,.T.);
#2761 = FACE_BOUND('',#2762,.F.);
#2762 = EDGE_LOOP('',(#2763,#2772,#2780,#2787));
#2763 = ORIENTED_EDGE('',*,*,#2764,.F.);
#2764 = EDGE_CURVE('',#2765,#2765,#2767,.T.);
#2765 = VERTEX_POINT('',#2766);
#2766 = CARTESIAN_POINT('',(9.5,0.,0.));
#2767 = CIRCLE('',#2768,9.5);
#2768 = AXIS2_PLACEMENT_3D('',#2769,#2770,#2771);
#2769 = CARTESIAN_POINT('',(0.,0.,0.));
#2770 = DIRECTION('',(0.,0.,1.));
#2771 = DIRECTION('',(1.,0.,0.));
#2772 = ORIENTED_EDGE('',*,*,#2773,.T.);
#2773 = EDGE_CURVE('',#2765,#2774,#2776,.T.);
#2774 = VERTEX_POINT('',#2775);
#2775 = CARTESIAN_POINT('',(9.5,1.E-15,3.5));
#2776 = LINE('',#2777,#2778);
#2777 = CARTESIAN_POINT('',(9.5,0.,0.));
#2778 = VECTOR('',#2779,1.);
#2779 = DIRECTION('',(0.,0.,1.));
#2780 = ORIENTED_EDGE('',*,*,#2781,.T.);
#2781 = EDGE_CURVE('',#2774,#2774,#2782,.T.);
#2782 = CIRCLE('',#2783,9.5);
#2783 = AXIS2_PLACEMENT_3D('',#2784,#2785,#2786);
#2784 = CARTESIAN_POINT('',(0.,7.8E-16,3.5));
#2785 = DIRECTION('',(-0.,2.2E-16,1.));
#2786 = DIRECTION('',(1.,0.,0.));
#2787 = ORIENTED_EDGE('',*,*,#2773,.F.);
#2788 = CYLINDRICAL_SURFACE('',#2789,9.5);
#2789 = AXIS2_PLACEMENT_3D('',#2790,#2791,#2792);
#2790 = CARTESIAN_POINT('',(0.,0.,0.));
#2791 = DIRECTION('',(-0.,-0.,-1.));
#2792 = DIRECTION('',(1.,0.,0.));
#2793 = ADVANCED_FACE('',(#2794,#2797),#2808,.F.);
#2794 = FACE_BOUND('',#2795,.F.);
#2795 = EDGE_LOOP('',(#2796));
#2796 = ORIENTED_EDGE('',*,*,#2764,.T.);
#2797 = FACE_BOUND('',#2798,.T.);
#2798 = EDGE_LOOP('',(#2799));
#2799 = ORIENTED_EDGE('',*,*,#2800,.T.);
#2800 = EDGE_CURVE('',#2801,#2801,#2803,.T.);
#2801 = VERTEX_POINT('',#2802);
#2802 = CARTESIAN_POINT('',(5.05,0.,0.));
#2803 = CIRCLE('',#2804,5.05);
#2804 = AXIS2_PLACEMENT_3D('',#2805,#2806,#2807);
#2805 = CARTESIAN_POINT('',(0.,0.,0.));
#2806 = DIRECTION('',(0.,0.,1.));
#2807 = DIRECTION('',(1.,0.,0.));
#2808 = PLANE('',#2809);
#2809 = AXIS2_PLACEMENT_3D('',#2810,#2811,#2812);
#2810 = CARTESIAN_POINT('',(-6.1E-16,2.1E-16,0.));
#2811 = DIRECTION('',(0.,0.,1.));
#2812 = DIRECTION('',(1.,0.,0.));
#2813 = ADVANCED_FACE('',(#2814,#2817),#2828,.T.);
#2814 = FACE_BOUND('',#2815,.T.);
#2815 = EDGE_LOOP('',(#2816));
#2816 = ORIENTED_EDGE('',*,*,#2781,.T.);
#2817 = FACE_BOUND('',#2818,.T.);
#2818 = EDGE_LOOP('',(#2819));
#2819 = ORIENTED_EDGE('',*,*,#2820,.F.);
#2820 = EDGE_CURVE('',#2821,#2821,#2823,.T.);
#2821 = VERTEX_POINT('',#2822);
#2822 = CARTESIAN_POINT('',(9.,1.E-15,3.5));
#2823 = CIRCLE('',#2824,9.);
#2824 = AXIS2_PLACEMENT_3D('',#2825,#2826,#2827);
#2825 = CARTESIAN_POINT('',(0.,7.8E-16,3.5));
#2826 = DIRECTION('',(-0.,2.2E-16,1.));
#2827 = DIRECTION('',(1.,0.,0.));
#2828 = PLANE('',#2829);
#2829 = AXIS2_PLACEMENT_3D('',#2830,#2831,#2832);
#2830 = CARTESIAN_POINT('',(0.,7.8E-16,3.5));
#2831 = DIRECTION('',(0.,2.2E-16,1.));
#2832 = DIRECTION('',(1.,0.,-0.));
#2833 = ADVANCED_FACE('',(#2834),#2853,.F.);
#2834 = FACE_BOUND('',#2835,.T.);
#2835 = EDGE_LOOP('',(#2836,#2844,#2851,#2852));
#2836 = ORIENTED_EDGE('',*,*,#2837,.T.);
#2837 = EDGE_CURVE('',#2801,#2838,#2840,.T.);
#2838 = VERTEX_POINT('',#2839);
#2839 = CARTESIAN_POINT('',(5.05,0.,29.));
#2840 = LINE('',#2841,#2842);
#2841 = CARTESIAN_POINT('',(5.05,0.,0.));
#2842 = VECTOR('',#2843,1.);
#2843 = DIRECTION('',(0.,0.,1.));
#2844 = ORIENTED_EDGE('',*,*,#2845,.T.);
#2845 = EDGE_CURVE('',#2838,#2838,#2846,.T.);
#2846 = CIRCLE('',#2847,5.05);
#2847 = AXIS2_PLACEMENT_3D('',#2848,#2849,#2850);
#2848 = CARTESIAN_POINT('',(0.,0.,29.));
#2849 = DIRECTION('',(0.,0.,1.));
#2850 = DIRECTION('',(1.,0.,0.));
#2851 = ORIENTED_EDGE('',*,*,#2837,.F.);
#2852 = ORIENTED_EDGE('',*,*,#2800,.F.);
#2853 = CYLINDRICAL_SURFACE('',#2854,5.05);
#2854 = AXIS2_PLACEMENT_3D('',#2855,#2856,#2857);
#2855 = CARTESIAN_POINT('',(0.,0.,0.));
#2856 = DIRECTION('',(-0.,-0.,-1.));
#2857 = DIRECTION('',(1.,0.,0.));
#2858 = ADVANCED_FACE('',(#2859),#2878,.T.);
#2859 = FACE_BOUND('',#2860,.T.);
#2860 = EDGE_LOOP('',(#2861,#2862,#2870,#2877));
#2861 = ORIENTED_EDGE('',*,*,#2820,.T.);
#2862 = ORIENTED_EDGE('',*,*,#2863,.T.);
#2863 = EDGE_CURVE('',#2821,#2864,#2866,.T.);
#2864 = VERTEX_POINT('',#2865);
#2865 = CARTESIAN_POINT('',(9.,1.E-15,4.8));
#2866 = LINE('',#2867,#2868);
#2867 = CARTESIAN_POINT('',(9.,0.,3.5));
#2868 = VECTOR('',#2869,1.);
#2869 = DIRECTION('',(0.,0.,1.));
#2870 = ORIENTED_EDGE('',*,*,#2871,.F.);
#2871 = EDGE_CURVE('',#2864,#2864,#2872,.T.);
#2872 = CIRCLE('',#2873,9.);
#2873 = AXIS2_PLACEMENT_3D('',#2874,#2875,#2876);
#2874 = CARTESIAN_POINT('',(0.,1.07E-15,4.8));
#2875 = DIRECTION('',(-0.,2.2E-16,1.));
#2876 = DIRECTION('',(1.,0.,0.));
#2877 = ORIENTED_EDGE('',*,*,#2863,.F.);
#2878 = CYLINDRICAL_SURFACE('',#2879,9.);
#2879 = AXIS2_PLACEMENT_3D('',#2880,#2881,#2882);
#2880 = CARTESIAN_POINT('',(0.,7.8E-16,3.5));
#2881 = DIRECTION('',(0.,2.2E-16,1.));
#2882 = DIRECTION('',(1.,0.,-0.));
#2883 = ADVANCED_FACE('',(#2884,#2895),#2898,.T.);
#2884 = FACE_BOUND('',#2885,.T.);
#2885 = EDGE_LOOP('',(#2886));
#2886 = ORIENTED_EDGE('',*,*,#2887,.T.);
#2887 = EDGE_CURVE('',#2888,#2888,#2890,.T.);
#2888 = VERTEX_POINT('',#2889);
#2889 = CARTESIAN_POINT('',(9.5,0.,29.));
#2890 = CIRCLE('',#2891,9.5);
#2891 = AXIS2_PLACEMENT_3D('',#2892,#2893,#2894);
#2892 = CARTESIAN_POINT('',(0.,0.,29.));
#2893 = DIRECTION('',(0.,0.,1.));
#2894 = DIRECTION('',(1.,0.,0.));
#2895 = FACE_BOUND('',#2896,.F.);
#2896 = EDGE_LOOP('',(#2897));
#2897 = ORIENTED_EDGE('',*,*,#2845,.T.);
#2898 = PLANE('',#2899);
#2899 = AXIS2_PLACEMENT_3D('',#2900,#2901,#2902);
#2900 = CARTESIAN_POINT('',(-6.1E-16,2.1E-16,29.));
#2901 = DIRECTION('',(0.,0.,1.));
#2902 = DIRECTION('',(1.,0.,0.));
#2903 = ADVANCED_FACE('',(#2904,#2907),#2918,.F.);
#2904 = FACE_BOUND('',#2905,.T.);
#2905 = EDGE_LOOP('',(#2906));
#2906 = ORIENTED_EDGE('',*,*,#2871,.T.);
#2907 = FACE_BOUND('',#2908,.T.);
#2908 = EDGE_LOOP('',(#2909));
#2909 = ORIENTED_EDGE('',*,*,#2910,.F.);
#2910 = EDGE_CURVE('',#2911,#2911,#2913,.T.);
#2911 = VERTEX_POINT('',#2912);
#2912 = CARTESIAN_POINT('',(9.5,1.E-15,4.8));
#2913 = CIRCLE('',#2914,9.5);
#2914 = AXIS2_PLACEMENT_3D('',#2915,#2916,#2917);
#2915 = CARTESIAN_POINT('',(0.,1.07E-15,4.8));
#2916 = DIRECTION('',(-0.,2.2E-16,1.));
#2917 = DIRECTION('',(1.,0.,0.));
#2918 = PLANE('',#2919);
#2919 = AXIS2_PLACEMENT_3D('',#2920,#2921,#2922);
#2920 = CARTESIAN_POINT('',(0.,1.07E-15,4.8));
#2921 = DIRECTION('',(0.,2.2E-16,1.));
#2922 = DIRECTION('',(1.,-0.,-0.));
#2923 = ADVANCED_FACE('',(#2924),#2943,.T.);
#2924 = FACE_BOUND('',#2925,.F.);
#2925 = EDGE_LOOP('',(#2926,#2935,#2941,#2942));
#2926 = ORIENTED_EDGE('',*,*,#2927,.F.);
#2927 = EDGE_CURVE('',#2928,#2928,#2930,.T.);
#2928 = VERTEX_POINT('',#2929);
#2929 = CARTESIAN_POINT('',(9.5,6.E-15,25.5));
#2930 = CIRCLE('',#2931,9.5);
#2931 = AXIS2_PLACEMENT_3D('',#2932,#2933,#2934);
#2932 = CARTESIAN_POINT('',(0.,5.66E-15,25.5));
#2933 = DIRECTION('',(-0.,2.2E-16,1.));
#2934 = DIRECTION('',(1.,0.,0.));
#2935 = ORIENTED_EDGE('',*,*,#2936,.T.);
#2936 = EDGE_CURVE('',#2928,#2888,#2937,.T.);
#2937 = LINE('',#2938,#2939);
#2938 = CARTESIAN_POINT('',(9.5,0.,0.));
#2939 = VECTOR('',#2940,1.);
#2940 = DIRECTION('',(0.,0.,1.));
#2941 = ORIENTED_EDGE('',*,*,#2887,.T.);
#2942 = ORIENTED_EDGE('',*,*,#2936,.F.);
#2943 = CYLINDRICAL_SURFACE('',#2944,9.5);
#2944 = AXIS2_PLACEMENT_3D('',#2945,#2946,#2947);
#2945 = CARTESIAN_POINT('',(0.,0.,0.));
#2946 = DIRECTION('',(-0.,-0.,-1.));
#2947 = DIRECTION('',(1.,0.,0.));
#2948 = ADVANCED_FACE('',(#2949),#2968,.T.);
#2949 = FACE_BOUND('',#2950,.F.);
#2950 = EDGE_LOOP('',(#2951,#2952,#2960,#2967));
#2951 = ORIENTED_EDGE('',*,*,#2910,.F.);
#2952 = ORIENTED_EDGE('',*,*,#2953,.T.);
#2953 = EDGE_CURVE('',#2911,#2954,#2956,.T.);
#2954 = VERTEX_POINT('',#2955);
#2955 = CARTESIAN_POINT('',(9.5,5.E-15,24.2));
#2956 = LINE('',#2957,#2958);
#2957 = CARTESIAN_POINT('',(9.5,0.,0.));
#2958 = VECTOR('',#2959,1.);
#2959 = DIRECTION('',(0.,0.,1.));
#2960 = ORIENTED_EDGE('',*,*,#2961,.T.);
#2961 = EDGE_CURVE('',#2954,#2954,#2962,.T.);
#2962 = CIRCLE('',#2963,9.5);
#2963 = AXIS2_PLACEMENT_3D('',#2964,#2965,#2966);
#2964 = CARTESIAN_POINT('',(0.,5.37E-15,24.2));
#2965 = DIRECTION('',(-0.,2.2E-16,1.));
#2966 = DIRECTION('',(1.,0.,0.));
#2967 = ORIENTED_EDGE('',*,*,#2953,.F.);
#2968 = CYLINDRICAL_SURFACE('',#2969,9.5);
#2969 = AXIS2_PLACEMENT_3D('',#2970,#2971,#2972);
#2970 = CARTESIAN_POINT('',(0.,0.,0.));
#2971 = DIRECTION('',(-0.,-0.,-1.));
#2972 = DIRECTION('',(1.,0.,0.));
#2973 = ADVANCED_FACE('',(#2974,#2977),#2988,.F.);
#2974 = FACE_BOUND('',#2975,.F.);
#2975 = EDGE_LOOP('',(#2976));
#2976 = ORIENTED_EDGE('',*,*,#2927,.T.);
#2977 = FACE_BOUND('',#2978,.F.);
#2978 = EDGE_LOOP('',(#2979));
#2979 = ORIENTED_EDGE('',*,*,#2980,.F.);
#2980 = EDGE_CURVE('',#2981,#2981,#2983,.T.);
#2981 = VERTEX_POINT('',#2982);
#2982 = CARTESIAN_POINT('',(9.,6.E-15,25.5));
#2983 = CIRCLE('',#2984,9.);
#2984 = AXIS2_PLACEMENT_3D('',#2985,#2986,#2987);
#2985 = CARTESIAN_POINT('',(0.,5.66E-15,25.5));
#2986 = DIRECTION('',(-0.,2.2E-16,1.));
#2987 = DIRECTION('',(1.,0.,0.));
#2988 = PLANE('',#2989);
#2989 = AXIS2_PLACEMENT_3D('',#2990,#2991,#2992);
#2990 = CARTESIAN_POINT('',(0.,5.66E-15,25.5));
#2991 = DIRECTION('',(0.,2.2E-16,1.));
#2992 = DIRECTION('',(1.,0.,-0.));
#2993 = ADVANCED_FACE('',(#2994,#3005),#3008,.T.);
#2994 = FACE_BOUND('',#2995,.F.);
#2995 = EDGE_LOOP('',(#2996));
#2996 = ORIENTED_EDGE('',*,*,#2997,.T.);
#2997 = EDGE_CURVE('',#2998,#2998,#3000,.T.);
#2998 = VERTEX_POINT('',#2999);
#2999 = CARTESIAN_POINT('',(9.,5.E-15,24.2));
#3000 = CIRCLE('',#3001,9.);
#3001 = AXIS2_PLACEMENT_3D('',#3002,#3003,#3004);
#3002 = CARTESIAN_POINT('',(0.,5.37E-15,24.2));
#3003 = DIRECTION('',(-0.,2.2E-16,1.));
#3004 = DIRECTION('',(1.,0.,0.));
#3005 = FACE_BOUND('',#3006,.F.);
#3006 = EDGE_LOOP('',(#3007));
#3007 = ORIENTED_EDGE('',*,*,#2961,.F.);
#3008 = PLANE('',#3009);
#3009 = AXIS2_PLACEMENT_3D('',#3010,#3011,#3012);
#3010 = CARTESIAN_POINT('',(0.,5.37E-15,24.2));
#3011 = DIRECTION('',(0.,2.2E-16,1.));
#3012 = DIRECTION('',(1.,-0.,-0.));
#3013 = ADVANCED_FACE('',(#3014),#3025,.T.);
#3014 = FACE_BOUND('',#3015,.F.);
#3015 = EDGE_LOOP('',(#3016,#3017,#3023,#3024));
#3016 = ORIENTED_EDGE('',*,*,#2980,.T.);
#3017 = ORIENTED_EDGE('',*,*,#3018,.T.);
#3018 = EDGE_CURVE('',#2981,#2998,#3019,.T.);
#3019 = LINE('',#3020,#3021);
#3020 = CARTESIAN_POINT('',(9.,0.,25.5));
#3021 = VECTOR('',#3022,1.);
#3022 = DIRECTION('',(0.,0.,-1.));
#3023 = ORIENTED_EDGE('',*,*,#2997,.F.);
#3024 = ORIENTED_EDGE('',*,*,#3018,.F.);
#3025 = CYLINDRICAL_SURFACE('',#3026,9.);
#3026 = AXIS2_PLACEMENT_3D('',#3027,#3028,#3029);
#3027 = CARTESIAN_POINT('',(0.,5.66E-15,25.5));
#3028 = DIRECTION('',(-0.,-2.2E-16,-1.));
#3029 = DIRECTION('',(1.,-0.,0.));
#3030 = ( GEOMETRIC_REPRESENTATION_CONTEXT(3) 
GLOBAL_UNCERTAINTY_ASSIGNED_CONTEXT((#3034)) 
GLOBAL_UNIT_ASSIGNED_CONTEXT((#3031,#3032,#3033)) REPRESENTATION_CONTEXT
('Context #1','3D Context with UNIT and UNCERTAINTY') );
#3031 = ( LENGTH_UNIT() NAMED_UNIT(*) SI_UNIT(.MILLI.,.METRE.) );
#3032 = ( NAMED_UNIT(*) PLANE_ANGLE_UNIT() SI_UNIT($,.RADIAN.) );
#3033 = ( NAMED_UNIT(*) SI_UNIT($,.STERADIAN.) SOLID_ANGLE_UNIT() );
#3034 = UNCERTAINTY_MEASURE_WITH_UNIT(LENGTH_MEASURE(1.E-07),#3031,
  'distance_accuracy_value','confusion accuracy');
#3035 = CONTEXT_DEPENDENT_SHAPE_REPRESENTATION(#3036,#3038);
#3036 = ( REPRESENTATION_RELATIONSHIP('','',#2757,#10) 
REPRESENTATION_RELATIONSHIP_WITH_TRANSFORMATION(#3037) 
SHAPE_REPRESENTATION_RELATIONSHIP() );
#3037 = ITEM_DEFINED_TRANSFORMATION('','',#11,#31);
#3038 = PRODUCT_DEFINITION_SHAPE('Placement','Placement of an item',
  #3039);
#3039 = NEXT_ASSEMBLY_USAGE_OCCURRENCE('5','LinearBearingTop','',#5,
  #2752,$);
#3040 = PRODUCT_RELATED_PRODUCT_CATEGORY('part',$,(#2754));
#3041 = SHAPE_DEFINITION_REPRESENTATION(#3042,#3048);
#3042 = PRODUCT_DEFINITION_SHAPE('','',#3043);
#3043 = PRODUCT_DEFINITION('design','',#3044,#3047);
#3044 = PRODUCT_DEFINITION_FORMATION('','',#3045);
#3045 = PRODUCT('Body','Body','',(#3046));
#3046 = PRODUCT_CONTEXT('',#2,'mechanical');
#3047 = PRODUCT_DEFINITION_CONTEXT('part definition',#2,'design');
#3048 = ADVANCED_BREP_SHAPE_REPRESENTATION('',(#11,#3049),#3102);
#3049 = MANIFOLD_SOLID_BREP('',#3050);
#3050 = CLOSED_SHELL('',(#3051,#3084,#3093));
#3051 = ADVANCED_FACE('',(#3052),#3079,.T.);
#3052 = FACE_BOUND('',#3053,.F.);
#3053 = EDGE_LOOP('',(#3054,#3064,#3071,#3072));
#3054 = ORIENTED_EDGE('',*,*,#3055,.T.);
#3055 = EDGE_CURVE('',#3056,#3058,#3060,.T.);
#3056 = VERTEX_POINT('',#3057);
#3057 = CARTESIAN_POINT('',(5.05,0.,0.));
#3058 = VERTEX_POINT('',#3059);
#3059 = CARTESIAN_POINT('',(5.05,0.,198.));
#3060 = LINE('',#3061,#3062);
#3061 = CARTESIAN_POINT('',(5.05,0.,0.));
#3062 = VECTOR('',#3063,1.);
#3063 = DIRECTION('',(0.,0.,1.));
#3064 = ORIENTED_EDGE('',*,*,#3065,.T.);
#3065 = EDGE_CURVE('',#3058,#3058,#3066,.T.);
#3066 = CIRCLE('',#3067,5.05);
#3067 = AXIS2_PLACEMENT_3D('',#3068,#3069,#3070);
#3068 = CARTESIAN_POINT('',(0.,0.,198.));
#3069 = DIRECTION('',(0.,0.,1.));
#3070 = DIRECTION('',(1.,0.,0.));
#3071 = ORIENTED_EDGE('',*,*,#3055,.F.);
#3072 = ORIENTED_EDGE('',*,*,#3073,.F.);
#3073 = EDGE_CURVE('',#3056,#3056,#3074,.T.);
#3074 = CIRCLE('',#3075,5.05);
#3075 = AXIS2_PLACEMENT_3D('',#3076,#3077,#3078);
#3076 = CARTESIAN_POINT('',(0.,0.,0.));
#3077 = DIRECTION('',(0.,0.,1.));
#3078 = DIRECTION('',(1.,0.,0.));
#3079 = CYLINDRICAL_SURFACE('',#3080,5.05);
#3080 = AXIS2_PLACEMENT_3D('',#3081,#3082,#3083);
#3081 = CARTESIAN_POINT('',(0.,0.,0.));
#3082 = DIRECTION('',(-0.,-0.,-1.));
#3083 = DIRECTION('',(1.,0.,0.));
#3084 = ADVANCED_FACE('',(#3085),#3088,.F.);
#3085 = FACE_BOUND('',#3086,.F.);
#3086 = EDGE_LOOP('',(#3087));
#3087 = ORIENTED_EDGE('',*,*,#3073,.T.);
#3088 = PLANE('',#3089);
#3089 = AXIS2_PLACEMENT_3D('',#3090,#3091,#3092);
#3090 = CARTESIAN_POINT('',(-1.4E-16,3.4E-16,0.));
#3091 = DIRECTION('',(0.,0.,1.));
#3092 = DIRECTION('',(1.,0.,0.));
#3093 = ADVANCED_FACE('',(#3094),#3097,.T.);
#3094 = FACE_BOUND('',#3095,.T.);
#3095 = EDGE_LOOP('',(#3096));
#3096 = ORIENTED_EDGE('',*,*,#3065,.T.);
#3097 = PLANE('',#3098);
#3098 = AXIS2_PLACEMENT_3D('',#3099,#3100,#3101);
#3099 = CARTESIAN_POINT('',(-1.4E-16,3.4E-16,198.));
#3100 = DIRECTION('',(0.,0.,1.));
#3101 = DIRECTION('',(1.,0.,0.));
#3102 = ( GEOMETRIC_REPRESENTATION_CONTEXT(3) 
GLOBAL_UNCERTAINTY_ASSIGNED_CONTEXT((#3106)) 
GLOBAL_UNIT_ASSIGNED_CONTEXT((#3103,#3104,#3105)) REPRESENTATION_CONTEXT
('Context #1','3D Context with UNIT and UNCERTAINTY') );
#3103 = ( LENGTH_UNIT() NAMED_UNIT(*) SI_UNIT(.MILLI.,.METRE.) );
#3104 = ( NAMED_UNIT(*) PLANE_ANGLE_UNIT() SI_UNIT($,.RADIAN.) );
#3105 = ( NAMED_UNIT(*) SI_UNIT($,.STERADIAN.) SOLID_ANGLE_UNIT() );
#3106 = UNCERTAINTY_MEASURE_WITH_UNIT(LENGTH_MEASURE(1.E-07),#3103,
  'distance_accuracy_value','confusion accuracy');
#3107 = CONTEXT_DEPENDENT_SHAPE_REPRESENTATION(#3108,#3110);
#3108 = ( REPRESENTATION_RELATIONSHIP('','',#3048,#10) 
REPRESENTATION_RELATIONSHIP_WITH_TRANSFORMATION(#3109) 
SHAPE_REPRESENTATION_RELATIONSHIP() );
#3109 = ITEM_DEFINED_TRANSFORMATION('','',#11,#35);
#3110 = PRODUCT_DEFINITION_SHAPE('Placement','Placement of an item',
  #3111);
#3111 = NEXT_ASSEMBLY_USAGE_OCCURRENCE('6','LinearRod','',#5,#3043,$);
#3112 = PRODUCT_RELATED_PRODUCT_CATEGORY('part',$,(#3045));
#3113 = SHAPE_DEFINITION_REPRESENTATION(#3114,#3120);
#3114 = PRODUCT_DEFINITION_SHAPE('','',#3115);
#3115 = PRODUCT_DEFINITION('design','',#3116,#3119);
#3116 = PRODUCT_DEFINITION_FORMATION('','',#3117);
#3117 = PRODUCT('Body','Body','',(#3118));
#3118 = PRODUCT_CONTEXT('',#2,'mechanical');
#3119 = PRODUCT_DEFINITION_CONTEXT('part definition',#2,'design');
#3120 = ADVANCED_BREP_SHAPE_REPRESENTATION('',(#11,#3121),#4537);
#3121 = MANIFOLD_SOLID_BREP('',#3122);
#3122 = CLOSED_SHELL('',(#3123,#3217,#3264,#3289,#3337,#3361,#3445,#3470
    ,#3542,#3566,#3584,#3609,#3638,#3737,#3754,#3779,#3859,#3967,#4007,
    #4032,#4057,#4082,#4107,#4213,#4230,#4254,#4266,#4275,#4292,#4309,
    #4326,#4343,#4360,#4372,#4397,#4414,#4426,#4443,#4460,#4477,#4494,
    #4511,#4528));
#3123 = ADVANCED_FACE('',(#3124,#3201),#3212,.T.);
#3124 = FACE_BOUND('',#3125,.T.);
#3125 = EDGE_LOOP('',(#3126,#3136,#3144,#3152,#3160,#3169,#3177,#3186,
    #3194));
#3126 = ORIENTED_EDGE('',*,*,#3127,.F.);
#3127 = EDGE_CURVE('',#3128,#3130,#3132,.T.);
#3128 = VERTEX_POINT('',#3129);
#3129 = CARTESIAN_POINT('',(35.,15.65,-122.6));
#3130 = VERTEX_POINT('',#3131);
#3131 = CARTESIAN_POINT('',(13.5,15.65,-122.6));
#3132 = LINE('',#3133,#3134);
#3133 = CARTESIAN_POINT('',(35.,15.65,-122.6));
#3134 = VECTOR('',#3135,1.);
#3135 = DIRECTION('',(-1.,0.,0.));
#3136 = ORIENTED_EDGE('',*,*,#3137,.F.);
#3137 = EDGE_CURVE('',#3138,#3128,#3140,.T.);
#3138 = VERTEX_POINT('',#3139);
#3139 = CARTESIAN_POINT('',(35.,41.8,-122.6));
#3140 = LINE('',#3141,#3142);
#3141 = CARTESIAN_POINT('',(35.,41.8,-122.6));
#3142 = VECTOR('',#3143,1.);
#3143 = DIRECTION('',(0.,-1.,2.2E-16));
#3144 = ORIENTED_EDGE('',*,*,#3145,.T.);
#3145 = EDGE_CURVE('',#3138,#3146,#3148,.T.);
#3146 = VERTEX_POINT('',#3147);
#3147 = CARTESIAN_POINT('',(-5.5,41.8,-122.6));
#3148 = LINE('',#3149,#3150);
#3149 = CARTESIAN_POINT('',(0.,41.8,-122.6));
#3150 = VECTOR('',#3151,1.);
#3151 = DIRECTION('',(-1.,-0.,-0.));
#3152 = ORIENTED_EDGE('',*,*,#3153,.T.);
#3153 = EDGE_CURVE('',#3146,#3154,#3156,.T.);
#3154 = VERTEX_POINT('',#3155);
#3155 = CARTESIAN_POINT('',(-5.5,35.65,-122.6));
#3156 = LINE('',#3157,#3158);
#3157 = CARTESIAN_POINT('',(-5.5,41.8,-122.6));
#3158 = VECTOR('',#3159,1.);
#3159 = DIRECTION('',(0.,-1.,2.2E-16));
#3160 = ORIENTED_EDGE('',*,*,#3161,.T.);
#3161 = EDGE_CURVE('',#3154,#3162,#3164,.T.);
#3162 = VERTEX_POINT('',#3163);
#3163 = CARTESIAN_POINT('',(-1.5,31.65,-122.6));
#3164 = CIRCLE('',#3165,4.);
#3165 = AXIS2_PLACEMENT_3D('',#3166,#3167,#3168);
#3166 = CARTESIAN_POINT('',(-1.5,35.65,-122.6));
#3167 = DIRECTION('',(-0.,0.,1.));
#3168 = DIRECTION('',(0.,-1.,0.));
#3169 = ORIENTED_EDGE('',*,*,#3170,.F.);
#3170 = EDGE_CURVE('',#3171,#3162,#3173,.T.);
#3171 = VERTEX_POINT('',#3172);
#3172 = CARTESIAN_POINT('',(5.5,31.65,-122.6));
#3173 = LINE('',#3174,#3175);
#3174 = CARTESIAN_POINT('',(4.625,31.65,-122.6));
#3175 = VECTOR('',#3176,1.);
#3176 = DIRECTION('',(-1.,0.,0.));
#3177 = ORIENTED_EDGE('',*,*,#3178,.F.);
#3178 = EDGE_CURVE('',#3179,#3171,#3181,.T.);
#3179 = VERTEX_POINT('',#3180);
#3180 = CARTESIAN_POINT('',(9.5,27.65,-122.6));
#3181 = CIRCLE('',#3182,4.);
#3182 = AXIS2_PLACEMENT_3D('',#3183,#3184,#3185);
#3183 = CARTESIAN_POINT('',(5.5,27.65,-122.6));
#3184 = DIRECTION('',(-0.,0.,1.));
#3185 = DIRECTION('',(0.,-1.,0.));
#3186 = ORIENTED_EDGE('',*,*,#3187,.T.);
#3187 = EDGE_CURVE('',#3179,#3188,#3190,.T.);
#3188 = VERTEX_POINT('',#3189);
#3189 = CARTESIAN_POINT('',(9.5,19.65,-122.6));
#3190 = LINE('',#3191,#3192);
#3191 = CARTESIAN_POINT('',(9.5,22.1875,-122.6));
#3192 = VECTOR('',#3193,1.);
#3193 = DIRECTION('',(0.,-1.,0.));
#3194 = ORIENTED_EDGE('',*,*,#3195,.F.);
#3195 = EDGE_CURVE('',#3130,#3188,#3196,.T.);
#3196 = CIRCLE('',#3197,4.);
#3197 = AXIS2_PLACEMENT_3D('',#3198,#3199,#3200);
#3198 = CARTESIAN_POINT('',(13.5,19.65,-122.6));
#3199 = DIRECTION('',(-0.,-0.,-1.));
#3200 = DIRECTION('',(0.,-1.,0.));
#3201 = FACE_BOUND('',#3202,.T.);
#3202 = EDGE_LOOP('',(#3203));
#3203 = ORIENTED_EDGE('',*,*,#3204,.F.);
#3204 = EDGE_CURVE('',#3205,#3205,#3207,.T.);
#3205 = VERTEX_POINT('',#3206);
#3206 = CARTESIAN_POINT('',(25.21,21.15,-122.6));
#3207 = CIRCLE('',#3208,4.1);
#3208 = AXIS2_PLACEMENT_3D('',#3209,#3210,#3211);
#3209 = CARTESIAN_POINT('',(21.11,21.15,-122.6));
#3210 = DIRECTION('',(0.,0.,1.));
#3211 = DIRECTION('',(1.,0.,0.));
#3212 = PLANE('',#3213);
#3213 = AXIS2_PLACEMENT_3D('',#3214,#3215,#3216);
#3214 = CARTESIAN_POINT('',(14.75,28.725,-122.6));
#3215 = DIRECTION('',(0.,0.,1.));
#3216 = DIRECTION('',(1.,0.,0.));
#3217 = ADVANCED_FACE('',(#3218),#3259,.T.);
#3218 = FACE_BOUND('',#3219,.T.);
#3219 = EDGE_LOOP('',(#3220,#3221,#3229,#3237,#3245,#3253));
#3220 = ORIENTED_EDGE('',*,*,#3127,.T.);
#3221 = ORIENTED_EDGE('',*,*,#3222,.F.);
#3222 = EDGE_CURVE('',#3223,#3130,#3225,.T.);
#3223 = VERTEX_POINT('',#3224);
#3224 = CARTESIAN_POINT('',(13.5,15.65,-127.6));
#3225 = LINE('',#3226,#3227);
#3226 = CARTESIAN_POINT('',(13.5,15.65,-127.6));
#3227 = VECTOR('',#3228,1.);
#3228 = DIRECTION('',(0.,0.,1.));
#3229 = ORIENTED_EDGE('',*,*,#3230,.T.);
#3230 = EDGE_CURVE('',#3223,#3231,#3233,.T.);
#3231 = VERTEX_POINT('',#3232);
#3232 = CARTESIAN_POINT('',(30.,15.65,-127.6));
#3233 = LINE('',#3234,#3235);
#3234 = CARTESIAN_POINT('',(0.,15.65,-127.6));
#3235 = VECTOR('',#3236,1.);
#3236 = DIRECTION('',(1.,0.,0.));
#3237 = ORIENTED_EDGE('',*,*,#3238,.T.);
#3238 = EDGE_CURVE('',#3231,#3239,#3241,.T.);
#3239 = VERTEX_POINT('',#3240);
#3240 = CARTESIAN_POINT('',(30.,15.65,-144.));
#3241 = LINE('',#3242,#3243);
#3242 = CARTESIAN_POINT('',(30.,15.65,-127.6));
#3243 = VECTOR('',#3244,1.);
#3244 = DIRECTION('',(0.,0.,-1.));
#3245 = ORIENTED_EDGE('',*,*,#3246,.T.);
#3246 = EDGE_CURVE('',#3239,#3247,#3249,.T.);
#3247 = VERTEX_POINT('',#3248);
#3248 = CARTESIAN_POINT('',(34.999999999999,15.65,-144.));
#3249 = LINE('',#3250,#3251);
#3250 = CARTESIAN_POINT('',(80.,15.65,-144.));
#3251 = VECTOR('',#3252,1.);
#3252 = DIRECTION('',(1.,0.,0.));
#3253 = ORIENTED_EDGE('',*,*,#3254,.T.);
#3254 = EDGE_CURVE('',#3247,#3128,#3255,.T.);
#3255 = LINE('',#3256,#3257);
#3256 = CARTESIAN_POINT('',(34.999999999999,15.65,-144.));
#3257 = VECTOR('',#3258,1.);
#3258 = DIRECTION('',(0.,0.,1.));
#3259 = PLANE('',#3260);
#3260 = AXIS2_PLACEMENT_3D('',#3261,#3262,#3263);
#3261 = CARTESIAN_POINT('',(38.905693950178,15.65,-134.3943060498));
#3262 = DIRECTION('',(0.,-1.,2.4E-16));
#3263 = DIRECTION('',(0.,-2.4E-16,-1.));
#3264 = ADVANCED_FACE('',(#3265),#3284,.T.);
#3265 = FACE_BOUND('',#3266,.F.);
#3266 = EDGE_LOOP('',(#3267,#3276,#3282,#3283));
#3267 = ORIENTED_EDGE('',*,*,#3268,.T.);
#3268 = EDGE_CURVE('',#3223,#3269,#3271,.T.);
#3269 = VERTEX_POINT('',#3270);
#3270 = CARTESIAN_POINT('',(9.5,19.65,-127.6));
#3271 = CIRCLE('',#3272,4.);
#3272 = AXIS2_PLACEMENT_3D('',#3273,#3274,#3275);
#3273 = CARTESIAN_POINT('',(13.5,19.65,-127.6));
#3274 = DIRECTION('',(-0.,-0.,-1.));
#3275 = DIRECTION('',(0.,-1.,0.));
#3276 = ORIENTED_EDGE('',*,*,#3277,.T.);
#3277 = EDGE_CURVE('',#3269,#3188,#3278,.T.);
#3278 = LINE('',#3279,#3280);
#3279 = CARTESIAN_POINT('',(9.5,19.65,-127.6));
#3280 = VECTOR('',#3281,1.);
#3281 = DIRECTION('',(0.,0.,1.));
#3282 = ORIENTED_EDGE('',*,*,#3195,.F.);
#3283 = ORIENTED_EDGE('',*,*,#3222,.F.);
#3284 = CYLINDRICAL_SURFACE('',#3285,4.);
#3285 = AXIS2_PLACEMENT_3D('',#3286,#3287,#3288);
#3286 = CARTESIAN_POINT('',(13.5,19.65,-127.6));
#3287 = DIRECTION('',(0.,0.,1.));
#3288 = DIRECTION('',(0.,-1.,0.));
#3289 = ADVANCED_FACE('',(#3290),#3332,.T.);
#3290 = FACE_BOUND('',#3291,.T.);
#3291 = EDGE_LOOP('',(#3292,#3300,#3308,#3316,#3324,#3330,#3331));
#3292 = ORIENTED_EDGE('',*,*,#3293,.T.);
#3293 = EDGE_CURVE('',#3247,#3294,#3296,.T.);
#3294 = VERTEX_POINT('',#3295);
#3295 = CARTESIAN_POINT('',(34.999999999999,27.65,-144.));
#3296 = LINE('',#3297,#3298);
#3297 = CARTESIAN_POINT('',(34.999999999999,15.65,-144.));
#3298 = VECTOR('',#3299,1.);
#3299 = DIRECTION('',(0.,1.,0.));
#3300 = ORIENTED_EDGE('',*,*,#3301,.T.);
#3301 = EDGE_CURVE('',#3294,#3302,#3304,.T.);
#3302 = VERTEX_POINT('',#3303);
#3303 = CARTESIAN_POINT('',(34.999999999999,27.65,-139.));
#3304 = LINE('',#3305,#3306);
#3305 = CARTESIAN_POINT('',(34.999999999999,27.65,-144.));
#3306 = VECTOR('',#3307,1.);
#3307 = DIRECTION('',(0.,0.,1.));
#3308 = ORIENTED_EDGE('',*,*,#3309,.F.);
#3309 = EDGE_CURVE('',#3310,#3302,#3312,.T.);
#3310 = VERTEX_POINT('',#3311);
#3311 = CARTESIAN_POINT('',(34.999999999999,31.65,-139.));
#3312 = LINE('',#3313,#3314);
#3313 = CARTESIAN_POINT('',(34.999999999999,28.458175604627,-139.));
#3314 = VECTOR('',#3315,1.);
#3315 = DIRECTION('',(1.84E-15,-1.,0.));
#3316 = ORIENTED_EDGE('',*,*,#3317,.F.);
#3317 = EDGE_CURVE('',#3318,#3310,#3320,.T.);
#3318 = VERTEX_POINT('',#3319);
#3319 = CARTESIAN_POINT('',(34.999999999999,41.8,-139.));
#3320 = LINE('',#3321,#3322);
#3321 = CARTESIAN_POINT('',(34.999999999999,41.8,-139.));
#3322 = VECTOR('',#3323,1.);
#3323 = DIRECTION('',(0.,-1.,2.2E-16));
#3324 = ORIENTED_EDGE('',*,*,#3325,.T.);
#3325 = EDGE_CURVE('',#3318,#3138,#3326,.T.);
#3326 = LINE('',#3327,#3328);
#3327 = CARTESIAN_POINT('',(34.999999999999,41.8,-139.));
#3328 = VECTOR('',#3329,1.);
#3329 = DIRECTION('',(5.719E-14,0.,1.));
#3330 = ORIENTED_EDGE('',*,*,#3137,.T.);
#3331 = ORIENTED_EDGE('',*,*,#3254,.F.);
#3332 = PLANE('',#3333);
#3333 = AXIS2_PLACEMENT_3D('',#3334,#3335,#3336);
#3334 = CARTESIAN_POINT('',(34.999999999999,28.191351209253,
    -132.7663512092));
#3335 = DIRECTION('',(1.,1.84E-15,-4.923E-14));
#3336 = DIRECTION('',(4.923E-14,0.,1.));
#3337 = ADVANCED_FACE('',(#3338),#3356,.T.);
#3338 = FACE_BOUND('',#3339,.T.);
#3339 = EDGE_LOOP('',(#3340,#3348,#3349,#3350));
#3340 = ORIENTED_EDGE('',*,*,#3341,.F.);
#3341 = EDGE_CURVE('',#3269,#3342,#3344,.T.);
#3342 = VERTEX_POINT('',#3343);
#3343 = CARTESIAN_POINT('',(9.5,27.65,-127.6));
#3344 = LINE('',#3345,#3346);
#3345 = CARTESIAN_POINT('',(9.5,22.1875,-127.6));
#3346 = VECTOR('',#3347,1.);
#3347 = DIRECTION('',(0.,1.,0.));
#3348 = ORIENTED_EDGE('',*,*,#3277,.T.);
#3349 = ORIENTED_EDGE('',*,*,#3187,.F.);
#3350 = ORIENTED_EDGE('',*,*,#3351,.F.);
#3351 = EDGE_CURVE('',#3342,#3179,#3352,.T.);
#3352 = LINE('',#3353,#3354);
#3353 = CARTESIAN_POINT('',(9.5,27.65,-127.6));
#3354 = VECTOR('',#3355,1.);
#3355 = DIRECTION('',(0.,0.,1.));
#3356 = PLANE('',#3357);
#3357 = AXIS2_PLACEMENT_3D('',#3358,#3359,#3360);
#3358 = CARTESIAN_POINT('',(9.5,15.65,-144.));
#3359 = DIRECTION('',(-1.,0.,0.));
#3360 = DIRECTION('',(0.,1.,0.));
#3361 = ADVANCED_FACE('',(#3362,#3396,#3407,#3418,#3429),#3440,.T.);
#3362 = FACE_BOUND('',#3363,.T.);
#3363 = EDGE_LOOP('',(#3364,#3372,#3373,#3374,#3382,#3390));
#3364 = ORIENTED_EDGE('',*,*,#3365,.T.);
#3365 = EDGE_CURVE('',#3366,#3146,#3368,.T.);
#3366 = VERTEX_POINT('',#3367);
#3367 = CARTESIAN_POINT('',(-5.5,41.8,0.));
#3368 = LINE('',#3369,#3370);
#3369 = CARTESIAN_POINT('',(-5.5,41.8,0.));
#3370 = VECTOR('',#3371,1.);
#3371 = DIRECTION('',(0.,0.,-1.));
#3372 = ORIENTED_EDGE('',*,*,#3145,.F.);
#3373 = ORIENTED_EDGE('',*,*,#3325,.F.);
#3374 = ORIENTED_EDGE('',*,*,#3375,.F.);
#3375 = EDGE_CURVE('',#3376,#3318,#3378,.T.);
#3376 = VERTEX_POINT('',#3377);
#3377 = CARTESIAN_POINT('',(85.5,41.8,-139.));
#3378 = LINE('',#3379,#3380);
#3379 = CARTESIAN_POINT('',(80.,41.8,-139.));
#3380 = VECTOR('',#3381,1.);
#3381 = DIRECTION('',(-1.,0.,0.));
#3382 = ORIENTED_EDGE('',*,*,#3383,.F.);
#3383 = EDGE_CURVE('',#3384,#3376,#3386,.T.);
#3384 = VERTEX_POINT('',#3385);
#3385 = CARTESIAN_POINT('',(85.5,41.8,0.));
#3386 = LINE('',#3387,#3388);
#3387 = CARTESIAN_POINT('',(85.5,41.8,0.));
#3388 = VECTOR('',#3389,1.);
#3389 = DIRECTION('',(0.,0.,-1.));
#3390 = ORIENTED_EDGE('',*,*,#3391,.F.);
#3391 = EDGE_CURVE('',#3366,#3384,#3392,.T.);
#3392 = LINE('',#3393,#3394);
#3393 = CARTESIAN_POINT('',(80.,41.8,0.));
#3394 = VECTOR('',#3395,1.);
#3395 = DIRECTION('',(1.,0.,0.));
#3396 = FACE_BOUND('',#3397,.T.);
#3397 = EDGE_LOOP('',(#3398));
#3398 = ORIENTED_EDGE('',*,*,#3399,.T.);
#3399 = EDGE_CURVE('',#3400,#3400,#3402,.T.);
#3400 = VERTEX_POINT('',#3401);
#3401 = CARTESIAN_POINT('',(2.99999999995,41.8,-27.6));
#3402 = CIRCLE('',#3403,2.6);
#3403 = AXIS2_PLACEMENT_3D('',#3404,#3405,#3406);
#3404 = CARTESIAN_POINT('',(5.59999999995,41.8,-27.6));
#3405 = DIRECTION('',(0.,1.,-2.2E-16));
#3406 = DIRECTION('',(-1.,0.,0.));
#3407 = FACE_BOUND('',#3408,.T.);
#3408 = EDGE_LOOP('',(#3409));
#3409 = ORIENTED_EDGE('',*,*,#3410,.T.);
#3410 = EDGE_CURVE('',#3411,#3411,#3413,.T.);
#3411 = VERTEX_POINT('',#3412);
#3412 = CARTESIAN_POINT('',(2.99999999995,41.8,-87.4));
#3413 = CIRCLE('',#3414,2.6);
#3414 = AXIS2_PLACEMENT_3D('',#3415,#3416,#3417);
#3415 = CARTESIAN_POINT('',(5.59999999995,41.8,-87.4));
#3416 = DIRECTION('',(0.,1.,-2.2E-16));
#3417 = DIRECTION('',(-1.,0.,0.));
#3418 = FACE_BOUND('',#3419,.T.);
#3419 = EDGE_LOOP('',(#3420));
#3420 = ORIENTED_EDGE('',*,*,#3421,.T.);
#3421 = EDGE_CURVE('',#3422,#3422,#3424,.T.);
#3422 = VERTEX_POINT('',#3423);
#3423 = CARTESIAN_POINT('',(71.79999999995,41.8,-27.6));
#3424 = CIRCLE('',#3425,2.6);
#3425 = AXIS2_PLACEMENT_3D('',#3426,#3427,#3428);
#3426 = CARTESIAN_POINT('',(74.39999999995,41.8,-27.6));
#3427 = DIRECTION('',(0.,1.,-2.2E-16));
#3428 = DIRECTION('',(-1.,0.,0.));
#3429 = FACE_BOUND('',#3430,.T.);
#3430 = EDGE_LOOP('',(#3431));
#3431 = ORIENTED_EDGE('',*,*,#3432,.T.);
#3432 = EDGE_CURVE('',#3433,#3433,#3435,.T.);
#3433 = VERTEX_POINT('',#3434);
#3434 = CARTESIAN_POINT('',(71.79999999995,41.8,-87.4));
#3435 = CIRCLE('',#3436,2.6);
#3436 = AXIS2_PLACEMENT_3D('',#3437,#3438,#3439);
#3437 = CARTESIAN_POINT('',(74.39999999995,41.8,-87.4));
#3438 = DIRECTION('',(0.,1.,-2.2E-16));
#3439 = DIRECTION('',(-1.,0.,0.));
#3440 = PLANE('',#3441);
#3441 = AXIS2_PLACEMENT_3D('',#3442,#3443,#3444);
#3442 = CARTESIAN_POINT('',(41.443913043478,41.8,-68.05608695652));
#3443 = DIRECTION('',(-0.,-1.,-0.));
#3444 = DIRECTION('',(0.,0.,-1.));
#3445 = ADVANCED_FACE('',(#3446),#3465,.F.);
#3446 = FACE_BOUND('',#3447,.F.);
#3447 = EDGE_LOOP('',(#3448,#3457,#3463,#3464));
#3448 = ORIENTED_EDGE('',*,*,#3449,.T.);
#3449 = EDGE_CURVE('',#3342,#3450,#3452,.T.);
#3450 = VERTEX_POINT('',#3451);
#3451 = CARTESIAN_POINT('',(5.5,31.65,-127.6));
#3452 = CIRCLE('',#3453,4.);
#3453 = AXIS2_PLACEMENT_3D('',#3454,#3455,#3456);
#3454 = CARTESIAN_POINT('',(5.5,27.65,-127.6));
#3455 = DIRECTION('',(-0.,0.,1.));
#3456 = DIRECTION('',(0.,-1.,0.));
#3457 = ORIENTED_EDGE('',*,*,#3458,.T.);
#3458 = EDGE_CURVE('',#3450,#3171,#3459,.T.);
#3459 = LINE('',#3460,#3461);
#3460 = CARTESIAN_POINT('',(5.5,31.65,-127.6));
#3461 = VECTOR('',#3462,1.);
#3462 = DIRECTION('',(0.,0.,1.));
#3463 = ORIENTED_EDGE('',*,*,#3178,.F.);
#3464 = ORIENTED_EDGE('',*,*,#3351,.F.);
#3465 = CYLINDRICAL_SURFACE('',#3466,4.);
#3466 = AXIS2_PLACEMENT_3D('',#3467,#3468,#3469);
#3467 = CARTESIAN_POINT('',(5.5,27.65,-127.6));
#3468 = DIRECTION('',(0.,0.,1.));
#3469 = DIRECTION('',(1.,0.,-0.));
#3470 = ADVANCED_FACE('',(#3471),#3537,.T.);
#3471 = FACE_BOUND('',#3472,.T.);
#3472 = EDGE_LOOP('',(#3473,#3483,#3491,#3499,#3507,#3515,#3521,#3522,
    #3523,#3531));
#3473 = ORIENTED_EDGE('',*,*,#3474,.F.);
#3474 = EDGE_CURVE('',#3475,#3477,#3479,.T.);
#3475 = VERTEX_POINT('',#3476);
#3476 = CARTESIAN_POINT('',(-5.5,46.3,5.));
#3477 = VERTEX_POINT('',#3478);
#3478 = CARTESIAN_POINT('',(-5.5,4.,5.));
#3479 = LINE('',#3480,#3481);
#3480 = CARTESIAN_POINT('',(-5.5,46.3,5.));
#3481 = VECTOR('',#3482,1.);
#3482 = DIRECTION('',(0.,-1.,0.));
#3483 = ORIENTED_EDGE('',*,*,#3484,.F.);
#3484 = EDGE_CURVE('',#3485,#3475,#3487,.T.);
#3485 = VERTEX_POINT('',#3486);
#3486 = CARTESIAN_POINT('',(-5.5,46.3,-144.));
#3487 = LINE('',#3488,#3489);
#3488 = CARTESIAN_POINT('',(-5.5,46.3,0.));
#3489 = VECTOR('',#3490,1.);
#3490 = DIRECTION('',(0.,0.,1.));
#3491 = ORIENTED_EDGE('',*,*,#3492,.F.);
#3492 = EDGE_CURVE('',#3493,#3485,#3495,.T.);
#3493 = VERTEX_POINT('',#3494);
#3494 = CARTESIAN_POINT('',(-5.5,41.8,-144.));
#3495 = LINE('',#3496,#3497);
#3496 = CARTESIAN_POINT('',(-5.5,41.8,-144.));
#3497 = VECTOR('',#3498,1.);
#3498 = DIRECTION('',(0.,1.,0.));
#3499 = ORIENTED_EDGE('',*,*,#3500,.F.);
#3500 = EDGE_CURVE('',#3501,#3493,#3503,.T.);
#3501 = VERTEX_POINT('',#3502);
#3502 = CARTESIAN_POINT('',(-5.5,41.8,-127.6));
#3503 = LINE('',#3504,#3505);
#3504 = CARTESIAN_POINT('',(-5.5,41.8,0.));
#3505 = VECTOR('',#3506,1.);
#3506 = DIRECTION('',(0.,0.,-1.));
#3507 = ORIENTED_EDGE('',*,*,#3508,.T.);
#3508 = EDGE_CURVE('',#3501,#3509,#3511,.T.);
#3509 = VERTEX_POINT('',#3510);
#3510 = CARTESIAN_POINT('',(-5.5,35.65,-127.6));
#3511 = LINE('',#3512,#3513);
#3512 = CARTESIAN_POINT('',(-5.5,41.8,-127.6));
#3513 = VECTOR('',#3514,1.);
#3514 = DIRECTION('',(0.,-1.,2.2E-16));
#3515 = ORIENTED_EDGE('',*,*,#3516,.T.);
#3516 = EDGE_CURVE('',#3509,#3154,#3517,.T.);
#3517 = LINE('',#3518,#3519);
#3518 = CARTESIAN_POINT('',(-5.5,35.65,-127.6));
#3519 = VECTOR('',#3520,1.);
#3520 = DIRECTION('',(0.,0.,1.));
#3521 = ORIENTED_EDGE('',*,*,#3153,.F.);
#3522 = ORIENTED_EDGE('',*,*,#3365,.F.);
#3523 = ORIENTED_EDGE('',*,*,#3524,.T.);
#3524 = EDGE_CURVE('',#3366,#3525,#3527,.T.);
#3525 = VERTEX_POINT('',#3526);
#3526 = CARTESIAN_POINT('',(-5.5,4.,0.));
#3527 = LINE('',#3528,#3529);
#3528 = CARTESIAN_POINT('',(-5.5,46.3,0.));
#3529 = VECTOR('',#3530,1.);
#3530 = DIRECTION('',(0.,-1.,0.));
#3531 = ORIENTED_EDGE('',*,*,#3532,.T.);
#3532 = EDGE_CURVE('',#3525,#3477,#3533,.T.);
#3533 = LINE('',#3534,#3535);
#3534 = CARTESIAN_POINT('',(-5.5,4.,0.));
#3535 = VECTOR('',#3536,1.);
#3536 = DIRECTION('',(0.,0.,1.));
#3537 = PLANE('',#3538);
#3538 = AXIS2_PLACEMENT_3D('',#3539,#3540,#3541);
#3539 = CARTESIAN_POINT('',(-5.5,37.103539173628,-62.47511853691));
#3540 = DIRECTION('',(-1.,-0.,-0.));
#3541 = DIRECTION('',(0.,0.,-1.));
#3542 = ADVANCED_FACE('',(#3543),#3561,.F.);
#3543 = FACE_BOUND('',#3544,.F.);
#3544 = EDGE_LOOP('',(#3545,#3553,#3559,#3560));
#3545 = ORIENTED_EDGE('',*,*,#3546,.F.);
#3546 = EDGE_CURVE('',#3547,#3450,#3549,.T.);
#3547 = VERTEX_POINT('',#3548);
#3548 = CARTESIAN_POINT('',(-1.5,31.65,-127.6));
#3549 = LINE('',#3550,#3551);
#3550 = CARTESIAN_POINT('',(3.375,31.65,-127.6));
#3551 = VECTOR('',#3552,1.);
#3552 = DIRECTION('',(1.,0.,0.));
#3553 = ORIENTED_EDGE('',*,*,#3554,.T.);
#3554 = EDGE_CURVE('',#3547,#3162,#3555,.T.);
#3555 = LINE('',#3556,#3557);
#3556 = CARTESIAN_POINT('',(-1.5,31.65,-127.6));
#3557 = VECTOR('',#3558,1.);
#3558 = DIRECTION('',(0.,0.,1.));
#3559 = ORIENTED_EDGE('',*,*,#3170,.F.);
#3560 = ORIENTED_EDGE('',*,*,#3458,.F.);
#3561 = PLANE('',#3562);
#3562 = AXIS2_PLACEMENT_3D('',#3563,#3564,#3565);
#3563 = CARTESIAN_POINT('',(-5.5,31.65,-144.));
#3564 = DIRECTION('',(0.,1.,0.));
#3565 = DIRECTION('',(1.,0.,0.));
#3566 = ADVANCED_FACE('',(#3567),#3579,.T.);
#3567 = FACE_BOUND('',#3568,.T.);
#3568 = EDGE_LOOP('',(#3569,#3576,#3577,#3578));
#3569 = ORIENTED_EDGE('',*,*,#3570,.T.);
#3570 = EDGE_CURVE('',#3509,#3547,#3571,.T.);
#3571 = CIRCLE('',#3572,4.);
#3572 = AXIS2_PLACEMENT_3D('',#3573,#3574,#3575);
#3573 = CARTESIAN_POINT('',(-1.5,35.65,-127.6));
#3574 = DIRECTION('',(-0.,0.,1.));
#3575 = DIRECTION('',(0.,-1.,0.));
#3576 = ORIENTED_EDGE('',*,*,#3554,.T.);
#3577 = ORIENTED_EDGE('',*,*,#3161,.F.);
#3578 = ORIENTED_EDGE('',*,*,#3516,.F.);
#3579 = CYLINDRICAL_SURFACE('',#3580,4.);
#3580 = AXIS2_PLACEMENT_3D('',#3581,#3582,#3583);
#3581 = CARTESIAN_POINT('',(-1.5,35.65,-127.6));
#3582 = DIRECTION('',(0.,0.,1.));
#3583 = DIRECTION('',(-1.,0.,0.));
#3584 = ADVANCED_FACE('',(#3585),#3604,.F.);
#3585 = FACE_BOUND('',#3586,.F.);
#3586 = EDGE_LOOP('',(#3587,#3595,#3602,#3603));
#3587 = ORIENTED_EDGE('',*,*,#3588,.T.);
#3588 = EDGE_CURVE('',#3205,#3589,#3591,.T.);
#3589 = VERTEX_POINT('',#3590);
#3590 = CARTESIAN_POINT('',(25.21,21.15,-125.6));
#3591 = LINE('',#3592,#3593);
#3592 = CARTESIAN_POINT('',(25.21,21.15,-122.6));
#3593 = VECTOR('',#3594,1.);
#3594 = DIRECTION('',(-0.,-0.,-1.));
#3595 = ORIENTED_EDGE('',*,*,#3596,.T.);
#3596 = EDGE_CURVE('',#3589,#3589,#3597,.T.);
#3597 = CIRCLE('',#3598,4.1);
#3598 = AXIS2_PLACEMENT_3D('',#3599,#3600,#3601);
#3599 = CARTESIAN_POINT('',(21.11,21.15,-125.6));
#3600 = DIRECTION('',(0.,0.,1.));
#3601 = DIRECTION('',(1.,0.,0.));
#3602 = ORIENTED_EDGE('',*,*,#3588,.F.);
#3603 = ORIENTED_EDGE('',*,*,#3204,.F.);
#3604 = CYLINDRICAL_SURFACE('',#3605,4.1);
#3605 = AXIS2_PLACEMENT_3D('',#3606,#3607,#3608);
#3606 = CARTESIAN_POINT('',(21.11,21.15,-122.6));
#3607 = DIRECTION('',(0.,0.,1.));
#3608 = DIRECTION('',(1.,0.,0.));
#3609 = ADVANCED_FACE('',(#3610),#3633,.T.);
#3610 = FACE_BOUND('',#3611,.T.);
#3611 = EDGE_LOOP('',(#3612,#3613,#3621,#3627,#3628,#3629,#3630,#3631,
    #3632));
#3612 = ORIENTED_EDGE('',*,*,#3508,.F.);
#3613 = ORIENTED_EDGE('',*,*,#3614,.T.);
#3614 = EDGE_CURVE('',#3501,#3615,#3617,.T.);
#3615 = VERTEX_POINT('',#3616);
#3616 = CARTESIAN_POINT('',(30.,41.8,-127.6));
#3617 = LINE('',#3618,#3619);
#3618 = CARTESIAN_POINT('',(0.,41.8,-127.6));
#3619 = VECTOR('',#3620,1.);
#3620 = DIRECTION('',(1.,0.,0.));
#3621 = ORIENTED_EDGE('',*,*,#3622,.T.);
#3622 = EDGE_CURVE('',#3615,#3231,#3623,.T.);
#3623 = LINE('',#3624,#3625);
#3624 = CARTESIAN_POINT('',(30.,41.8,-127.6));
#3625 = VECTOR('',#3626,1.);
#3626 = DIRECTION('',(0.,-1.,2.2E-16));
#3627 = ORIENTED_EDGE('',*,*,#3230,.F.);
#3628 = ORIENTED_EDGE('',*,*,#3268,.T.);
#3629 = ORIENTED_EDGE('',*,*,#3341,.T.);
#3630 = ORIENTED_EDGE('',*,*,#3449,.T.);
#3631 = ORIENTED_EDGE('',*,*,#3546,.F.);
#3632 = ORIENTED_EDGE('',*,*,#3570,.F.);
#3633 = PLANE('',#3634);
#3634 = AXIS2_PLACEMENT_3D('',#3635,#3636,#3637);
#3635 = CARTESIAN_POINT('',(12.25,28.725,-127.6));
#3636 = DIRECTION('',(-0.,-0.,-1.));
#3637 = DIRECTION('',(-1.,0.,0.));
#3638 = ADVANCED_FACE('',(#3639),#3732,.T.);
#3639 = FACE_BOUND('',#3640,.T.);
#3640 = EDGE_LOOP('',(#3641,#3642,#3643,#3651,#3657,#3658,#3666,#3674,
    #3683,#3691,#3700,#3708,#3717,#3725));
#3641 = ORIENTED_EDGE('',*,*,#3293,.F.);
#3642 = ORIENTED_EDGE('',*,*,#3246,.F.);
#3643 = ORIENTED_EDGE('',*,*,#3644,.F.);
#3644 = EDGE_CURVE('',#3645,#3239,#3647,.T.);
#3645 = VERTEX_POINT('',#3646);
#3646 = CARTESIAN_POINT('',(30.,41.8,-144.));
#3647 = LINE('',#3648,#3649);
#3648 = CARTESIAN_POINT('',(30.,41.8,-144.));
#3649 = VECTOR('',#3650,1.);
#3650 = DIRECTION('',(0.,-1.,2.2E-16));
#3651 = ORIENTED_EDGE('',*,*,#3652,.T.);
#3652 = EDGE_CURVE('',#3645,#3493,#3653,.T.);
#3653 = LINE('',#3654,#3655);
#3654 = CARTESIAN_POINT('',(0.,41.8,-144.));
#3655 = VECTOR('',#3656,1.);
#3656 = DIRECTION('',(-1.,-0.,-0.));
#3657 = ORIENTED_EDGE('',*,*,#3492,.T.);
#3658 = ORIENTED_EDGE('',*,*,#3659,.F.);
#3659 = EDGE_CURVE('',#3660,#3485,#3662,.T.);
#3660 = VERTEX_POINT('',#3661);
#3661 = CARTESIAN_POINT('',(85.5,46.3,-144.));
#3662 = LINE('',#3663,#3664);
#3663 = CARTESIAN_POINT('',(0.,46.3,-144.));
#3664 = VECTOR('',#3665,1.);
#3665 = DIRECTION('',(-1.,-0.,-0.));
#3666 = ORIENTED_EDGE('',*,*,#3667,.T.);
#3667 = EDGE_CURVE('',#3660,#3668,#3670,.T.);
#3668 = VERTEX_POINT('',#3669);
#3669 = CARTESIAN_POINT('',(85.5,19.65,-144.));
#3670 = LINE('',#3671,#3672);
#3671 = CARTESIAN_POINT('',(85.5,41.8,-144.));
#3672 = VECTOR('',#3673,1.);
#3673 = DIRECTION('',(0.,-1.,2.2E-16));
#3674 = ORIENTED_EDGE('',*,*,#3675,.T.);
#3675 = EDGE_CURVE('',#3668,#3676,#3678,.T.);
#3676 = VERTEX_POINT('',#3677);
#3677 = CARTESIAN_POINT('',(81.5,15.65,-144.));
#3678 = CIRCLE('',#3679,4.);
#3679 = AXIS2_PLACEMENT_3D('',#3680,#3681,#3682);
#3680 = CARTESIAN_POINT('',(81.5,19.65,-144.));
#3681 = DIRECTION('',(-0.,-2.2E-16,-1.));
#3682 = DIRECTION('',(0.,-1.,2.2E-16));
#3683 = ORIENTED_EDGE('',*,*,#3684,.F.);
#3684 = EDGE_CURVE('',#3685,#3676,#3687,.T.);
#3685 = VERTEX_POINT('',#3686);
#3686 = CARTESIAN_POINT('',(55.999999999999,15.65,-144.));
#3687 = LINE('',#3688,#3689);
#3688 = CARTESIAN_POINT('',(80.,15.65,-144.));
#3689 = VECTOR('',#3690,1.);
#3690 = DIRECTION('',(1.,0.,0.));
#3691 = ORIENTED_EDGE('',*,*,#3692,.T.);
#3692 = EDGE_CURVE('',#3685,#3693,#3695,.T.);
#3693 = VERTEX_POINT('',#3694);
#3694 = CARTESIAN_POINT('',(51.999999999999,19.65,-144.));
#3695 = CIRCLE('',#3696,4.);
#3696 = AXIS2_PLACEMENT_3D('',#3697,#3698,#3699);
#3697 = CARTESIAN_POINT('',(55.999999999999,19.65,-144.));
#3698 = DIRECTION('',(-0.,-0.,-1.));
#3699 = DIRECTION('',(0.,-1.,0.));
#3700 = ORIENTED_EDGE('',*,*,#3701,.F.);
#3701 = EDGE_CURVE('',#3702,#3693,#3704,.T.);
#3702 = VERTEX_POINT('',#3703);
#3703 = CARTESIAN_POINT('',(51.999999999999,27.65,-144.));
#3704 = LINE('',#3705,#3706);
#3705 = CARTESIAN_POINT('',(51.999999999999,31.65,-144.));
#3706 = VECTOR('',#3707,1.);
#3707 = DIRECTION('',(0.,-1.,0.));
#3708 = ORIENTED_EDGE('',*,*,#3709,.T.);
#3709 = EDGE_CURVE('',#3702,#3710,#3712,.T.);
#3710 = VERTEX_POINT('',#3711);
#3711 = CARTESIAN_POINT('',(47.999999999999,31.65,-144.));
#3712 = CIRCLE('',#3713,4.);
#3713 = AXIS2_PLACEMENT_3D('',#3714,#3715,#3716);
#3714 = CARTESIAN_POINT('',(47.999999999999,27.65,-144.));
#3715 = DIRECTION('',(-0.,0.,1.));
#3716 = DIRECTION('',(0.,-1.,0.));
#3717 = ORIENTED_EDGE('',*,*,#3718,.F.);
#3718 = EDGE_CURVE('',#3719,#3710,#3721,.T.);
#3719 = VERTEX_POINT('',#3720);
#3720 = CARTESIAN_POINT('',(38.999999999999,31.65,-144.));
#3721 = LINE('',#3722,#3723);
#3722 = CARTESIAN_POINT('',(34.999999999999,31.65,-144.));
#3723 = VECTOR('',#3724,1.);
#3724 = DIRECTION('',(1.,0.,0.));
#3725 = ORIENTED_EDGE('',*,*,#3726,.T.);
#3726 = EDGE_CURVE('',#3719,#3294,#3727,.T.);
#3727 = CIRCLE('',#3728,4.);
#3728 = AXIS2_PLACEMENT_3D('',#3729,#3730,#3731);
#3729 = CARTESIAN_POINT('',(38.999999999999,27.65,-144.));
#3730 = DIRECTION('',(-0.,0.,1.));
#3731 = DIRECTION('',(0.,-1.,0.));
#3732 = PLANE('',#3733);
#3733 = AXIS2_PLACEMENT_3D('',#3734,#3735,#3736);
#3734 = CARTESIAN_POINT('',(43.815556925606,34.790556925606,-144.));
#3735 = DIRECTION('',(-0.,-0.,-1.));
#3736 = DIRECTION('',(-1.,0.,0.));
#3737 = ADVANCED_FACE('',(#3738),#3749,.F.);
#3738 = FACE_BOUND('',#3739,.F.);
#3739 = EDGE_LOOP('',(#3740,#3741,#3742,#3743));
#3740 = ORIENTED_EDGE('',*,*,#3622,.T.);
#3741 = ORIENTED_EDGE('',*,*,#3238,.T.);
#3742 = ORIENTED_EDGE('',*,*,#3644,.F.);
#3743 = ORIENTED_EDGE('',*,*,#3744,.F.);
#3744 = EDGE_CURVE('',#3615,#3645,#3745,.T.);
#3745 = LINE('',#3746,#3747);
#3746 = CARTESIAN_POINT('',(30.,41.8,-127.6));
#3747 = VECTOR('',#3748,1.);
#3748 = DIRECTION('',(0.,0.,-1.));
#3749 = PLANE('',#3750);
#3750 = AXIS2_PLACEMENT_3D('',#3751,#3752,#3753);
#3751 = CARTESIAN_POINT('',(30.,41.8,-127.6));
#3752 = DIRECTION('',(1.,0.,0.));
#3753 = DIRECTION('',(0.,-2.2E-16,-1.));
#3754 = ADVANCED_FACE('',(#3755),#3774,.F.);
#3755 = FACE_BOUND('',#3756,.F.);
#3756 = EDGE_LOOP('',(#3757,#3758,#3759,#3768));
#3757 = ORIENTED_EDGE('',*,*,#3726,.T.);
#3758 = ORIENTED_EDGE('',*,*,#3301,.T.);
#3759 = ORIENTED_EDGE('',*,*,#3760,.F.);
#3760 = EDGE_CURVE('',#3761,#3302,#3763,.T.);
#3761 = VERTEX_POINT('',#3762);
#3762 = CARTESIAN_POINT('',(38.999999999999,31.65,-139.));
#3763 = CIRCLE('',#3764,4.);
#3764 = AXIS2_PLACEMENT_3D('',#3765,#3766,#3767);
#3765 = CARTESIAN_POINT('',(38.999999999999,27.65,-139.));
#3766 = DIRECTION('',(-0.,0.,1.));
#3767 = DIRECTION('',(0.,-1.,0.));
#3768 = ORIENTED_EDGE('',*,*,#3769,.F.);
#3769 = EDGE_CURVE('',#3719,#3761,#3770,.T.);
#3770 = LINE('',#3771,#3772);
#3771 = CARTESIAN_POINT('',(38.999999999999,31.65,-144.));
#3772 = VECTOR('',#3773,1.);
#3773 = DIRECTION('',(0.,0.,1.));
#3774 = CYLINDRICAL_SURFACE('',#3775,4.);
#3775 = AXIS2_PLACEMENT_3D('',#3776,#3777,#3778);
#3776 = CARTESIAN_POINT('',(38.999999999999,27.65,-144.));
#3777 = DIRECTION('',(0.,0.,1.));
#3778 = DIRECTION('',(0.,1.,0.));
#3779 = ADVANCED_FACE('',(#3780,#3843),#3854,.T.);
#3780 = FACE_BOUND('',#3781,.T.);
#3781 = EDGE_LOOP('',(#3782,#3790,#3791,#3792,#3793,#3794,#3802,#3811,
    #3819,#3828,#3836));
#3782 = ORIENTED_EDGE('',*,*,#3783,.F.);
#3783 = EDGE_CURVE('',#3376,#3784,#3786,.T.);
#3784 = VERTEX_POINT('',#3785);
#3785 = CARTESIAN_POINT('',(85.5,19.65,-139.));
#3786 = LINE('',#3787,#3788);
#3787 = CARTESIAN_POINT('',(85.5,41.8,-139.));
#3788 = VECTOR('',#3789,1.);
#3789 = DIRECTION('',(0.,-1.,2.2E-16));
#3790 = ORIENTED_EDGE('',*,*,#3375,.T.);
#3791 = ORIENTED_EDGE('',*,*,#3317,.T.);
#3792 = ORIENTED_EDGE('',*,*,#3309,.T.);
#3793 = ORIENTED_EDGE('',*,*,#3760,.F.);
#3794 = ORIENTED_EDGE('',*,*,#3795,.F.);
#3795 = EDGE_CURVE('',#3796,#3761,#3798,.T.);
#3796 = VERTEX_POINT('',#3797);
#3797 = CARTESIAN_POINT('',(47.999999999999,31.65,-139.));
#3798 = LINE('',#3799,#3800);
#3799 = CARTESIAN_POINT('',(47.624999999999,31.65,-139.));
#3800 = VECTOR('',#3801,1.);
#3801 = DIRECTION('',(-1.,0.,0.));
#3802 = ORIENTED_EDGE('',*,*,#3803,.F.);
#3803 = EDGE_CURVE('',#3804,#3796,#3806,.T.);
#3804 = VERTEX_POINT('',#3805);
#3805 = CARTESIAN_POINT('',(51.999999999999,27.65,-139.));
#3806 = CIRCLE('',#3807,4.);
#3807 = AXIS2_PLACEMENT_3D('',#3808,#3809,#3810);
#3808 = CARTESIAN_POINT('',(47.999999999999,27.65,-139.));
#3809 = DIRECTION('',(-0.,0.,1.));
#3810 = DIRECTION('',(0.,-1.,0.));
#3811 = ORIENTED_EDGE('',*,*,#3812,.F.);
#3812 = EDGE_CURVE('',#3813,#3804,#3815,.T.);
#3813 = VERTEX_POINT('',#3814);
#3814 = CARTESIAN_POINT('',(51.999999999999,19.65,-139.));
#3815 = LINE('',#3816,#3817);
#3816 = CARTESIAN_POINT('',(51.999999999999,30.1875,-139.));
#3817 = VECTOR('',#3818,1.);
#3818 = DIRECTION('',(0.,1.,0.));
#3819 = ORIENTED_EDGE('',*,*,#3820,.F.);
#3820 = EDGE_CURVE('',#3821,#3813,#3823,.T.);
#3821 = VERTEX_POINT('',#3822);
#3822 = CARTESIAN_POINT('',(55.999999999999,15.65,-139.));
#3823 = CIRCLE('',#3824,4.);
#3824 = AXIS2_PLACEMENT_3D('',#3825,#3826,#3827);
#3825 = CARTESIAN_POINT('',(55.999999999999,19.65,-139.));
#3826 = DIRECTION('',(-0.,-0.,-1.));
#3827 = DIRECTION('',(0.,-1.,0.));
#3828 = ORIENTED_EDGE('',*,*,#3829,.T.);
#3829 = EDGE_CURVE('',#3821,#3830,#3832,.T.);
#3830 = VERTEX_POINT('',#3831);
#3831 = CARTESIAN_POINT('',(81.5,15.65,-139.));
#3832 = LINE('',#3833,#3834);
#3833 = CARTESIAN_POINT('',(80.,15.65,-139.));
#3834 = VECTOR('',#3835,1.);
#3835 = DIRECTION('',(1.,0.,0.));
#3836 = ORIENTED_EDGE('',*,*,#3837,.F.);
#3837 = EDGE_CURVE('',#3784,#3830,#3838,.T.);
#3838 = CIRCLE('',#3839,4.);
#3839 = AXIS2_PLACEMENT_3D('',#3840,#3841,#3842);
#3840 = CARTESIAN_POINT('',(81.5,19.65,-139.));
#3841 = DIRECTION('',(-0.,-2.2E-16,-1.));
#3842 = DIRECTION('',(0.,-1.,2.2E-16));
#3843 = FACE_BOUND('',#3844,.T.);
#3844 = EDGE_LOOP('',(#3845));
#3845 = ORIENTED_EDGE('',*,*,#3846,.F.);
#3846 = EDGE_CURVE('',#3847,#3847,#3849,.T.);
#3847 = VERTEX_POINT('',#3848);
#3848 = CARTESIAN_POINT('',(72.1,21.65,-139.));
#3849 = CIRCLE('',#3850,5.1);
#3850 = AXIS2_PLACEMENT_3D('',#3851,#3852,#3853);
#3851 = CARTESIAN_POINT('',(67.,21.65,-139.));
#3852 = DIRECTION('',(0.,0.,1.));
#3853 = DIRECTION('',(1.,0.,0.));
#3854 = PLANE('',#3855);
#3855 = AXIS2_PLACEMENT_3D('',#3856,#3857,#3858);
#3856 = CARTESIAN_POINT('',(60.25,28.725,-139.));
#3857 = DIRECTION('',(0.,0.,1.));
#3858 = DIRECTION('',(1.,0.,0.));
#3859 = ADVANCED_FACE('',(#3860,#3896,#3907,#3918,#3929,#3940,#3951),
  #3962,.T.);
#3860 = FACE_BOUND('',#3861,.T.);
#3861 = EDGE_LOOP('',(#3862,#3870,#3879,#3887,#3894,#3895));
#3862 = ORIENTED_EDGE('',*,*,#3863,.F.);
#3863 = EDGE_CURVE('',#3864,#3384,#3866,.T.);
#3864 = VERTEX_POINT('',#3865);
#3865 = CARTESIAN_POINT('',(85.5,4.,0.));
#3866 = LINE('',#3867,#3868);
#3867 = CARTESIAN_POINT('',(85.5,0.,0.));
#3868 = VECTOR('',#3869,1.);
#3869 = DIRECTION('',(0.,1.,0.));
#3870 = ORIENTED_EDGE('',*,*,#3871,.T.);
#3871 = EDGE_CURVE('',#3864,#3872,#3874,.T.);
#3872 = VERTEX_POINT('',#3873);
#3873 = CARTESIAN_POINT('',(81.5,-1.E-15,0.));
#3874 = CIRCLE('',#3875,4.);
#3875 = AXIS2_PLACEMENT_3D('',#3876,#3877,#3878);
#3876 = CARTESIAN_POINT('',(81.5,4.,0.));
#3877 = DIRECTION('',(-0.,-0.,-1.));
#3878 = DIRECTION('',(0.,-1.,0.));
#3879 = ORIENTED_EDGE('',*,*,#3880,.F.);
#3880 = EDGE_CURVE('',#3881,#3872,#3883,.T.);
#3881 = VERTEX_POINT('',#3882);
#3882 = CARTESIAN_POINT('',(-1.5,-1.E-15,0.));
#3883 = LINE('',#3884,#3885);
#3884 = CARTESIAN_POINT('',(80.,0.,0.));
#3885 = VECTOR('',#3886,1.);
#3886 = DIRECTION('',(1.,0.,0.));
#3887 = ORIENTED_EDGE('',*,*,#3888,.F.);
#3888 = EDGE_CURVE('',#3525,#3881,#3889,.T.);
#3889 = CIRCLE('',#3890,4.);
#3890 = AXIS2_PLACEMENT_3D('',#3891,#3892,#3893);
#3891 = CARTESIAN_POINT('',(-1.5,4.,0.));
#3892 = DIRECTION('',(-0.,0.,1.));
#3893 = DIRECTION('',(0.,-1.,0.));
#3894 = ORIENTED_EDGE('',*,*,#3524,.F.);
#3895 = ORIENTED_EDGE('',*,*,#3391,.T.);
#3896 = FACE_BOUND('',#3897,.T.);
#3897 = EDGE_LOOP('',(#3898));
#3898 = ORIENTED_EDGE('',*,*,#3899,.T.);
#3899 = EDGE_CURVE('',#3900,#3900,#3902,.T.);
#3900 = VERTEX_POINT('',#3901);
#3901 = CARTESIAN_POINT('',(37.45,21.15,0.));
#3902 = CIRCLE('',#3903,16.3);
#3903 = AXIS2_PLACEMENT_3D('',#3904,#3905,#3906);
#3904 = CARTESIAN_POINT('',(21.15,21.15,0.));
#3905 = DIRECTION('',(0.,0.,1.));
#3906 = DIRECTION('',(1.,0.,0.));
#3907 = FACE_BOUND('',#3908,.T.);
#3908 = EDGE_LOOP('',(#3909));
#3909 = ORIENTED_EDGE('',*,*,#3910,.F.);
#3910 = EDGE_CURVE('',#3911,#3911,#3913,.T.);
#3911 = VERTEX_POINT('',#3912);
#3912 = CARTESIAN_POINT('',(72.1,21.65,0.));
#3913 = CIRCLE('',#3914,5.1);
#3914 = AXIS2_PLACEMENT_3D('',#3915,#3916,#3917);
#3915 = CARTESIAN_POINT('',(67.,21.65,0.));
#3916 = DIRECTION('',(0.,0.,-1.));
#3917 = DIRECTION('',(1.,0.,0.));
#3918 = FACE_BOUND('',#3919,.T.);
#3919 = EDGE_LOOP('',(#3920));
#3920 = ORIENTED_EDGE('',*,*,#3921,.T.);
#3921 = EDGE_CURVE('',#3922,#3922,#3924,.T.);
#3922 = VERTEX_POINT('',#3923);
#3923 = CARTESIAN_POINT('',(7.4,36.65,0.));
#3924 = CIRCLE('',#3925,1.75);
#3925 = AXIS2_PLACEMENT_3D('',#3926,#3927,#3928);
#3926 = CARTESIAN_POINT('',(5.65,36.65,0.));
#3927 = DIRECTION('',(0.,0.,1.));
#3928 = DIRECTION('',(1.,0.,0.));
#3929 = FACE_BOUND('',#3930,.T.);
#3930 = EDGE_LOOP('',(#3931));
#3931 = ORIENTED_EDGE('',*,*,#3932,.T.);
#3932 = EDGE_CURVE('',#3933,#3933,#3935,.T.);
#3933 = VERTEX_POINT('',#3934);
#3934 = CARTESIAN_POINT('',(38.4,36.65,0.));
#3935 = CIRCLE('',#3936,1.75);
#3936 = AXIS2_PLACEMENT_3D('',#3937,#3938,#3939);
#3937 = CARTESIAN_POINT('',(36.65,36.65,0.));
#3938 = DIRECTION('',(0.,0.,1.));
#3939 = DIRECTION('',(1.,0.,0.));
#3940 = FACE_BOUND('',#3941,.T.);
#3941 = EDGE_LOOP('',(#3942));
#3942 = ORIENTED_EDGE('',*,*,#3943,.T.);
#3943 = EDGE_CURVE('',#3944,#3944,#3946,.T.);
#3944 = VERTEX_POINT('',#3945);
#3945 = CARTESIAN_POINT('',(7.4,5.65,0.));
#3946 = CIRCLE('',#3947,1.75);
#3947 = AXIS2_PLACEMENT_3D('',#3948,#3949,#3950);
#3948 = CARTESIAN_POINT('',(5.65,5.65,0.));
#3949 = DIRECTION('',(0.,0.,1.));
#3950 = DIRECTION('',(1.,0.,0.));
#3951 = FACE_BOUND('',#3952,.T.);
#3952 = EDGE_LOOP('',(#3953));
#3953 = ORIENTED_EDGE('',*,*,#3954,.T.);
#3954 = EDGE_CURVE('',#3955,#3955,#3957,.T.);
#3955 = VERTEX_POINT('',#3956);
#3956 = CARTESIAN_POINT('',(38.4,5.65,0.));
#3957 = CIRCLE('',#3958,1.75);
#3958 = AXIS2_PLACEMENT_3D('',#3959,#3960,#3961);
#3959 = CARTESIAN_POINT('',(36.65,5.65,0.));
#3960 = DIRECTION('',(0.,0.,1.));
#3961 = DIRECTION('',(1.,0.,0.));
#3962 = PLANE('',#3963);
#3963 = AXIS2_PLACEMENT_3D('',#3964,#3965,#3966);
#3964 = CARTESIAN_POINT('',(40.,20.9,0.));
#3965 = DIRECTION('',(-0.,-0.,-1.));
#3966 = DIRECTION('',(-1.,0.,0.));
#3967 = ADVANCED_FACE('',(#3968),#4002,.T.);
#3968 = FACE_BOUND('',#3969,.T.);
#3969 = EDGE_LOOP('',(#3970,#3971,#3972,#3973,#3979,#3980,#3988,#3996));
#3970 = ORIENTED_EDGE('',*,*,#3863,.T.);
#3971 = ORIENTED_EDGE('',*,*,#3383,.T.);
#3972 = ORIENTED_EDGE('',*,*,#3783,.T.);
#3973 = ORIENTED_EDGE('',*,*,#3974,.F.);
#3974 = EDGE_CURVE('',#3668,#3784,#3975,.T.);
#3975 = LINE('',#3976,#3977);
#3976 = CARTESIAN_POINT('',(85.5,19.65,-144.));
#3977 = VECTOR('',#3978,1.);
#3978 = DIRECTION('',(0.,2.2E-16,1.));
#3979 = ORIENTED_EDGE('',*,*,#3667,.F.);
#3980 = ORIENTED_EDGE('',*,*,#3981,.F.);
#3981 = EDGE_CURVE('',#3982,#3660,#3984,.T.);
#3982 = VERTEX_POINT('',#3983);
#3983 = CARTESIAN_POINT('',(85.5,46.3,5.));
#3984 = LINE('',#3985,#3986);
#3985 = CARTESIAN_POINT('',(85.5,46.3,0.));
#3986 = VECTOR('',#3987,1.);
#3987 = DIRECTION('',(0.,0.,-1.));
#3988 = ORIENTED_EDGE('',*,*,#3989,.F.);
#3989 = EDGE_CURVE('',#3990,#3982,#3992,.T.);
#3990 = VERTEX_POINT('',#3991);
#3991 = CARTESIAN_POINT('',(85.5,4.,5.));
#3992 = LINE('',#3993,#3994);
#3993 = CARTESIAN_POINT('',(85.5,0.,5.));
#3994 = VECTOR('',#3995,1.);
#3995 = DIRECTION('',(0.,1.,0.));
#3996 = ORIENTED_EDGE('',*,*,#3997,.F.);
#3997 = EDGE_CURVE('',#3864,#3990,#3998,.T.);
#3998 = LINE('',#3999,#4000);
#3999 = CARTESIAN_POINT('',(85.5,4.,0.));
#4000 = VECTOR('',#4001,1.);
#4001 = DIRECTION('',(0.,0.,1.));
#4002 = PLANE('',#4003);
#4003 = AXIS2_PLACEMENT_3D('',#4004,#4005,#4006);
#4004 = CARTESIAN_POINT('',(85.5,37.103539173628,-64.41171822081));
#4005 = DIRECTION('',(1.,0.,0.));
#4006 = DIRECTION('',(0.,0.,1.));
#4007 = ADVANCED_FACE('',(#4008),#4027,.F.);
#4008 = FACE_BOUND('',#4009,.F.);
#4009 = EDGE_LOOP('',(#4010,#4019,#4025,#4026));
#4010 = ORIENTED_EDGE('',*,*,#4011,.F.);
#4011 = EDGE_CURVE('',#4012,#4012,#4014,.T.);
#4012 = VERTEX_POINT('',#4013);
#4013 = CARTESIAN_POINT('',(2.99999999995,46.3,-27.6));
#4014 = CIRCLE('',#4015,2.6);
#4015 = AXIS2_PLACEMENT_3D('',#4016,#4017,#4018);
#4016 = CARTESIAN_POINT('',(5.59999999995,46.3,-27.6));
#4017 = DIRECTION('',(0.,1.,-0.));
#4018 = DIRECTION('',(-1.,0.,0.));
#4019 = ORIENTED_EDGE('',*,*,#4020,.T.);
#4020 = EDGE_CURVE('',#4012,#3400,#4021,.T.);
#4021 = LINE('',#4022,#4023);
#4022 = CARTESIAN_POINT('',(2.99999999995,46.3,-27.6));
#4023 = VECTOR('',#4024,1.);
#4024 = DIRECTION('',(0.,-1.,2.2E-16));
#4025 = ORIENTED_EDGE('',*,*,#3399,.T.);
#4026 = ORIENTED_EDGE('',*,*,#4020,.F.);
#4027 = CYLINDRICAL_SURFACE('',#4028,2.6);
#4028 = AXIS2_PLACEMENT_3D('',#4029,#4030,#4031);
#4029 = CARTESIAN_POINT('',(5.59999999995,46.3,-27.6));
#4030 = DIRECTION('',(0.,1.,-2.2E-16));
#4031 = DIRECTION('',(-1.,0.,0.));
#4032 = ADVANCED_FACE('',(#4033),#4052,.F.);
#4033 = FACE_BOUND('',#4034,.F.);
#4034 = EDGE_LOOP('',(#4035,#4044,#4050,#4051));
#4035 = ORIENTED_EDGE('',*,*,#4036,.F.);
#4036 = EDGE_CURVE('',#4037,#4037,#4039,.T.);
#4037 = VERTEX_POINT('',#4038);
#4038 = CARTESIAN_POINT('',(2.99999999995,46.3,-87.4));
#4039 = CIRCLE('',#4040,2.6);
#4040 = AXIS2_PLACEMENT_3D('',#4041,#4042,#4043);
#4041 = CARTESIAN_POINT('',(5.59999999995,46.3,-87.4));
#4042 = DIRECTION('',(0.,1.,-0.));
#4043 = DIRECTION('',(-1.,0.,0.));
#4044 = ORIENTED_EDGE('',*,*,#4045,.T.);
#4045 = EDGE_CURVE('',#4037,#3411,#4046,.T.);
#4046 = LINE('',#4047,#4048);
#4047 = CARTESIAN_POINT('',(2.99999999995,46.3,-87.4));
#4048 = VECTOR('',#4049,1.);
#4049 = DIRECTION('',(0.,-1.,2.2E-16));
#4050 = ORIENTED_EDGE('',*,*,#3410,.T.);
#4051 = ORIENTED_EDGE('',*,*,#4045,.F.);
#4052 = CYLINDRICAL_SURFACE('',#4053,2.6);
#4053 = AXIS2_PLACEMENT_3D('',#4054,#4055,#4056);
#4054 = CARTESIAN_POINT('',(5.59999999995,46.3,-87.4));
#4055 = DIRECTION('',(0.,1.,-2.2E-16));
#4056 = DIRECTION('',(-1.,0.,0.));
#4057 = ADVANCED_FACE('',(#4058),#4077,.F.);
#4058 = FACE_BOUND('',#4059,.F.);
#4059 = EDGE_LOOP('',(#4060,#4069,#4075,#4076));
#4060 = ORIENTED_EDGE('',*,*,#4061,.F.);
#4061 = EDGE_CURVE('',#4062,#4062,#4064,.T.);
#4062 = VERTEX_POINT('',#4063);
#4063 = CARTESIAN_POINT('',(71.79999999995,46.3,-27.6));
#4064 = CIRCLE('',#4065,2.6);
#4065 = AXIS2_PLACEMENT_3D('',#4066,#4067,#4068);
#4066 = CARTESIAN_POINT('',(74.39999999995,46.3,-27.6));
#4067 = DIRECTION('',(0.,1.,-0.));
#4068 = DIRECTION('',(-1.,0.,0.));
#4069 = ORIENTED_EDGE('',*,*,#4070,.T.);
#4070 = EDGE_CURVE('',#4062,#3422,#4071,.T.);
#4071 = LINE('',#4072,#4073);
#4072 = CARTESIAN_POINT('',(71.79999999995,46.3,-27.6));
#4073 = VECTOR('',#4074,1.);
#4074 = DIRECTION('',(0.,-1.,2.2E-16));
#4075 = ORIENTED_EDGE('',*,*,#3421,.T.);
#4076 = ORIENTED_EDGE('',*,*,#4070,.F.);
#4077 = CYLINDRICAL_SURFACE('',#4078,2.6);
#4078 = AXIS2_PLACEMENT_3D('',#4079,#4080,#4081);
#4079 = CARTESIAN_POINT('',(74.39999999995,46.3,-27.6));
#4080 = DIRECTION('',(0.,1.,-2.2E-16));
#4081 = DIRECTION('',(-1.,0.,0.));
#4082 = ADVANCED_FACE('',(#4083),#4102,.F.);
#4083 = FACE_BOUND('',#4084,.F.);
#4084 = EDGE_LOOP('',(#4085,#4094,#4100,#4101));
#4085 = ORIENTED_EDGE('',*,*,#4086,.F.);
#4086 = EDGE_CURVE('',#4087,#4087,#4089,.T.);
#4087 = VERTEX_POINT('',#4088);
#4088 = CARTESIAN_POINT('',(71.79999999995,46.3,-87.4));
#4089 = CIRCLE('',#4090,2.6);
#4090 = AXIS2_PLACEMENT_3D('',#4091,#4092,#4093);
#4091 = CARTESIAN_POINT('',(74.39999999995,46.3,-87.4));
#4092 = DIRECTION('',(0.,1.,-0.));
#4093 = DIRECTION('',(-1.,0.,0.));
#4094 = ORIENTED_EDGE('',*,*,#4095,.T.);
#4095 = EDGE_CURVE('',#4087,#3433,#4096,.T.);
#4096 = LINE('',#4097,#4098);
#4097 = CARTESIAN_POINT('',(71.79999999995,46.3,-87.4));
#4098 = VECTOR('',#4099,1.);
#4099 = DIRECTION('',(0.,-1.,2.2E-16));
#4100 = ORIENTED_EDGE('',*,*,#3432,.T.);
#4101 = ORIENTED_EDGE('',*,*,#4095,.F.);
#4102 = CYLINDRICAL_SURFACE('',#4103,2.6);
#4103 = AXIS2_PLACEMENT_3D('',#4104,#4105,#4106);
#4104 = CARTESIAN_POINT('',(74.39999999995,46.3,-87.4));
#4105 = DIRECTION('',(0.,1.,-2.2E-16));
#4106 = DIRECTION('',(-1.,0.,0.));
#4107 = ADVANCED_FACE('',(#4108,#4142,#4153,#4164,#4175,#4186,#4197),
  #4208,.T.);
#4108 = FACE_BOUND('',#4109,.T.);
#4109 = EDGE_LOOP('',(#4110,#4111,#4120,#4128,#4135,#4136));
#4110 = ORIENTED_EDGE('',*,*,#3474,.T.);
#4111 = ORIENTED_EDGE('',*,*,#4112,.T.);
#4112 = EDGE_CURVE('',#3477,#4113,#4115,.T.);
#4113 = VERTEX_POINT('',#4114);
#4114 = CARTESIAN_POINT('',(-1.5,-1.E-15,5.));
#4115 = CIRCLE('',#4116,4.);
#4116 = AXIS2_PLACEMENT_3D('',#4117,#4118,#4119);
#4117 = CARTESIAN_POINT('',(-1.5,4.,5.));
#4118 = DIRECTION('',(-0.,0.,1.));
#4119 = DIRECTION('',(0.,-1.,0.));
#4120 = ORIENTED_EDGE('',*,*,#4121,.T.);
#4121 = EDGE_CURVE('',#4113,#4122,#4124,.T.);
#4122 = VERTEX_POINT('',#4123);
#4123 = CARTESIAN_POINT('',(81.5,-1.E-15,5.));
#4124 = LINE('',#4125,#4126);
#4125 = CARTESIAN_POINT('',(80.,0.,5.));
#4126 = VECTOR('',#4127,1.);
#4127 = DIRECTION('',(1.,0.,0.));
#4128 = ORIENTED_EDGE('',*,*,#4129,.F.);
#4129 = EDGE_CURVE('',#3990,#4122,#4130,.T.);
#4130 = CIRCLE('',#4131,4.);
#4131 = AXIS2_PLACEMENT_3D('',#4132,#4133,#4134);
#4132 = CARTESIAN_POINT('',(81.5,4.,5.));
#4133 = DIRECTION('',(-0.,-0.,-1.));
#4134 = DIRECTION('',(0.,-1.,0.));
#4135 = ORIENTED_EDGE('',*,*,#3989,.T.);
#4136 = ORIENTED_EDGE('',*,*,#4137,.T.);
#4137 = EDGE_CURVE('',#3982,#3475,#4138,.T.);
#4138 = LINE('',#4139,#4140);
#4139 = CARTESIAN_POINT('',(0.,46.3,5.));
#4140 = VECTOR('',#4141,1.);
#4141 = DIRECTION('',(-1.,-0.,-0.));
#4142 = FACE_BOUND('',#4143,.T.);
#4143 = EDGE_LOOP('',(#4144));
#4144 = ORIENTED_EDGE('',*,*,#4145,.F.);
#4145 = EDGE_CURVE('',#4146,#4146,#4148,.T.);
#4146 = VERTEX_POINT('',#4147);
#4147 = CARTESIAN_POINT('',(37.45,21.15,5.));
#4148 = CIRCLE('',#4149,16.3);
#4149 = AXIS2_PLACEMENT_3D('',#4150,#4151,#4152);
#4150 = CARTESIAN_POINT('',(21.15,21.15,5.));
#4151 = DIRECTION('',(0.,0.,1.));
#4152 = DIRECTION('',(1.,0.,0.));
#4153 = FACE_BOUND('',#4154,.T.);
#4154 = EDGE_LOOP('',(#4155));
#4155 = ORIENTED_EDGE('',*,*,#4156,.T.);
#4156 = EDGE_CURVE('',#4157,#4157,#4159,.T.);
#4157 = VERTEX_POINT('',#4158);
#4158 = CARTESIAN_POINT('',(72.1,21.65,5.));
#4159 = CIRCLE('',#4160,5.1);
#4160 = AXIS2_PLACEMENT_3D('',#4161,#4162,#4163);
#4161 = CARTESIAN_POINT('',(67.,21.65,5.));
#4162 = DIRECTION('',(0.,0.,-1.));
#4163 = DIRECTION('',(1.,0.,0.));
#4164 = FACE_BOUND('',#4165,.T.);
#4165 = EDGE_LOOP('',(#4166));
#4166 = ORIENTED_EDGE('',*,*,#4167,.F.);
#4167 = EDGE_CURVE('',#4168,#4168,#4170,.T.);
#4168 = VERTEX_POINT('',#4169);
#4169 = CARTESIAN_POINT('',(7.4,36.65,5.));
#4170 = CIRCLE('',#4171,1.75);
#4171 = AXIS2_PLACEMENT_3D('',#4172,#4173,#4174);
#4172 = CARTESIAN_POINT('',(5.65,36.65,5.));
#4173 = DIRECTION('',(0.,0.,1.));
#4174 = DIRECTION('',(1.,0.,0.));
#4175 = FACE_BOUND('',#4176,.T.);
#4176 = EDGE_LOOP('',(#4177));
#4177 = ORIENTED_EDGE('',*,*,#4178,.F.);
#4178 = EDGE_CURVE('',#4179,#4179,#4181,.T.);
#4179 = VERTEX_POINT('',#4180);
#4180 = CARTESIAN_POINT('',(38.4,36.65,5.));
#4181 = CIRCLE('',#4182,1.75);
#4182 = AXIS2_PLACEMENT_3D('',#4183,#4184,#4185);
#4183 = CARTESIAN_POINT('',(36.65,36.65,5.));
#4184 = DIRECTION('',(0.,0.,1.));
#4185 = DIRECTION('',(1.,0.,0.));
#4186 = FACE_BOUND('',#4187,.T.);
#4187 = EDGE_LOOP('',(#4188));
#4188 = ORIENTED_EDGE('',*,*,#4189,.F.);
#4189 = EDGE_CURVE('',#4190,#4190,#4192,.T.);
#4190 = VERTEX_POINT('',#4191);
#4191 = CARTESIAN_POINT('',(7.4,5.65,5.));
#4192 = CIRCLE('',#4193,1.75);
#4193 = AXIS2_PLACEMENT_3D('',#4194,#4195,#4196);
#4194 = CARTESIAN_POINT('',(5.65,5.65,5.));
#4195 = DIRECTION('',(0.,0.,1.));
#4196 = DIRECTION('',(1.,0.,0.));
#4197 = FACE_BOUND('',#4198,.T.);
#4198 = EDGE_LOOP('',(#4199));
#4199 = ORIENTED_EDGE('',*,*,#4200,.F.);
#4200 = EDGE_CURVE('',#4201,#4201,#4203,.T.);
#4201 = VERTEX_POINT('',#4202);
#4202 = CARTESIAN_POINT('',(38.4,5.65,5.));
#4203 = CIRCLE('',#4204,1.75);
#4204 = AXIS2_PLACEMENT_3D('',#4205,#4206,#4207);
#4205 = CARTESIAN_POINT('',(36.65,5.65,5.));
#4206 = DIRECTION('',(0.,0.,1.));
#4207 = DIRECTION('',(1.,0.,0.));
#4208 = PLANE('',#4209);
#4209 = AXIS2_PLACEMENT_3D('',#4210,#4211,#4212);
#4210 = CARTESIAN_POINT('',(40.,23.15,5.));
#4211 = DIRECTION('',(0.,0.,1.));
#4212 = DIRECTION('',(1.,0.,0.));
#4213 = ADVANCED_FACE('',(#4214),#4225,.T.);
#4214 = FACE_BOUND('',#4215,.T.);
#4215 = EDGE_LOOP('',(#4216,#4217,#4223,#4224));
#4216 = ORIENTED_EDGE('',*,*,#3888,.T.);
#4217 = ORIENTED_EDGE('',*,*,#4218,.T.);
#4218 = EDGE_CURVE('',#3881,#4113,#4219,.T.);
#4219 = LINE('',#4220,#4221);
#4220 = CARTESIAN_POINT('',(-1.5,-8.9E-16,0.));
#4221 = VECTOR('',#4222,1.);
#4222 = DIRECTION('',(0.,0.,1.));
#4223 = ORIENTED_EDGE('',*,*,#4112,.F.);
#4224 = ORIENTED_EDGE('',*,*,#3532,.F.);
#4225 = CYLINDRICAL_SURFACE('',#4226,4.);
#4226 = AXIS2_PLACEMENT_3D('',#4227,#4228,#4229);
#4227 = CARTESIAN_POINT('',(-1.5,4.,0.));
#4228 = DIRECTION('',(0.,0.,1.));
#4229 = DIRECTION('',(-1.,0.,0.));
#4230 = ADVANCED_FACE('',(#4231,#4237,#4240,#4243,#4246),#4249,.T.);
#4231 = FACE_BOUND('',#4232,.T.);
#4232 = EDGE_LOOP('',(#4233,#4234,#4235,#4236));
#4233 = ORIENTED_EDGE('',*,*,#3659,.T.);
#4234 = ORIENTED_EDGE('',*,*,#3484,.T.);
#4235 = ORIENTED_EDGE('',*,*,#4137,.F.);
#4236 = ORIENTED_EDGE('',*,*,#3981,.T.);
#4237 = FACE_BOUND('',#4238,.T.);
#4238 = EDGE_LOOP('',(#4239));
#4239 = ORIENTED_EDGE('',*,*,#4036,.F.);
#4240 = FACE_BOUND('',#4241,.T.);
#4241 = EDGE_LOOP('',(#4242));
#4242 = ORIENTED_EDGE('',*,*,#4011,.F.);
#4243 = FACE_BOUND('',#4244,.T.);
#4244 = EDGE_LOOP('',(#4245));
#4245 = ORIENTED_EDGE('',*,*,#4086,.F.);
#4246 = FACE_BOUND('',#4247,.T.);
#4247 = EDGE_LOOP('',(#4248));
#4248 = ORIENTED_EDGE('',*,*,#4061,.F.);
#4249 = PLANE('',#4250);
#4250 = AXIS2_PLACEMENT_3D('',#4251,#4252,#4253);
#4251 = CARTESIAN_POINT('',(40.,46.3,-69.5));
#4252 = DIRECTION('',(0.,1.,0.));
#4253 = DIRECTION('',(0.,0.,1.));
#4254 = ADVANCED_FACE('',(#4255),#4261,.T.);
#4255 = FACE_BOUND('',#4256,.T.);
#4256 = EDGE_LOOP('',(#4257,#4258,#4259,#4260));
#4257 = ORIENTED_EDGE('',*,*,#3744,.F.);
#4258 = ORIENTED_EDGE('',*,*,#3614,.F.);
#4259 = ORIENTED_EDGE('',*,*,#3500,.T.);
#4260 = ORIENTED_EDGE('',*,*,#3652,.F.);
#4261 = PLANE('',#4262);
#4262 = AXIS2_PLACEMENT_3D('',#4263,#4264,#4265);
#4263 = CARTESIAN_POINT('',(12.25,41.8,-135.8));
#4264 = DIRECTION('',(-3.1E-16,-1.,-1.19E-15));
#4265 = DIRECTION('',(0.,1.19E-15,-1.));
#4266 = ADVANCED_FACE('',(#4267),#4270,.T.);
#4267 = FACE_BOUND('',#4268,.T.);
#4268 = EDGE_LOOP('',(#4269));
#4269 = ORIENTED_EDGE('',*,*,#3596,.T.);
#4270 = PLANE('',#4271);
#4271 = AXIS2_PLACEMENT_3D('',#4272,#4273,#4274);
#4272 = CARTESIAN_POINT('',(21.11,21.15,-125.6));
#4273 = DIRECTION('',(0.,0.,1.));
#4274 = DIRECTION('',(1.,0.,0.));
#4275 = ADVANCED_FACE('',(#4276),#4287,.F.);
#4276 = FACE_BOUND('',#4277,.F.);
#4277 = EDGE_LOOP('',(#4278,#4279,#4280,#4281));
#4278 = ORIENTED_EDGE('',*,*,#3718,.F.);
#4279 = ORIENTED_EDGE('',*,*,#3769,.T.);
#4280 = ORIENTED_EDGE('',*,*,#3795,.F.);
#4281 = ORIENTED_EDGE('',*,*,#4282,.F.);
#4282 = EDGE_CURVE('',#3710,#3796,#4283,.T.);
#4283 = LINE('',#4284,#4285);
#4284 = CARTESIAN_POINT('',(47.999999999999,31.65,-144.));
#4285 = VECTOR('',#4286,1.);
#4286 = DIRECTION('',(0.,0.,1.));
#4287 = PLANE('',#4288);
#4288 = AXIS2_PLACEMENT_3D('',#4289,#4290,#4291);
#4289 = CARTESIAN_POINT('',(34.999999999999,31.65,-144.));
#4290 = DIRECTION('',(0.,1.,0.));
#4291 = DIRECTION('',(1.,0.,0.));
#4292 = ADVANCED_FACE('',(#4293),#4304,.F.);
#4293 = FACE_BOUND('',#4294,.F.);
#4294 = EDGE_LOOP('',(#4295,#4296,#4297,#4298));
#4295 = ORIENTED_EDGE('',*,*,#3709,.T.);
#4296 = ORIENTED_EDGE('',*,*,#4282,.T.);
#4297 = ORIENTED_EDGE('',*,*,#3803,.F.);
#4298 = ORIENTED_EDGE('',*,*,#4299,.F.);
#4299 = EDGE_CURVE('',#3702,#3804,#4300,.T.);
#4300 = LINE('',#4301,#4302);
#4301 = CARTESIAN_POINT('',(51.999999999999,27.65,-144.));
#4302 = VECTOR('',#4303,1.);
#4303 = DIRECTION('',(0.,0.,1.));
#4304 = CYLINDRICAL_SURFACE('',#4305,4.);
#4305 = AXIS2_PLACEMENT_3D('',#4306,#4307,#4308);
#4306 = CARTESIAN_POINT('',(47.999999999999,27.65,-144.));
#4307 = DIRECTION('',(0.,0.,1.));
#4308 = DIRECTION('',(1.,0.,-0.));
#4309 = ADVANCED_FACE('',(#4310),#4321,.F.);
#4310 = FACE_BOUND('',#4311,.F.);
#4311 = EDGE_LOOP('',(#4312,#4313,#4314,#4315));
#4312 = ORIENTED_EDGE('',*,*,#3701,.F.);
#4313 = ORIENTED_EDGE('',*,*,#4299,.T.);
#4314 = ORIENTED_EDGE('',*,*,#3812,.F.);
#4315 = ORIENTED_EDGE('',*,*,#4316,.F.);
#4316 = EDGE_CURVE('',#3693,#3813,#4317,.T.);
#4317 = LINE('',#4318,#4319);
#4318 = CARTESIAN_POINT('',(51.999999999999,19.65,-144.));
#4319 = VECTOR('',#4320,1.);
#4320 = DIRECTION('',(0.,0.,1.));
#4321 = PLANE('',#4322);
#4322 = AXIS2_PLACEMENT_3D('',#4323,#4324,#4325);
#4323 = CARTESIAN_POINT('',(51.999999999999,31.65,-144.));
#4324 = DIRECTION('',(1.,0.,0.));
#4325 = DIRECTION('',(0.,-1.,0.));
#4326 = ADVANCED_FACE('',(#4327),#4338,.T.);
#4327 = FACE_BOUND('',#4328,.F.);
#4328 = EDGE_LOOP('',(#4329,#4330,#4331,#4332));
#4329 = ORIENTED_EDGE('',*,*,#3692,.T.);
#4330 = ORIENTED_EDGE('',*,*,#4316,.T.);
#4331 = ORIENTED_EDGE('',*,*,#3820,.F.);
#4332 = ORIENTED_EDGE('',*,*,#4333,.F.);
#4333 = EDGE_CURVE('',#3685,#3821,#4334,.T.);
#4334 = LINE('',#4335,#4336);
#4335 = CARTESIAN_POINT('',(55.999999999999,15.65,-144.));
#4336 = VECTOR('',#4337,1.);
#4337 = DIRECTION('',(0.,0.,1.));
#4338 = CYLINDRICAL_SURFACE('',#4339,4.);
#4339 = AXIS2_PLACEMENT_3D('',#4340,#4341,#4342);
#4340 = CARTESIAN_POINT('',(55.999999999999,19.65,-144.));
#4341 = DIRECTION('',(0.,0.,1.));
#4342 = DIRECTION('',(0.,-1.,0.));
#4343 = ADVANCED_FACE('',(#4344),#4355,.T.);
#4344 = FACE_BOUND('',#4345,.T.);
#4345 = EDGE_LOOP('',(#4346,#4347,#4348,#4349));
#4346 = ORIENTED_EDGE('',*,*,#3829,.F.);
#4347 = ORIENTED_EDGE('',*,*,#4333,.F.);
#4348 = ORIENTED_EDGE('',*,*,#3684,.T.);
#4349 = ORIENTED_EDGE('',*,*,#4350,.T.);
#4350 = EDGE_CURVE('',#3676,#3830,#4351,.T.);
#4351 = LINE('',#4352,#4353);
#4352 = CARTESIAN_POINT('',(81.5,15.65,-144.));
#4353 = VECTOR('',#4354,1.);
#4354 = DIRECTION('',(0.,2.2E-16,1.));
#4355 = PLANE('',#4356);
#4356 = AXIS2_PLACEMENT_3D('',#4357,#4358,#4359);
#4357 = CARTESIAN_POINT('',(38.905693950178,15.65,-134.3943060498));
#4358 = DIRECTION('',(0.,-1.,2.4E-16));
#4359 = DIRECTION('',(0.,-2.4E-16,-1.));
#4360 = ADVANCED_FACE('',(#4361),#4367,.T.);
#4361 = FACE_BOUND('',#4362,.F.);
#4362 = EDGE_LOOP('',(#4363,#4364,#4365,#4366));
#4363 = ORIENTED_EDGE('',*,*,#3675,.T.);
#4364 = ORIENTED_EDGE('',*,*,#4350,.T.);
#4365 = ORIENTED_EDGE('',*,*,#3837,.F.);
#4366 = ORIENTED_EDGE('',*,*,#3974,.F.);
#4367 = CYLINDRICAL_SURFACE('',#4368,4.);
#4368 = AXIS2_PLACEMENT_3D('',#4369,#4370,#4371);
#4369 = CARTESIAN_POINT('',(81.5,19.65,-144.));
#4370 = DIRECTION('',(0.,2.2E-16,1.));
#4371 = DIRECTION('',(1.,0.,-0.));
#4372 = ADVANCED_FACE('',(#4373),#4392,.F.);
#4373 = FACE_BOUND('',#4374,.F.);
#4374 = EDGE_LOOP('',(#4375,#4383,#4390,#4391));
#4375 = ORIENTED_EDGE('',*,*,#4376,.T.);
#4376 = EDGE_CURVE('',#3847,#4377,#4379,.T.);
#4377 = VERTEX_POINT('',#4378);
#4378 = CARTESIAN_POINT('',(72.1,21.65,-142.));
#4379 = LINE('',#4380,#4381);
#4380 = CARTESIAN_POINT('',(72.1,21.65,-139.));
#4381 = VECTOR('',#4382,1.);
#4382 = DIRECTION('',(-0.,-0.,-1.));
#4383 = ORIENTED_EDGE('',*,*,#4384,.T.);
#4384 = EDGE_CURVE('',#4377,#4377,#4385,.T.);
#4385 = CIRCLE('',#4386,5.1);
#4386 = AXIS2_PLACEMENT_3D('',#4387,#4388,#4389);
#4387 = CARTESIAN_POINT('',(67.,21.65,-142.));
#4388 = DIRECTION('',(0.,0.,1.));
#4389 = DIRECTION('',(1.,0.,0.));
#4390 = ORIENTED_EDGE('',*,*,#4376,.F.);
#4391 = ORIENTED_EDGE('',*,*,#3846,.F.);
#4392 = CYLINDRICAL_SURFACE('',#4393,5.1);
#4393 = AXIS2_PLACEMENT_3D('',#4394,#4395,#4396);
#4394 = CARTESIAN_POINT('',(67.,21.65,-139.));
#4395 = DIRECTION('',(0.,0.,1.));
#4396 = DIRECTION('',(1.,0.,0.));
#4397 = ADVANCED_FACE('',(#4398),#4409,.T.);
#4398 = FACE_BOUND('',#4399,.F.);
#4399 = EDGE_LOOP('',(#4400,#4401,#4407,#4408));
#4400 = ORIENTED_EDGE('',*,*,#3871,.T.);
#4401 = ORIENTED_EDGE('',*,*,#4402,.T.);
#4402 = EDGE_CURVE('',#3872,#4122,#4403,.T.);
#4403 = LINE('',#4404,#4405);
#4404 = CARTESIAN_POINT('',(81.5,-8.9E-16,0.));
#4405 = VECTOR('',#4406,1.);
#4406 = DIRECTION('',(0.,0.,1.));
#4407 = ORIENTED_EDGE('',*,*,#4129,.F.);
#4408 = ORIENTED_EDGE('',*,*,#3997,.F.);
#4409 = CYLINDRICAL_SURFACE('',#4410,4.);
#4410 = AXIS2_PLACEMENT_3D('',#4411,#4412,#4413);
#4411 = CARTESIAN_POINT('',(81.5,4.,0.));
#4412 = DIRECTION('',(0.,0.,1.));
#4413 = DIRECTION('',(1.,0.,-0.));
#4414 = ADVANCED_FACE('',(#4415),#4421,.T.);
#4415 = FACE_BOUND('',#4416,.T.);
#4416 = EDGE_LOOP('',(#4417,#4418,#4419,#4420));
#4417 = ORIENTED_EDGE('',*,*,#3880,.T.);
#4418 = ORIENTED_EDGE('',*,*,#4402,.T.);
#4419 = ORIENTED_EDGE('',*,*,#4121,.F.);
#4420 = ORIENTED_EDGE('',*,*,#4218,.F.);
#4421 = PLANE('',#4422);
#4422 = AXIS2_PLACEMENT_3D('',#4423,#4424,#4425);
#4423 = CARTESIAN_POINT('',(40.,0.,2.5));
#4424 = DIRECTION('',(-0.,-1.,-0.));
#4425 = DIRECTION('',(0.,0.,-1.));
#4426 = ADVANCED_FACE('',(#4427),#4438,.F.);
#4427 = FACE_BOUND('',#4428,.T.);
#4428 = EDGE_LOOP('',(#4429,#4435,#4436,#4437));
#4429 = ORIENTED_EDGE('',*,*,#4430,.T.);
#4430 = EDGE_CURVE('',#3900,#4146,#4431,.T.);
#4431 = LINE('',#4432,#4433);
#4432 = CARTESIAN_POINT('',(37.45,21.15,0.));
#4433 = VECTOR('',#4434,1.);
#4434 = DIRECTION('',(0.,0.,1.));
#4435 = ORIENTED_EDGE('',*,*,#4145,.T.);
#4436 = ORIENTED_EDGE('',*,*,#4430,.F.);
#4437 = ORIENTED_EDGE('',*,*,#3899,.F.);
#4438 = CYLINDRICAL_SURFACE('',#4439,16.3);
#4439 = AXIS2_PLACEMENT_3D('',#4440,#4441,#4442);
#4440 = CARTESIAN_POINT('',(21.15,21.15,0.));
#4441 = DIRECTION('',(-0.,-0.,-1.));
#4442 = DIRECTION('',(1.,0.,0.));
#4443 = ADVANCED_FACE('',(#4444),#4455,.F.);
#4444 = FACE_BOUND('',#4445,.F.);
#4445 = EDGE_LOOP('',(#4446,#4447,#4453,#4454));
#4446 = ORIENTED_EDGE('',*,*,#3910,.F.);
#4447 = ORIENTED_EDGE('',*,*,#4448,.T.);
#4448 = EDGE_CURVE('',#3911,#4157,#4449,.T.);
#4449 = LINE('',#4450,#4451);
#4450 = CARTESIAN_POINT('',(72.1,21.65,0.));
#4451 = VECTOR('',#4452,1.);
#4452 = DIRECTION('',(0.,0.,1.));
#4453 = ORIENTED_EDGE('',*,*,#4156,.T.);
#4454 = ORIENTED_EDGE('',*,*,#4448,.F.);
#4455 = CYLINDRICAL_SURFACE('',#4456,5.1);
#4456 = AXIS2_PLACEMENT_3D('',#4457,#4458,#4459);
#4457 = CARTESIAN_POINT('',(67.,21.65,0.));
#4458 = DIRECTION('',(0.,0.,-1.));
#4459 = DIRECTION('',(1.,0.,0.));
#4460 = ADVANCED_FACE('',(#4461),#4472,.F.);
#4461 = FACE_BOUND('',#4462,.F.);
#4462 = EDGE_LOOP('',(#4463,#4464,#4470,#4471));
#4463 = ORIENTED_EDGE('',*,*,#4167,.F.);
#4464 = ORIENTED_EDGE('',*,*,#4465,.T.);
#4465 = EDGE_CURVE('',#4168,#3922,#4466,.T.);
#4466 = LINE('',#4467,#4468);
#4467 = CARTESIAN_POINT('',(7.4,36.65,5.));
#4468 = VECTOR('',#4469,1.);
#4469 = DIRECTION('',(-0.,-0.,-1.));
#4470 = ORIENTED_EDGE('',*,*,#3921,.T.);
#4471 = ORIENTED_EDGE('',*,*,#4465,.F.);
#4472 = CYLINDRICAL_SURFACE('',#4473,1.75);
#4473 = AXIS2_PLACEMENT_3D('',#4474,#4475,#4476);
#4474 = CARTESIAN_POINT('',(5.65,36.65,5.));
#4475 = DIRECTION('',(0.,0.,1.));
#4476 = DIRECTION('',(1.,0.,0.));
#4477 = ADVANCED_FACE('',(#4478),#4489,.F.);
#4478 = FACE_BOUND('',#4479,.F.);
#4479 = EDGE_LOOP('',(#4480,#4481,#4487,#4488));
#4480 = ORIENTED_EDGE('',*,*,#4178,.F.);
#4481 = ORIENTED_EDGE('',*,*,#4482,.T.);
#4482 = EDGE_CURVE('',#4179,#3933,#4483,.T.);
#4483 = LINE('',#4484,#4485);
#4484 = CARTESIAN_POINT('',(38.4,36.65,5.));
#4485 = VECTOR('',#4486,1.);
#4486 = DIRECTION('',(-0.,-0.,-1.));
#4487 = ORIENTED_EDGE('',*,*,#3932,.T.);
#4488 = ORIENTED_EDGE('',*,*,#4482,.F.);
#4489 = CYLINDRICAL_SURFACE('',#4490,1.75);
#4490 = AXIS2_PLACEMENT_3D('',#4491,#4492,#4493);
#4491 = CARTESIAN_POINT('',(36.65,36.65,5.));
#4492 = DIRECTION('',(0.,0.,1.));
#4493 = DIRECTION('',(1.,0.,0.));
#4494 = ADVANCED_FACE('',(#4495),#4506,.F.);
#4495 = FACE_BOUND('',#4496,.F.);
#4496 = EDGE_LOOP('',(#4497,#4498,#4504,#4505));
#4497 = ORIENTED_EDGE('',*,*,#4189,.F.);
#4498 = ORIENTED_EDGE('',*,*,#4499,.T.);
#4499 = EDGE_CURVE('',#4190,#3944,#4500,.T.);
#4500 = LINE('',#4501,#4502);
#4501 = CARTESIAN_POINT('',(7.4,5.65,5.));
#4502 = VECTOR('',#4503,1.);
#4503 = DIRECTION('',(-0.,-0.,-1.));
#4504 = ORIENTED_EDGE('',*,*,#3943,.T.);
#4505 = ORIENTED_EDGE('',*,*,#4499,.F.);
#4506 = CYLINDRICAL_SURFACE('',#4507,1.75);
#4507 = AXIS2_PLACEMENT_3D('',#4508,#4509,#4510);
#4508 = CARTESIAN_POINT('',(5.65,5.65,5.));
#4509 = DIRECTION('',(0.,0.,1.));
#4510 = DIRECTION('',(1.,0.,0.));
#4511 = ADVANCED_FACE('',(#4512),#4523,.F.);
#4512 = FACE_BOUND('',#4513,.F.);
#4513 = EDGE_LOOP('',(#4514,#4515,#4521,#4522));
#4514 = ORIENTED_EDGE('',*,*,#4200,.F.);
#4515 = ORIENTED_EDGE('',*,*,#4516,.T.);
#4516 = EDGE_CURVE('',#4201,#3955,#4517,.T.);
#4517 = LINE('',#4518,#4519);
#4518 = CARTESIAN_POINT('',(38.4,5.65,5.));
#4519 = VECTOR('',#4520,1.);
#4520 = DIRECTION('',(-0.,-0.,-1.));
#4521 = ORIENTED_EDGE('',*,*,#3954,.T.);
#4522 = ORIENTED_EDGE('',*,*,#4516,.F.);
#4523 = CYLINDRICAL_SURFACE('',#4524,1.75);
#4524 = AXIS2_PLACEMENT_3D('',#4525,#4526,#4527);
#4525 = CARTESIAN_POINT('',(36.65,5.65,5.));
#4526 = DIRECTION('',(0.,0.,1.));
#4527 = DIRECTION('',(1.,0.,0.));
#4528 = ADVANCED_FACE('',(#4529),#4532,.T.);
#4529 = FACE_BOUND('',#4530,.T.);
#4530 = EDGE_LOOP('',(#4531));
#4531 = ORIENTED_EDGE('',*,*,#4384,.T.);
#4532 = PLANE('',#4533);
#4533 = AXIS2_PLACEMENT_3D('',#4534,#4535,#4536);
#4534 = CARTESIAN_POINT('',(67.,21.65,-142.));
#4535 = DIRECTION('',(0.,0.,1.));
#4536 = DIRECTION('',(1.,0.,0.));
#4537 = ( GEOMETRIC_REPRESENTATION_CONTEXT(3) 
GLOBAL_UNCERTAINTY_ASSIGNED_CONTEXT((#4541)) 
GLOBAL_UNIT_ASSIGNED_CONTEXT((#4538,#4539,#4540)) REPRESENTATION_CONTEXT
('Context #1','3D Context with UNIT and UNCERTAINTY') );
#4538 = ( LENGTH_UNIT() NAMED_UNIT(*) SI_UNIT(.MILLI.,.METRE.) );
#4539 = ( NAMED_UNIT(*) PLANE_ANGLE_UNIT() SI_UNIT($,.RADIAN.) );
#4540 = ( NAMED_UNIT(*) SI_UNIT($,.STERADIAN.) SOLID_ANGLE_UNIT() );
#4541 = UNCERTAINTY_MEASURE_WITH_UNIT(LENGTH_MEASURE(1.E-05),#4538,
  'distance_accuracy_value','confusion accuracy');
#4542 = CONTEXT_DEPENDENT_SHAPE_REPRESENTATION(#4543,#4545);
#4543 = ( REPRESENTATION_RELATIONSHIP('','',#3120,#10) 
REPRESENTATION_RELATIONSHIP_WITH_TRANSFORMATION(#4544) 
SHAPE_REPRESENTATION_RELATIONSHIP() );
#4544 = ITEM_DEFINED_TRANSFORMATION('','',#11,#39);
#4545 = PRODUCT_DEFINITION_SHAPE('Placement','Placement of an item',
  #4546);
#4546 = NEXT_ASSEMBLY_USAGE_OCCURRENCE('7','MountingPlate','',#5,#3115,$
  );
#4547 = PRODUCT_RELATED_PRODUCT_CATEGORY('part',$,(#3117));
#4548 = SHAPE_DEFINITION_REPRESENTATION(#4549,#4555);
#4549 = PRODUCT_DEFINITION_SHAPE('','',#4550);
#4550 = PRODUCT_DEFINITION('design','',#4551,#4554);
#4551 = PRODUCT_DEFINITION_FORMATION('','',#4552);
#4552 = PRODUCT('ToolMount','ToolMount','',(#4553));
#4553 = PRODUCT_CONTEXT('',#2,'mechanical');
#4554 = PRODUCT_DEFINITION_CONTEXT('part definition',#2,'design');
#4555 = ADVANCED_BREP_SHAPE_REPRESENTATION('',(#11,#4556),#6391);
#4556 = MANIFOLD_SOLID_BREP('',#4557);
#4557 = CLOSED_SHELL('',(#4558,#4591,#4837,#4857,#4904,#4928,#4952,#4976
    ,#5000,#5024,#5049,#5074,#5099,#5124,#5149,#5174,#5199,#5224,#5249,
    #5274,#5299,#5324,#5349,#5374,#5399,#5424,#5449,#5474,#5700,#5718,
    #5738,#5758,#5778,#5798,#5818,#5861,#5976,#5993,#6010,#6022,#6032,
    #6056,#6080,#6097,#6121,#6145,#6162,#6172,#6196,#6220,#6237,#6254,
    #6271,#6296,#6321,#6346,#6361,#6376));
#4558 = ADVANCED_FACE('',(#4559),#4586,.F.);
#4559 = FACE_BOUND('',#4560,.T.);
#4560 = EDGE_LOOP('',(#4561,#4571,#4578,#4579));
#4561 = ORIENTED_EDGE('',*,*,#4562,.T.);
#4562 = EDGE_CURVE('',#4563,#4565,#4567,.T.);
#4563 = VERTEX_POINT('',#4564);
#4564 = CARTESIAN_POINT('',(63.15,-8.,-9.75));
#4565 = VERTEX_POINT('',#4566);
#4566 = CARTESIAN_POINT('',(63.15,-4.5,-9.75));
#4567 = LINE('',#4568,#4569);
#4568 = CARTESIAN_POINT('',(63.15,-8.,-9.75));
#4569 = VECTOR('',#4570,1.);
#4570 = DIRECTION('',(0.,1.,2.2E-16));
#4571 = ORIENTED_EDGE('',*,*,#4572,.T.);
#4572 = EDGE_CURVE('',#4565,#4565,#4573,.T.);
#4573 = CIRCLE('',#4574,2.8);
#4574 = AXIS2_PLACEMENT_3D('',#4575,#4576,#4577);
#4575 = CARTESIAN_POINT('',(60.35,-4.5,-9.75));
#4576 = DIRECTION('',(-0.,1.,4.4E-16));
#4577 = DIRECTION('',(1.,0.,0.));
#4578 = ORIENTED_EDGE('',*,*,#4562,.F.);
#4579 = ORIENTED_EDGE('',*,*,#4580,.F.);
#4580 = EDGE_CURVE('',#4563,#4563,#4581,.T.);
#4581 = CIRCLE('',#4582,2.8);
#4582 = AXIS2_PLACEMENT_3D('',#4583,#4584,#4585);
#4583 = CARTESIAN_POINT('',(60.35,-8.,-9.75));
#4584 = DIRECTION('',(-0.,1.,4.4E-16));
#4585 = DIRECTION('',(1.,0.,0.));
#4586 = CYLINDRICAL_SURFACE('',#4587,2.8);
#4587 = AXIS2_PLACEMENT_3D('',#4588,#4589,#4590);
#4588 = CARTESIAN_POINT('',(60.35,-8.,-9.75));
#4589 = DIRECTION('',(-0.,-1.,-2.2E-16));
#4590 = DIRECTION('',(1.,0.,0.));
#4591 = ADVANCED_FACE('',(#4592,#4642,#4653,#4664,#4675,#4686,#4697,
    #4708,#4719,#4730,#4741,#4752,#4763,#4774,#4785,#4796,#4807,#4810,
    #4821),#4832,.T.);
#4592 = FACE_BOUND('',#4593,.T.);
#4593 = EDGE_LOOP('',(#4594,#4604,#4612,#4620,#4628,#4636));
#4594 = ORIENTED_EDGE('',*,*,#4595,.F.);
#4595 = EDGE_CURVE('',#4596,#4598,#4600,.T.);
#4596 = VERTEX_POINT('',#4597);
#4597 = CARTESIAN_POINT('',(0.,-8.,22.75));
#4598 = VERTEX_POINT('',#4599);
#4599 = CARTESIAN_POINT('',(56.,-8.,22.75));
#4600 = LINE('',#4601,#4602);
#4601 = CARTESIAN_POINT('',(0.,-8.,22.75));
#4602 = VECTOR('',#4603,1.);
#4603 = DIRECTION('',(1.,0.,0.));
#4604 = ORIENTED_EDGE('',*,*,#4605,.T.);
#4605 = EDGE_CURVE('',#4596,#4606,#4608,.T.);
#4606 = VERTEX_POINT('',#4607);
#4607 = CARTESIAN_POINT('',(0.,-8.,-27.75));
#4608 = LINE('',#4609,#4610);
#4609 = CARTESIAN_POINT('',(0.,-8.,-22.75));
#4610 = VECTOR('',#4611,1.);
#4611 = DIRECTION('',(-0.,-0.,-1.));
#4612 = ORIENTED_EDGE('',*,*,#4613,.T.);
#4613 = EDGE_CURVE('',#4606,#4614,#4616,.T.);
#4614 = VERTEX_POINT('',#4615);
#4615 = CARTESIAN_POINT('',(95.,-8.,-27.75));
#4616 = LINE('',#4617,#4618);
#4617 = CARTESIAN_POINT('',(0.,-8.,-27.75));
#4618 = VECTOR('',#4619,1.);
#4619 = DIRECTION('',(1.,0.,0.));
#4620 = ORIENTED_EDGE('',*,*,#4621,.T.);
#4621 = EDGE_CURVE('',#4614,#4622,#4624,.T.);
#4622 = VERTEX_POINT('',#4623);
#4623 = CARTESIAN_POINT('',(95.,-8.,47.25));
#4624 = LINE('',#4625,#4626);
#4625 = CARTESIAN_POINT('',(95.,-8.,22.75));
#4626 = VECTOR('',#4627,1.);
#4627 = DIRECTION('',(0.,0.,1.));
#4628 = ORIENTED_EDGE('',*,*,#4629,.F.);
#4629 = EDGE_CURVE('',#4630,#4622,#4632,.T.);
#4630 = VERTEX_POINT('',#4631);
#4631 = CARTESIAN_POINT('',(56.,-8.,47.25));
#4632 = LINE('',#4633,#4634);
#4633 = CARTESIAN_POINT('',(56.,-8.,47.25));
#4634 = VECTOR('',#4635,1.);
#4635 = DIRECTION('',(1.,0.,0.));
#4636 = ORIENTED_EDGE('',*,*,#4637,.F.);
#4637 = EDGE_CURVE('',#4598,#4630,#4638,.T.);
#4638 = LINE('',#4639,#4640);
#4639 = CARTESIAN_POINT('',(56.,-8.,22.75));
#4640 = VECTOR('',#4641,1.);
#4641 = DIRECTION('',(0.,0.,1.));
#4642 = FACE_BOUND('',#4643,.T.);
#4643 = EDGE_LOOP('',(#4644));
#4644 = ORIENTED_EDGE('',*,*,#4645,.F.);
#4645 = EDGE_CURVE('',#4646,#4646,#4648,.T.);
#4646 = VERTEX_POINT('',#4647);
#4647 = CARTESIAN_POINT('',(8.78,-8.,9.75));
#4648 = CIRCLE('',#4649,2.6);
#4649 = AXIS2_PLACEMENT_3D('',#4650,#4651,#4652);
#4650 = CARTESIAN_POINT('',(6.18,-8.,9.75));
#4651 = DIRECTION('',(0.,-1.,0.));
#4652 = DIRECTION('',(1.,0.,0.));
#4653 = FACE_BOUND('',#4654,.T.);
#4654 = EDGE_LOOP('',(#4655));
#4655 = ORIENTED_EDGE('',*,*,#4656,.F.);
#4656 = EDGE_CURVE('',#4657,#4657,#4659,.T.);
#4657 = VERTEX_POINT('',#4658);
#4658 = CARTESIAN_POINT('',(7.78,-8.,0.));
#4659 = CIRCLE('',#4660,1.6);
#4660 = AXIS2_PLACEMENT_3D('',#4661,#4662,#4663);
#4661 = CARTESIAN_POINT('',(6.18,-8.,0.));
#4662 = DIRECTION('',(0.,-1.,0.));
#4663 = DIRECTION('',(1.,0.,0.));
#4664 = FACE_BOUND('',#4665,.T.);
#4665 = EDGE_LOOP('',(#4666));
#4666 = ORIENTED_EDGE('',*,*,#4667,.F.);
#4667 = EDGE_CURVE('',#4668,#4668,#4670,.T.);
#4668 = VERTEX_POINT('',#4669);
#4669 = CARTESIAN_POINT('',(24.005,-8.,11.9));
#4670 = CIRCLE('',#4671,4.375);
#4671 = AXIS2_PLACEMENT_3D('',#4672,#4673,#4674);
#4672 = CARTESIAN_POINT('',(19.63,-8.,11.9));
#4673 = DIRECTION('',(0.,-1.,0.));
#4674 = DIRECTION('',(1.,0.,0.));
#4675 = FACE_BOUND('',#4676,.T.);
#4676 = EDGE_LOOP('',(#4677));
#4677 = ORIENTED_EDGE('',*,*,#4678,.F.);
#4678 = EDGE_CURVE('',#4679,#4679,#4681,.T.);
#4679 = VERTEX_POINT('',#4680);
#4680 = CARTESIAN_POINT('',(7.78,-8.,-9.75));
#4681 = CIRCLE('',#4682,1.6);
#4682 = AXIS2_PLACEMENT_3D('',#4683,#4684,#4685);
#4683 = CARTESIAN_POINT('',(6.18,-8.,-9.75));
#4684 = DIRECTION('',(0.,-1.,0.));
#4685 = DIRECTION('',(1.,0.,0.));
#4686 = FACE_BOUND('',#4687,.T.);
#4687 = EDGE_LOOP('',(#4688));
#4688 = ORIENTED_EDGE('',*,*,#4689,.F.);
#4689 = EDGE_CURVE('',#4690,#4690,#4692,.T.);
#4690 = VERTEX_POINT('',#4691);
#4691 = CARTESIAN_POINT('',(8.78,-8.,-18.15));
#4692 = CIRCLE('',#4693,2.6);
#4693 = AXIS2_PLACEMENT_3D('',#4694,#4695,#4696);
#4694 = CARTESIAN_POINT('',(6.18,-8.,-18.15));
#4695 = DIRECTION('',(0.,-1.,0.));
#4696 = DIRECTION('',(1.,0.,0.));
#4697 = FACE_BOUND('',#4698,.T.);
#4698 = EDGE_LOOP('',(#4699));
#4699 = ORIENTED_EDGE('',*,*,#4700,.F.);
#4700 = EDGE_CURVE('',#4701,#4701,#4703,.T.);
#4701 = VERTEX_POINT('',#4702);
#4702 = CARTESIAN_POINT('',(19.78,-8.,-9.75));
#4703 = CIRCLE('',#4704,1.6);
#4704 = AXIS2_PLACEMENT_3D('',#4705,#4706,#4707);
#4705 = CARTESIAN_POINT('',(18.18,-8.,-9.75));
#4706 = DIRECTION('',(0.,-1.,0.));
#4707 = DIRECTION('',(1.,0.,0.));
#4708 = FACE_BOUND('',#4709,.T.);
#4709 = EDGE_LOOP('',(#4710));
#4710 = ORIENTED_EDGE('',*,*,#4711,.F.);
#4711 = EDGE_CURVE('',#4712,#4712,#4714,.T.);
#4712 = VERTEX_POINT('',#4713);
#4713 = CARTESIAN_POINT('',(44.005,-8.,11.9));
#4714 = CIRCLE('',#4715,4.375);
#4715 = AXIS2_PLACEMENT_3D('',#4716,#4717,#4718);
#4716 = CARTESIAN_POINT('',(39.63,-8.,11.9));
#4717 = DIRECTION('',(0.,-1.,0.));
#4718 = DIRECTION('',(1.,0.,0.));
#4719 = FACE_BOUND('',#4720,.T.);
#4720 = EDGE_LOOP('',(#4721));
#4721 = ORIENTED_EDGE('',*,*,#4722,.F.);
#4722 = EDGE_CURVE('',#4723,#4723,#4725,.T.);
#4723 = VERTEX_POINT('',#4724);
#4724 = CARTESIAN_POINT('',(42.68,-8.,-9.75));
#4725 = CIRCLE('',#4726,1.6);
#4726 = AXIS2_PLACEMENT_3D('',#4727,#4728,#4729);
#4727 = CARTESIAN_POINT('',(41.08,-8.,-9.75));
#4728 = DIRECTION('',(0.,-1.,0.));
#4729 = DIRECTION('',(1.,0.,0.));
#4730 = FACE_BOUND('',#4731,.T.);
#4731 = EDGE_LOOP('',(#4732));
#4732 = ORIENTED_EDGE('',*,*,#4733,.F.);
#4733 = EDGE_CURVE('',#4734,#4734,#4736,.T.);
#4734 = VERTEX_POINT('',#4735);
#4735 = CARTESIAN_POINT('',(74.5,-8.,44.1));
#4736 = CIRCLE('',#4737,2.);
#4737 = AXIS2_PLACEMENT_3D('',#4738,#4739,#4740);
#4738 = CARTESIAN_POINT('',(72.5,-8.,44.1));
#4739 = DIRECTION('',(0.,-1.,0.));
#4740 = DIRECTION('',(1.,0.,0.));
#4741 = FACE_BOUND('',#4742,.T.);
#4742 = EDGE_LOOP('',(#4743));
#4743 = ORIENTED_EDGE('',*,*,#4744,.F.);
#4744 = EDGE_CURVE('',#4745,#4745,#4747,.T.);
#4745 = VERTEX_POINT('',#4746);
#4746 = CARTESIAN_POINT('',(93.5,-8.,44.1));
#4747 = CIRCLE('',#4748,2.);
#4748 = AXIS2_PLACEMENT_3D('',#4749,#4750,#4751);
#4749 = CARTESIAN_POINT('',(91.5,-8.,44.1));
#4750 = DIRECTION('',(0.,-1.,0.));
#4751 = DIRECTION('',(1.,0.,0.));
#4752 = FACE_BOUND('',#4753,.T.);
#4753 = EDGE_LOOP('',(#4754));
#4754 = ORIENTED_EDGE('',*,*,#4755,.F.);
#4755 = EDGE_CURVE('',#4756,#4756,#4758,.T.);
#4756 = VERTEX_POINT('',#4757);
#4757 = CARTESIAN_POINT('',(55.68,-8.,9.75));
#4758 = CIRCLE('',#4759,2.6);
#4759 = AXIS2_PLACEMENT_3D('',#4760,#4761,#4762);
#4760 = CARTESIAN_POINT('',(53.08,-8.,9.75));
#4761 = DIRECTION('',(0.,-1.,0.));
#4762 = DIRECTION('',(1.,0.,0.));
#4763 = FACE_BOUND('',#4764,.T.);
#4764 = EDGE_LOOP('',(#4765));
#4765 = ORIENTED_EDGE('',*,*,#4766,.F.);
#4766 = EDGE_CURVE('',#4767,#4767,#4769,.T.);
#4767 = VERTEX_POINT('',#4768);
#4768 = CARTESIAN_POINT('',(54.68,-8.,0.));
#4769 = CIRCLE('',#4770,1.6);
#4770 = AXIS2_PLACEMENT_3D('',#4771,#4772,#4773);
#4771 = CARTESIAN_POINT('',(53.08,-8.,0.));
#4772 = DIRECTION('',(0.,-1.,0.));
#4773 = DIRECTION('',(1.,0.,0.));
#4774 = FACE_BOUND('',#4775,.T.);
#4775 = EDGE_LOOP('',(#4776));
#4776 = ORIENTED_EDGE('',*,*,#4777,.F.);
#4777 = EDGE_CURVE('',#4778,#4778,#4780,.T.);
#4778 = VERTEX_POINT('',#4779);
#4779 = CARTESIAN_POINT('',(63.15,-8.,9.75));
#4780 = CIRCLE('',#4781,2.8);
#4781 = AXIS2_PLACEMENT_3D('',#4782,#4783,#4784);
#4782 = CARTESIAN_POINT('',(60.35,-8.,9.75));
#4783 = DIRECTION('',(0.,-1.,0.));
#4784 = DIRECTION('',(1.,0.,0.));
#4785 = FACE_BOUND('',#4786,.T.);
#4786 = EDGE_LOOP('',(#4787));
#4787 = ORIENTED_EDGE('',*,*,#4788,.F.);
#4788 = EDGE_CURVE('',#4789,#4789,#4791,.T.);
#4789 = VERTEX_POINT('',#4790);
#4790 = CARTESIAN_POINT('',(54.68,-8.,-9.75));
#4791 = CIRCLE('',#4792,1.6);
#4792 = AXIS2_PLACEMENT_3D('',#4793,#4794,#4795);
#4793 = CARTESIAN_POINT('',(53.08,-8.,-9.75));
#4794 = DIRECTION('',(0.,-1.,0.));
#4795 = DIRECTION('',(1.,0.,0.));
#4796 = FACE_BOUND('',#4797,.T.);
#4797 = EDGE_LOOP('',(#4798));
#4798 = ORIENTED_EDGE('',*,*,#4799,.F.);
#4799 = EDGE_CURVE('',#4800,#4800,#4802,.T.);
#4800 = VERTEX_POINT('',#4801);
#4801 = CARTESIAN_POINT('',(55.68,-8.,-18.15));
#4802 = CIRCLE('',#4803,2.6);
#4803 = AXIS2_PLACEMENT_3D('',#4804,#4805,#4806);
#4804 = CARTESIAN_POINT('',(53.08,-8.,-18.15));
#4805 = DIRECTION('',(0.,-1.,0.));
#4806 = DIRECTION('',(1.,0.,0.));
#4807 = FACE_BOUND('',#4808,.T.);
#4808 = EDGE_LOOP('',(#4809));
#4809 = ORIENTED_EDGE('',*,*,#4580,.T.);
#4810 = FACE_BOUND('',#4811,.T.);
#4811 = EDGE_LOOP('',(#4812));
#4812 = ORIENTED_EDGE('',*,*,#4813,.F.);
#4813 = EDGE_CURVE('',#4814,#4814,#4816,.T.);
#4814 = VERTEX_POINT('',#4815);
#4815 = CARTESIAN_POINT('',(93.45,-8.,9.75));
#4816 = CIRCLE('',#4817,2.8);
#4817 = AXIS2_PLACEMENT_3D('',#4818,#4819,#4820);
#4818 = CARTESIAN_POINT('',(90.65,-8.,9.75));
#4819 = DIRECTION('',(0.,-1.,0.));
#4820 = DIRECTION('',(1.,0.,0.));
#4821 = FACE_BOUND('',#4822,.T.);
#4822 = EDGE_LOOP('',(#4823));
#4823 = ORIENTED_EDGE('',*,*,#4824,.T.);
#4824 = EDGE_CURVE('',#4825,#4825,#4827,.T.);
#4825 = VERTEX_POINT('',#4826);
#4826 = CARTESIAN_POINT('',(93.45,-8.,-9.75));
#4827 = CIRCLE('',#4828,2.8);
#4828 = AXIS2_PLACEMENT_3D('',#4829,#4830,#4831);
#4829 = CARTESIAN_POINT('',(90.65,-8.,-9.75));
#4830 = DIRECTION('',(-0.,1.,4.4E-16));
#4831 = DIRECTION('',(1.,0.,0.));
#4832 = PLANE('',#4833);
#4833 = AXIS2_PLACEMENT_3D('',#4834,#4835,#4836);
#4834 = CARTESIAN_POINT('',(51.535294117647,-8.,5.714705882353));
#4835 = DIRECTION('',(-0.,-1.,-0.));
#4836 = DIRECTION('',(0.,0.,-1.));
#4837 = ADVANCED_FACE('',(#4838,#4841),#4852,.F.);
#4838 = FACE_BOUND('',#4839,.T.);
#4839 = EDGE_LOOP('',(#4840));
#4840 = ORIENTED_EDGE('',*,*,#4572,.F.);
#4841 = FACE_BOUND('',#4842,.T.);
#4842 = EDGE_LOOP('',(#4843));
#4843 = ORIENTED_EDGE('',*,*,#4844,.F.);
#4844 = EDGE_CURVE('',#4845,#4845,#4847,.T.);
#4845 = VERTEX_POINT('',#4846);
#4846 = CARTESIAN_POINT('',(58.75,-4.5,-9.75));
#4847 = CIRCLE('',#4848,1.6);
#4848 = AXIS2_PLACEMENT_3D('',#4849,#4850,#4851);
#4849 = CARTESIAN_POINT('',(60.35,-4.5,-9.75));
#4850 = DIRECTION('',(-0.,-1.,-2.2E-16));
#4851 = DIRECTION('',(-1.,0.,0.));
#4852 = PLANE('',#4853);
#4853 = AXIS2_PLACEMENT_3D('',#4854,#4855,#4856);
#4854 = CARTESIAN_POINT('',(75.5,-4.5,-9.75));
#4855 = DIRECTION('',(0.,1.,0.));
#4856 = DIRECTION('',(0.,0.,1.));
#4857 = ADVANCED_FACE('',(#4858),#4899,.T.);
#4858 = FACE_BOUND('',#4859,.T.);
#4859 = EDGE_LOOP('',(#4860,#4870,#4876,#4877,#4885,#4893));
#4860 = ORIENTED_EDGE('',*,*,#4861,.T.);
#4861 = EDGE_CURVE('',#4862,#4864,#4866,.T.);
#4862 = VERTEX_POINT('',#4863);
#4863 = CARTESIAN_POINT('',(95.,0.,22.75));
#4864 = VERTEX_POINT('',#4865);
#4865 = CARTESIAN_POINT('',(0.,0.,22.75));
#4866 = LINE('',#4867,#4868);
#4867 = CARTESIAN_POINT('',(95.,0.,22.75));
#4868 = VECTOR('',#4869,1.);
#4869 = DIRECTION('',(-1.,0.,0.));
#4870 = ORIENTED_EDGE('',*,*,#4871,.T.);
#4871 = EDGE_CURVE('',#4864,#4596,#4872,.T.);
#4872 = LINE('',#4873,#4874);
#4873 = CARTESIAN_POINT('',(0.,0.,22.75));
#4874 = VECTOR('',#4875,1.);
#4875 = DIRECTION('',(0.,-1.,0.));
#4876 = ORIENTED_EDGE('',*,*,#4595,.T.);
#4877 = ORIENTED_EDGE('',*,*,#4878,.F.);
#4878 = EDGE_CURVE('',#4879,#4598,#4881,.T.);
#4879 = VERTEX_POINT('',#4880);
#4880 = CARTESIAN_POINT('',(56.,-2.,22.75));
#4881 = LINE('',#4882,#4883);
#4882 = CARTESIAN_POINT('',(56.,-2.,22.75));
#4883 = VECTOR('',#4884,1.);
#4884 = DIRECTION('',(0.,-1.,0.));
#4885 = ORIENTED_EDGE('',*,*,#4886,.F.);
#4886 = EDGE_CURVE('',#4887,#4879,#4889,.T.);
#4887 = VERTEX_POINT('',#4888);
#4888 = CARTESIAN_POINT('',(95.,-2.,22.75));
#4889 = LINE('',#4890,#4891);
#4890 = CARTESIAN_POINT('',(95.,-2.,22.75));
#4891 = VECTOR('',#4892,1.);
#4892 = DIRECTION('',(-1.,0.,0.));
#4893 = ORIENTED_EDGE('',*,*,#4894,.T.);
#4894 = EDGE_CURVE('',#4887,#4862,#4895,.T.);
#4895 = LINE('',#4896,#4897);
#4896 = CARTESIAN_POINT('',(95.,-8.,22.75));
#4897 = VECTOR('',#4898,1.);
#4898 = DIRECTION('',(0.,1.,0.));
#4899 = PLANE('',#4900);
#4900 = AXIS2_PLACEMENT_3D('',#4901,#4902,#4903);
#4901 = CARTESIAN_POINT('',(47.5,-4.,22.75));
#4902 = DIRECTION('',(0.,0.,1.));
#4903 = DIRECTION('',(1.,0.,0.));
#4904 = ADVANCED_FACE('',(#4905),#4923,.T.);
#4905 = FACE_BOUND('',#4906,.T.);
#4906 = EDGE_LOOP('',(#4907,#4908,#4916,#4922));
#4907 = ORIENTED_EDGE('',*,*,#4871,.F.);
#4908 = ORIENTED_EDGE('',*,*,#4909,.T.);
#4909 = EDGE_CURVE('',#4864,#4910,#4912,.T.);
#4910 = VERTEX_POINT('',#4911);
#4911 = CARTESIAN_POINT('',(0.,0.,-27.75));
#4912 = LINE('',#4913,#4914);
#4913 = CARTESIAN_POINT('',(0.,2.83E-15,12.75));
#4914 = VECTOR('',#4915,1.);
#4915 = DIRECTION('',(0.,-2.2E-16,-1.));
#4916 = ORIENTED_EDGE('',*,*,#4917,.T.);
#4917 = EDGE_CURVE('',#4910,#4606,#4918,.T.);
#4918 = LINE('',#4919,#4920);
#4919 = CARTESIAN_POINT('',(0.,0.,-27.75));
#4920 = VECTOR('',#4921,1.);
#4921 = DIRECTION('',(-0.,-1.,-0.));
#4922 = ORIENTED_EDGE('',*,*,#4605,.F.);
#4923 = PLANE('',#4924);
#4924 = AXIS2_PLACEMENT_3D('',#4925,#4926,#4927);
#4925 = CARTESIAN_POINT('',(0.,-4.,-2.5));
#4926 = DIRECTION('',(-1.,-0.,-0.));
#4927 = DIRECTION('',(0.,0.,-1.));
#4928 = ADVANCED_FACE('',(#4929),#4947,.F.);
#4929 = FACE_BOUND('',#4930,.F.);
#4930 = EDGE_LOOP('',(#4931,#4939,#4945,#4946));
#4931 = ORIENTED_EDGE('',*,*,#4932,.T.);
#4932 = EDGE_CURVE('',#4879,#4933,#4935,.T.);
#4933 = VERTEX_POINT('',#4934);
#4934 = CARTESIAN_POINT('',(56.,-2.,47.25));
#4935 = LINE('',#4936,#4937);
#4936 = CARTESIAN_POINT('',(56.,-2.,22.75));
#4937 = VECTOR('',#4938,1.);
#4938 = DIRECTION('',(0.,0.,1.));
#4939 = ORIENTED_EDGE('',*,*,#4940,.T.);
#4940 = EDGE_CURVE('',#4933,#4630,#4941,.T.);
#4941 = LINE('',#4942,#4943);
#4942 = CARTESIAN_POINT('',(56.,-2.,47.25));
#4943 = VECTOR('',#4944,1.);
#4944 = DIRECTION('',(0.,-1.,0.));
#4945 = ORIENTED_EDGE('',*,*,#4637,.F.);
#4946 = ORIENTED_EDGE('',*,*,#4878,.F.);
#4947 = PLANE('',#4948);
#4948 = AXIS2_PLACEMENT_3D('',#4949,#4950,#4951);
#4949 = CARTESIAN_POINT('',(56.,-2.,22.75));
#4950 = DIRECTION('',(1.,0.,0.));
#4951 = DIRECTION('',(0.,-1.,0.));
#4952 = ADVANCED_FACE('',(#4953),#4971,.T.);
#4953 = FACE_BOUND('',#4954,.F.);
#4954 = EDGE_LOOP('',(#4955,#4956,#4957,#4965));
#4955 = ORIENTED_EDGE('',*,*,#4917,.T.);
#4956 = ORIENTED_EDGE('',*,*,#4613,.T.);
#4957 = ORIENTED_EDGE('',*,*,#4958,.T.);
#4958 = EDGE_CURVE('',#4614,#4959,#4961,.T.);
#4959 = VERTEX_POINT('',#4960);
#4960 = CARTESIAN_POINT('',(95.,0.,-27.75));
#4961 = LINE('',#4962,#4963);
#4962 = CARTESIAN_POINT('',(95.,-8.,-27.75));
#4963 = VECTOR('',#4964,1.);
#4964 = DIRECTION('',(0.,1.,0.));
#4965 = ORIENTED_EDGE('',*,*,#4966,.T.);
#4966 = EDGE_CURVE('',#4959,#4910,#4967,.T.);
#4967 = LINE('',#4968,#4969);
#4968 = CARTESIAN_POINT('',(95.,0.,-27.75));
#4969 = VECTOR('',#4970,1.);
#4970 = DIRECTION('',(-1.,-0.,-0.));
#4971 = PLANE('',#4972);
#4972 = AXIS2_PLACEMENT_3D('',#4973,#4974,#4975);
#4973 = CARTESIAN_POINT('',(47.5,-4.,-27.75));
#4974 = DIRECTION('',(-0.,-0.,-1.));
#4975 = DIRECTION('',(-1.,-0.,-0.));
#4976 = ADVANCED_FACE('',(#4977),#4995,.T.);
#4977 = FACE_BOUND('',#4978,.T.);
#4978 = EDGE_LOOP('',(#4979,#4987,#4993,#4994));
#4979 = ORIENTED_EDGE('',*,*,#4980,.T.);
#4980 = EDGE_CURVE('',#4622,#4981,#4983,.T.);
#4981 = VERTEX_POINT('',#4982);
#4982 = CARTESIAN_POINT('',(95.,-2.,47.25));
#4983 = LINE('',#4984,#4985);
#4984 = CARTESIAN_POINT('',(95.,-8.,47.25));
#4985 = VECTOR('',#4986,1.);
#4986 = DIRECTION('',(0.,1.,0.));
#4987 = ORIENTED_EDGE('',*,*,#4988,.T.);
#4988 = EDGE_CURVE('',#4981,#4933,#4989,.T.);
#4989 = LINE('',#4990,#4991);
#4990 = CARTESIAN_POINT('',(95.,-2.,47.25));
#4991 = VECTOR('',#4992,1.);
#4992 = DIRECTION('',(-1.,0.,0.));
#4993 = ORIENTED_EDGE('',*,*,#4940,.T.);
#4994 = ORIENTED_EDGE('',*,*,#4629,.T.);
#4995 = PLANE('',#4996);
#4996 = AXIS2_PLACEMENT_3D('',#4997,#4998,#4999);
#4997 = CARTESIAN_POINT('',(75.5,-5.,47.25));
#4998 = DIRECTION('',(0.,0.,1.));
#4999 = DIRECTION('',(1.,0.,0.));
#5000 = ADVANCED_FACE('',(#5001),#5019,.T.);
#5001 = FACE_BOUND('',#5002,.T.);
#5002 = EDGE_LOOP('',(#5003,#5004,#5010,#5011,#5012,#5013));
#5003 = ORIENTED_EDGE('',*,*,#4894,.F.);
#5004 = ORIENTED_EDGE('',*,*,#5005,.T.);
#5005 = EDGE_CURVE('',#4887,#4981,#5006,.T.);
#5006 = LINE('',#5007,#5008);
#5007 = CARTESIAN_POINT('',(95.,-2.,22.75));
#5008 = VECTOR('',#5009,1.);
#5009 = DIRECTION('',(0.,0.,1.));
#5010 = ORIENTED_EDGE('',*,*,#4980,.F.);
#5011 = ORIENTED_EDGE('',*,*,#4621,.F.);
#5012 = ORIENTED_EDGE('',*,*,#4958,.T.);
#5013 = ORIENTED_EDGE('',*,*,#5014,.F.);
#5014 = EDGE_CURVE('',#4862,#4959,#5015,.T.);
#5015 = LINE('',#5016,#5017);
#5016 = CARTESIAN_POINT('',(95.,0.,-22.75));
#5017 = VECTOR('',#5018,1.);
#5018 = DIRECTION('',(-0.,-0.,-1.));
#5019 = PLANE('',#5020);
#5020 = AXIS2_PLACEMENT_3D('',#5021,#5022,#5023);
#5021 = CARTESIAN_POINT('',(95.,-4.295180722892,9.454819277108));
#5022 = DIRECTION('',(1.,0.,0.));
#5023 = DIRECTION('',(0.,0.,1.));
#5024 = ADVANCED_FACE('',(#5025),#5044,.F.);
#5025 = FACE_BOUND('',#5026,.F.);
#5026 = EDGE_LOOP('',(#5027,#5028,#5036,#5043));
#5027 = ORIENTED_EDGE('',*,*,#4645,.F.);
#5028 = ORIENTED_EDGE('',*,*,#5029,.T.);
#5029 = EDGE_CURVE('',#4646,#5030,#5032,.T.);
#5030 = VERTEX_POINT('',#5031);
#5031 = CARTESIAN_POINT('',(8.78,0.,9.75));
#5032 = LINE('',#5033,#5034);
#5033 = CARTESIAN_POINT('',(8.78,-8.,9.75));
#5034 = VECTOR('',#5035,1.);
#5035 = DIRECTION('',(0.,1.,-2.2E-16));
#5036 = ORIENTED_EDGE('',*,*,#5037,.T.);
#5037 = EDGE_CURVE('',#5030,#5030,#5038,.T.);
#5038 = CIRCLE('',#5039,2.6);
#5039 = AXIS2_PLACEMENT_3D('',#5040,#5041,#5042);
#5040 = CARTESIAN_POINT('',(6.18,0.,9.75));
#5041 = DIRECTION('',(0.,-1.,2.2E-16));
#5042 = DIRECTION('',(1.,0.,0.));
#5043 = ORIENTED_EDGE('',*,*,#5029,.F.);
#5044 = CYLINDRICAL_SURFACE('',#5045,2.6);
#5045 = AXIS2_PLACEMENT_3D('',#5046,#5047,#5048);
#5046 = CARTESIAN_POINT('',(6.18,-8.,9.75));
#5047 = DIRECTION('',(0.,-1.,2.2E-16));
#5048 = DIRECTION('',(1.,0.,0.));
#5049 = ADVANCED_FACE('',(#5050),#5069,.F.);
#5050 = FACE_BOUND('',#5051,.F.);
#5051 = EDGE_LOOP('',(#5052,#5053,#5061,#5068));
#5052 = ORIENTED_EDGE('',*,*,#4656,.F.);
#5053 = ORIENTED_EDGE('',*,*,#5054,.T.);
#5054 = EDGE_CURVE('',#4657,#5055,#5057,.T.);
#5055 = VERTEX_POINT('',#5056);
#5056 = CARTESIAN_POINT('',(7.78,0.,-2.E-15));
#5057 = LINE('',#5058,#5059);
#5058 = CARTESIAN_POINT('',(7.78,-8.,0.));
#5059 = VECTOR('',#5060,1.);
#5060 = DIRECTION('',(0.,1.,-2.2E-16));
#5061 = ORIENTED_EDGE('',*,*,#5062,.T.);
#5062 = EDGE_CURVE('',#5055,#5055,#5063,.T.);
#5063 = CIRCLE('',#5064,1.6);
#5064 = AXIS2_PLACEMENT_3D('',#5065,#5066,#5067);
#5065 = CARTESIAN_POINT('',(6.18,0.,-1.78E-15));
#5066 = DIRECTION('',(0.,-1.,2.2E-16));
#5067 = DIRECTION('',(1.,0.,0.));
#5068 = ORIENTED_EDGE('',*,*,#5054,.F.);
#5069 = CYLINDRICAL_SURFACE('',#5070,1.6);
#5070 = AXIS2_PLACEMENT_3D('',#5071,#5072,#5073);
#5071 = CARTESIAN_POINT('',(6.18,-8.,0.));
#5072 = DIRECTION('',(0.,-1.,2.2E-16));
#5073 = DIRECTION('',(1.,0.,0.));
#5074 = ADVANCED_FACE('',(#5075),#5094,.F.);
#5075 = FACE_BOUND('',#5076,.F.);
#5076 = EDGE_LOOP('',(#5077,#5085,#5092,#5093));
#5077 = ORIENTED_EDGE('',*,*,#5078,.T.);
#5078 = EDGE_CURVE('',#4668,#5079,#5081,.T.);
#5079 = VERTEX_POINT('',#5080);
#5080 = CARTESIAN_POINT('',(24.005,-2.5,11.9));
#5081 = LINE('',#5082,#5083);
#5082 = CARTESIAN_POINT('',(24.005,-8.,11.9));
#5083 = VECTOR('',#5084,1.);
#5084 = DIRECTION('',(0.,1.,-2.2E-16));
#5085 = ORIENTED_EDGE('',*,*,#5086,.T.);
#5086 = EDGE_CURVE('',#5079,#5079,#5087,.T.);
#5087 = CIRCLE('',#5088,4.375);
#5088 = AXIS2_PLACEMENT_3D('',#5089,#5090,#5091);
#5089 = CARTESIAN_POINT('',(19.63,-2.5,11.9));
#5090 = DIRECTION('',(0.,-1.,0.));
#5091 = DIRECTION('',(1.,0.,0.));
#5092 = ORIENTED_EDGE('',*,*,#5078,.F.);
#5093 = ORIENTED_EDGE('',*,*,#4667,.F.);
#5094 = CYLINDRICAL_SURFACE('',#5095,4.375);
#5095 = AXIS2_PLACEMENT_3D('',#5096,#5097,#5098);
#5096 = CARTESIAN_POINT('',(19.63,-8.,11.9));
#5097 = DIRECTION('',(0.,-1.,2.2E-16));
#5098 = DIRECTION('',(1.,0.,0.));
#5099 = ADVANCED_FACE('',(#5100),#5119,.F.);
#5100 = FACE_BOUND('',#5101,.F.);
#5101 = EDGE_LOOP('',(#5102,#5103,#5111,#5118));
#5102 = ORIENTED_EDGE('',*,*,#4678,.F.);
#5103 = ORIENTED_EDGE('',*,*,#5104,.T.);
#5104 = EDGE_CURVE('',#4679,#5105,#5107,.T.);
#5105 = VERTEX_POINT('',#5106);
#5106 = CARTESIAN_POINT('',(7.78,0.,-9.75));
#5107 = LINE('',#5108,#5109);
#5108 = CARTESIAN_POINT('',(7.78,-8.,-9.75));
#5109 = VECTOR('',#5110,1.);
#5110 = DIRECTION('',(0.,1.,-2.2E-16));
#5111 = ORIENTED_EDGE('',*,*,#5112,.T.);
#5112 = EDGE_CURVE('',#5105,#5105,#5113,.T.);
#5113 = CIRCLE('',#5114,1.6);
#5114 = AXIS2_PLACEMENT_3D('',#5115,#5116,#5117);
#5115 = CARTESIAN_POINT('',(6.18,0.,-9.75));
#5116 = DIRECTION('',(0.,-1.,2.2E-16));
#5117 = DIRECTION('',(1.,0.,0.));
#5118 = ORIENTED_EDGE('',*,*,#5104,.F.);
#5119 = CYLINDRICAL_SURFACE('',#5120,1.6);
#5120 = AXIS2_PLACEMENT_3D('',#5121,#5122,#5123);
#5121 = CARTESIAN_POINT('',(6.18,-8.,-9.75));
#5122 = DIRECTION('',(0.,-1.,2.2E-16));
#5123 = DIRECTION('',(1.,0.,0.));
#5124 = ADVANCED_FACE('',(#5125),#5144,.F.);
#5125 = FACE_BOUND('',#5126,.F.);
#5126 = EDGE_LOOP('',(#5127,#5128,#5136,#5143));
#5127 = ORIENTED_EDGE('',*,*,#4689,.F.);
#5128 = ORIENTED_EDGE('',*,*,#5129,.T.);
#5129 = EDGE_CURVE('',#4690,#5130,#5132,.T.);
#5130 = VERTEX_POINT('',#5131);
#5131 = CARTESIAN_POINT('',(8.78,0.,-18.15));
#5132 = LINE('',#5133,#5134);
#5133 = CARTESIAN_POINT('',(8.78,-8.,-18.15));
#5134 = VECTOR('',#5135,1.);
#5135 = DIRECTION('',(0.,1.,-2.2E-16));
#5136 = ORIENTED_EDGE('',*,*,#5137,.T.);
#5137 = EDGE_CURVE('',#5130,#5130,#5138,.T.);
#5138 = CIRCLE('',#5139,2.6);
#5139 = AXIS2_PLACEMENT_3D('',#5140,#5141,#5142);
#5140 = CARTESIAN_POINT('',(6.18,0.,-18.15));
#5141 = DIRECTION('',(0.,-1.,2.2E-16));
#5142 = DIRECTION('',(1.,0.,0.));
#5143 = ORIENTED_EDGE('',*,*,#5129,.F.);
#5144 = CYLINDRICAL_SURFACE('',#5145,2.6);
#5145 = AXIS2_PLACEMENT_3D('',#5146,#5147,#5148);
#5146 = CARTESIAN_POINT('',(6.18,-8.,-18.15));
#5147 = DIRECTION('',(0.,-1.,2.2E-16));
#5148 = DIRECTION('',(1.,0.,0.));
#5149 = ADVANCED_FACE('',(#5150),#5169,.F.);
#5150 = FACE_BOUND('',#5151,.F.);
#5151 = EDGE_LOOP('',(#5152,#5153,#5161,#5168));
#5152 = ORIENTED_EDGE('',*,*,#4700,.F.);
#5153 = ORIENTED_EDGE('',*,*,#5154,.T.);
#5154 = EDGE_CURVE('',#4701,#5155,#5157,.T.);
#5155 = VERTEX_POINT('',#5156);
#5156 = CARTESIAN_POINT('',(19.78,0.,-9.75));
#5157 = LINE('',#5158,#5159);
#5158 = CARTESIAN_POINT('',(19.78,-8.,-9.75));
#5159 = VECTOR('',#5160,1.);
#5160 = DIRECTION('',(0.,1.,-2.2E-16));
#5161 = ORIENTED_EDGE('',*,*,#5162,.T.);
#5162 = EDGE_CURVE('',#5155,#5155,#5163,.T.);
#5163 = CIRCLE('',#5164,1.6);
#5164 = AXIS2_PLACEMENT_3D('',#5165,#5166,#5167);
#5165 = CARTESIAN_POINT('',(18.18,0.,-9.75));
#5166 = DIRECTION('',(0.,-1.,2.2E-16));
#5167 = DIRECTION('',(1.,0.,0.));
#5168 = ORIENTED_EDGE('',*,*,#5154,.F.);
#5169 = CYLINDRICAL_SURFACE('',#5170,1.6);
#5170 = AXIS2_PLACEMENT_3D('',#5171,#5172,#5173);
#5171 = CARTESIAN_POINT('',(18.18,-8.,-9.75));
#5172 = DIRECTION('',(0.,-1.,2.2E-16));
#5173 = DIRECTION('',(1.,0.,0.));
#5174 = ADVANCED_FACE('',(#5175),#5194,.F.);
#5175 = FACE_BOUND('',#5176,.F.);
#5176 = EDGE_LOOP('',(#5177,#5185,#5192,#5193));
#5177 = ORIENTED_EDGE('',*,*,#5178,.T.);
#5178 = EDGE_CURVE('',#4712,#5179,#5181,.T.);
#5179 = VERTEX_POINT('',#5180);
#5180 = CARTESIAN_POINT('',(44.005,-2.5,11.9));
#5181 = LINE('',#5182,#5183);
#5182 = CARTESIAN_POINT('',(44.005,-8.,11.9));
#5183 = VECTOR('',#5184,1.);
#5184 = DIRECTION('',(0.,1.,-2.2E-16));
#5185 = ORIENTED_EDGE('',*,*,#5186,.T.);
#5186 = EDGE_CURVE('',#5179,#5179,#5187,.T.);
#5187 = CIRCLE('',#5188,4.375);
#5188 = AXIS2_PLACEMENT_3D('',#5189,#5190,#5191);
#5189 = CARTESIAN_POINT('',(39.63,-2.5,11.9));
#5190 = DIRECTION('',(0.,-1.,0.));
#5191 = DIRECTION('',(1.,0.,0.));
#5192 = ORIENTED_EDGE('',*,*,#5178,.F.);
#5193 = ORIENTED_EDGE('',*,*,#4711,.F.);
#5194 = CYLINDRICAL_SURFACE('',#5195,4.375);
#5195 = AXIS2_PLACEMENT_3D('',#5196,#5197,#5198);
#5196 = CARTESIAN_POINT('',(39.63,-8.,11.9));
#5197 = DIRECTION('',(0.,-1.,2.2E-16));
#5198 = DIRECTION('',(1.,0.,0.));
#5199 = ADVANCED_FACE('',(#5200),#5219,.F.);
#5200 = FACE_BOUND('',#5201,.F.);
#5201 = EDGE_LOOP('',(#5202,#5203,#5211,#5218));
#5202 = ORIENTED_EDGE('',*,*,#4722,.F.);
#5203 = ORIENTED_EDGE('',*,*,#5204,.T.);
#5204 = EDGE_CURVE('',#4723,#5205,#5207,.T.);
#5205 = VERTEX_POINT('',#5206);
#5206 = CARTESIAN_POINT('',(42.68,0.,-9.75));
#5207 = LINE('',#5208,#5209);
#5208 = CARTESIAN_POINT('',(42.68,-8.,-9.75));
#5209 = VECTOR('',#5210,1.);
#5210 = DIRECTION('',(0.,1.,-2.2E-16));
#5211 = ORIENTED_EDGE('',*,*,#5212,.T.);
#5212 = EDGE_CURVE('',#5205,#5205,#5213,.T.);
#5213 = CIRCLE('',#5214,1.6);
#5214 = AXIS2_PLACEMENT_3D('',#5215,#5216,#5217);
#5215 = CARTESIAN_POINT('',(41.08,0.,-9.75));
#5216 = DIRECTION('',(0.,-1.,2.2E-16));
#5217 = DIRECTION('',(1.,0.,0.));
#5218 = ORIENTED_EDGE('',*,*,#5204,.F.);
#5219 = CYLINDRICAL_SURFACE('',#5220,1.6);
#5220 = AXIS2_PLACEMENT_3D('',#5221,#5222,#5223);
#5221 = CARTESIAN_POINT('',(41.08,-8.,-9.75));
#5222 = DIRECTION('',(0.,-1.,2.2E-16));
#5223 = DIRECTION('',(1.,0.,0.));
#5224 = ADVANCED_FACE('',(#5225),#5244,.F.);
#5225 = FACE_BOUND('',#5226,.F.);
#5226 = EDGE_LOOP('',(#5227,#5228,#5236,#5243));
#5227 = ORIENTED_EDGE('',*,*,#4733,.F.);
#5228 = ORIENTED_EDGE('',*,*,#5229,.T.);
#5229 = EDGE_CURVE('',#4734,#5230,#5232,.T.);
#5230 = VERTEX_POINT('',#5231);
#5231 = CARTESIAN_POINT('',(74.5,-2.,44.1));
#5232 = LINE('',#5233,#5234);
#5233 = CARTESIAN_POINT('',(74.5,-8.,44.1));
#5234 = VECTOR('',#5235,1.);
#5235 = DIRECTION('',(0.,1.,-2.2E-16));
#5236 = ORIENTED_EDGE('',*,*,#5237,.T.);
#5237 = EDGE_CURVE('',#5230,#5230,#5238,.T.);
#5238 = CIRCLE('',#5239,2.);
#5239 = AXIS2_PLACEMENT_3D('',#5240,#5241,#5242);
#5240 = CARTESIAN_POINT('',(72.5,-2.,44.1));
#5241 = DIRECTION('',(0.,-1.,2.2E-16));
#5242 = DIRECTION('',(1.,0.,0.));
#5243 = ORIENTED_EDGE('',*,*,#5229,.F.);
#5244 = CYLINDRICAL_SURFACE('',#5245,2.);
#5245 = AXIS2_PLACEMENT_3D('',#5246,#5247,#5248);
#5246 = CARTESIAN_POINT('',(72.5,-8.,44.1));
#5247 = DIRECTION('',(0.,-1.,2.2E-16));
#5248 = DIRECTION('',(1.,0.,0.));
#5249 = ADVANCED_FACE('',(#5250),#5269,.F.);
#5250 = FACE_BOUND('',#5251,.F.);
#5251 = EDGE_LOOP('',(#5252,#5253,#5261,#5268));
#5252 = ORIENTED_EDGE('',*,*,#4744,.F.);
#5253 = ORIENTED_EDGE('',*,*,#5254,.T.);
#5254 = EDGE_CURVE('',#4745,#5255,#5257,.T.);
#5255 = VERTEX_POINT('',#5256);
#5256 = CARTESIAN_POINT('',(93.5,-2.,44.1));
#5257 = LINE('',#5258,#5259);
#5258 = CARTESIAN_POINT('',(93.5,-8.,44.1));
#5259 = VECTOR('',#5260,1.);
#5260 = DIRECTION('',(0.,1.,-2.2E-16));
#5261 = ORIENTED_EDGE('',*,*,#5262,.T.);
#5262 = EDGE_CURVE('',#5255,#5255,#5263,.T.);
#5263 = CIRCLE('',#5264,2.);
#5264 = AXIS2_PLACEMENT_3D('',#5265,#5266,#5267);
#5265 = CARTESIAN_POINT('',(91.5,-2.,44.1));
#5266 = DIRECTION('',(0.,-1.,2.2E-16));
#5267 = DIRECTION('',(1.,0.,0.));
#5268 = ORIENTED_EDGE('',*,*,#5254,.F.);
#5269 = CYLINDRICAL_SURFACE('',#5270,2.);
#5270 = AXIS2_PLACEMENT_3D('',#5271,#5272,#5273);
#5271 = CARTESIAN_POINT('',(91.5,-8.,44.1));
#5272 = DIRECTION('',(0.,-1.,2.2E-16));
#5273 = DIRECTION('',(1.,0.,0.));
#5274 = ADVANCED_FACE('',(#5275),#5294,.F.);
#5275 = FACE_BOUND('',#5276,.F.);
#5276 = EDGE_LOOP('',(#5277,#5278,#5286,#5293));
#5277 = ORIENTED_EDGE('',*,*,#4755,.F.);
#5278 = ORIENTED_EDGE('',*,*,#5279,.T.);
#5279 = EDGE_CURVE('',#4756,#5280,#5282,.T.);
#5280 = VERTEX_POINT('',#5281);
#5281 = CARTESIAN_POINT('',(55.68,0.,9.75));
#5282 = LINE('',#5283,#5284);
#5283 = CARTESIAN_POINT('',(55.68,-8.,9.75));
#5284 = VECTOR('',#5285,1.);
#5285 = DIRECTION('',(0.,1.,-2.2E-16));
#5286 = ORIENTED_EDGE('',*,*,#5287,.T.);
#5287 = EDGE_CURVE('',#5280,#5280,#5288,.T.);
#5288 = CIRCLE('',#5289,2.6);
#5289 = AXIS2_PLACEMENT_3D('',#5290,#5291,#5292);
#5290 = CARTESIAN_POINT('',(53.08,0.,9.75));
#5291 = DIRECTION('',(0.,-1.,2.2E-16));
#5292 = DIRECTION('',(1.,0.,0.));
#5293 = ORIENTED_EDGE('',*,*,#5279,.F.);
#5294 = CYLINDRICAL_SURFACE('',#5295,2.6);
#5295 = AXIS2_PLACEMENT_3D('',#5296,#5297,#5298);
#5296 = CARTESIAN_POINT('',(53.08,-8.,9.75));
#5297 = DIRECTION('',(0.,-1.,2.2E-16));
#5298 = DIRECTION('',(1.,0.,0.));
#5299 = ADVANCED_FACE('',(#5300),#5319,.F.);
#5300 = FACE_BOUND('',#5301,.F.);
#5301 = EDGE_LOOP('',(#5302,#5303,#5311,#5318));
#5302 = ORIENTED_EDGE('',*,*,#4766,.F.);
#5303 = ORIENTED_EDGE('',*,*,#5304,.T.);
#5304 = EDGE_CURVE('',#4767,#5305,#5307,.T.);
#5305 = VERTEX_POINT('',#5306);
#5306 = CARTESIAN_POINT('',(54.68,0.,-2.E-15));
#5307 = LINE('',#5308,#5309);
#5308 = CARTESIAN_POINT('',(54.68,-8.,0.));
#5309 = VECTOR('',#5310,1.);
#5310 = DIRECTION('',(0.,1.,-2.2E-16));
#5311 = ORIENTED_EDGE('',*,*,#5312,.T.);
#5312 = EDGE_CURVE('',#5305,#5305,#5313,.T.);
#5313 = CIRCLE('',#5314,1.6);
#5314 = AXIS2_PLACEMENT_3D('',#5315,#5316,#5317);
#5315 = CARTESIAN_POINT('',(53.08,0.,-1.78E-15));
#5316 = DIRECTION('',(0.,-1.,2.2E-16));
#5317 = DIRECTION('',(1.,0.,0.));
#5318 = ORIENTED_EDGE('',*,*,#5304,.F.);
#5319 = CYLINDRICAL_SURFACE('',#5320,1.6);
#5320 = AXIS2_PLACEMENT_3D('',#5321,#5322,#5323);
#5321 = CARTESIAN_POINT('',(53.08,-8.,0.));
#5322 = DIRECTION('',(0.,-1.,2.2E-16));
#5323 = DIRECTION('',(1.,0.,0.));
#5324 = ADVANCED_FACE('',(#5325),#5344,.F.);
#5325 = FACE_BOUND('',#5326,.F.);
#5326 = EDGE_LOOP('',(#5327,#5335,#5342,#5343));
#5327 = ORIENTED_EDGE('',*,*,#5328,.T.);
#5328 = EDGE_CURVE('',#4778,#5329,#5331,.T.);
#5329 = VERTEX_POINT('',#5330);
#5330 = CARTESIAN_POINT('',(63.15,-4.5,9.75));
#5331 = LINE('',#5332,#5333);
#5332 = CARTESIAN_POINT('',(63.15,-8.,9.75));
#5333 = VECTOR('',#5334,1.);
#5334 = DIRECTION('',(0.,1.,-2.2E-16));
#5335 = ORIENTED_EDGE('',*,*,#5336,.T.);
#5336 = EDGE_CURVE('',#5329,#5329,#5337,.T.);
#5337 = CIRCLE('',#5338,2.8);
#5338 = AXIS2_PLACEMENT_3D('',#5339,#5340,#5341);
#5339 = CARTESIAN_POINT('',(60.35,-4.5,9.75));
#5340 = DIRECTION('',(0.,-1.,0.));
#5341 = DIRECTION('',(1.,0.,0.));
#5342 = ORIENTED_EDGE('',*,*,#5328,.F.);
#5343 = ORIENTED_EDGE('',*,*,#4777,.F.);
#5344 = CYLINDRICAL_SURFACE('',#5345,2.8);
#5345 = AXIS2_PLACEMENT_3D('',#5346,#5347,#5348);
#5346 = CARTESIAN_POINT('',(60.35,-8.,9.75));
#5347 = DIRECTION('',(0.,-1.,2.2E-16));
#5348 = DIRECTION('',(1.,0.,0.));
#5349 = ADVANCED_FACE('',(#5350),#5369,.F.);
#5350 = FACE_BOUND('',#5351,.F.);
#5351 = EDGE_LOOP('',(#5352,#5353,#5361,#5368));
#5352 = ORIENTED_EDGE('',*,*,#4788,.F.);
#5353 = ORIENTED_EDGE('',*,*,#5354,.T.);
#5354 = EDGE_CURVE('',#4789,#5355,#5357,.T.);
#5355 = VERTEX_POINT('',#5356);
#5356 = CARTESIAN_POINT('',(54.68,0.,-9.75));
#5357 = LINE('',#5358,#5359);
#5358 = CARTESIAN_POINT('',(54.68,-8.,-9.75));
#5359 = VECTOR('',#5360,1.);
#5360 = DIRECTION('',(0.,1.,-2.2E-16));
#5361 = ORIENTED_EDGE('',*,*,#5362,.T.);
#5362 = EDGE_CURVE('',#5355,#5355,#5363,.T.);
#5363 = CIRCLE('',#5364,1.6);
#5364 = AXIS2_PLACEMENT_3D('',#5365,#5366,#5367);
#5365 = CARTESIAN_POINT('',(53.08,0.,-9.75));
#5366 = DIRECTION('',(0.,-1.,2.2E-16));
#5367 = DIRECTION('',(1.,0.,0.));
#5368 = ORIENTED_EDGE('',*,*,#5354,.F.);
#5369 = CYLINDRICAL_SURFACE('',#5370,1.6);
#5370 = AXIS2_PLACEMENT_3D('',#5371,#5372,#5373);
#5371 = CARTESIAN_POINT('',(53.08,-8.,-9.75));
#5372 = DIRECTION('',(0.,-1.,2.2E-16));
#5373 = DIRECTION('',(1.,0.,0.));
#5374 = ADVANCED_FACE('',(#5375),#5394,.F.);
#5375 = FACE_BOUND('',#5376,.F.);
#5376 = EDGE_LOOP('',(#5377,#5378,#5386,#5393));
#5377 = ORIENTED_EDGE('',*,*,#4799,.F.);
#5378 = ORIENTED_EDGE('',*,*,#5379,.T.);
#5379 = EDGE_CURVE('',#4800,#5380,#5382,.T.);
#5380 = VERTEX_POINT('',#5381);
#5381 = CARTESIAN_POINT('',(55.68,0.,-18.15));
#5382 = LINE('',#5383,#5384);
#5383 = CARTESIAN_POINT('',(55.68,-8.,-18.15));
#5384 = VECTOR('',#5385,1.);
#5385 = DIRECTION('',(0.,1.,-2.2E-16));
#5386 = ORIENTED_EDGE('',*,*,#5387,.T.);
#5387 = EDGE_CURVE('',#5380,#5380,#5388,.T.);
#5388 = CIRCLE('',#5389,2.6);
#5389 = AXIS2_PLACEMENT_3D('',#5390,#5391,#5392);
#5390 = CARTESIAN_POINT('',(53.08,0.,-18.15));
#5391 = DIRECTION('',(0.,-1.,2.2E-16));
#5392 = DIRECTION('',(1.,0.,0.));
#5393 = ORIENTED_EDGE('',*,*,#5379,.F.);
#5394 = CYLINDRICAL_SURFACE('',#5395,2.6);
#5395 = AXIS2_PLACEMENT_3D('',#5396,#5397,#5398);
#5396 = CARTESIAN_POINT('',(53.08,-8.,-18.15));
#5397 = DIRECTION('',(0.,-1.,2.2E-16));
#5398 = DIRECTION('',(1.,0.,0.));
#5399 = ADVANCED_FACE('',(#5400),#5419,.F.);
#5400 = FACE_BOUND('',#5401,.F.);
#5401 = EDGE_LOOP('',(#5402,#5410,#5417,#5418));
#5402 = ORIENTED_EDGE('',*,*,#5403,.T.);
#5403 = EDGE_CURVE('',#4814,#5404,#5406,.T.);
#5404 = VERTEX_POINT('',#5405);
#5405 = CARTESIAN_POINT('',(93.45,-4.5,9.75));
#5406 = LINE('',#5407,#5408);
#5407 = CARTESIAN_POINT('',(93.45,-8.,9.75));
#5408 = VECTOR('',#5409,1.);
#5409 = DIRECTION('',(0.,1.,-2.2E-16));
#5410 = ORIENTED_EDGE('',*,*,#5411,.T.);
#5411 = EDGE_CURVE('',#5404,#5404,#5412,.T.);
#5412 = CIRCLE('',#5413,2.8);
#5413 = AXIS2_PLACEMENT_3D('',#5414,#5415,#5416);
#5414 = CARTESIAN_POINT('',(90.65,-4.5,9.75));
#5415 = DIRECTION('',(0.,-1.,0.));
#5416 = DIRECTION('',(1.,0.,0.));
#5417 = ORIENTED_EDGE('',*,*,#5403,.F.);
#5418 = ORIENTED_EDGE('',*,*,#4813,.F.);
#5419 = CYLINDRICAL_SURFACE('',#5420,2.8);
#5420 = AXIS2_PLACEMENT_3D('',#5421,#5422,#5423);
#5421 = CARTESIAN_POINT('',(90.65,-8.,9.75));
#5422 = DIRECTION('',(0.,-1.,2.2E-16));
#5423 = DIRECTION('',(1.,0.,0.));
#5424 = ADVANCED_FACE('',(#5425),#5444,.F.);
#5425 = FACE_BOUND('',#5426,.T.);
#5426 = EDGE_LOOP('',(#5427,#5435,#5442,#5443));
#5427 = ORIENTED_EDGE('',*,*,#5428,.T.);
#5428 = EDGE_CURVE('',#4825,#5429,#5431,.T.);
#5429 = VERTEX_POINT('',#5430);
#5430 = CARTESIAN_POINT('',(93.45,-4.5,-9.75));
#5431 = LINE('',#5432,#5433);
#5432 = CARTESIAN_POINT('',(93.45,-8.,-9.75));
#5433 = VECTOR('',#5434,1.);
#5434 = DIRECTION('',(0.,1.,2.2E-16));
#5435 = ORIENTED_EDGE('',*,*,#5436,.T.);
#5436 = EDGE_CURVE('',#5429,#5429,#5437,.T.);
#5437 = CIRCLE('',#5438,2.8);
#5438 = AXIS2_PLACEMENT_3D('',#5439,#5440,#5441);
#5439 = CARTESIAN_POINT('',(90.65,-4.5,-9.75));
#5440 = DIRECTION('',(-0.,1.,4.4E-16));
#5441 = DIRECTION('',(1.,0.,0.));
#5442 = ORIENTED_EDGE('',*,*,#5428,.F.);
#5443 = ORIENTED_EDGE('',*,*,#4824,.F.);
#5444 = CYLINDRICAL_SURFACE('',#5445,2.8);
#5445 = AXIS2_PLACEMENT_3D('',#5446,#5447,#5448);
#5446 = CARTESIAN_POINT('',(90.65,-8.,-9.75));
#5447 = DIRECTION('',(-0.,-1.,-2.2E-16));
#5448 = DIRECTION('',(1.,0.,0.));
#5449 = ADVANCED_FACE('',(#5450),#5469,.F.);
#5450 = FACE_BOUND('',#5451,.T.);
#5451 = EDGE_LOOP('',(#5452,#5460,#5467,#5468));
#5452 = ORIENTED_EDGE('',*,*,#5453,.F.);
#5453 = EDGE_CURVE('',#5454,#4845,#5456,.T.);
#5454 = VERTEX_POINT('',#5455);
#5455 = CARTESIAN_POINT('',(58.75,4.5,-9.75));
#5456 = LINE('',#5457,#5458);
#5457 = CARTESIAN_POINT('',(58.75,4.5,-9.75));
#5458 = VECTOR('',#5459,1.);
#5459 = DIRECTION('',(-0.,-1.,-2.2E-16));
#5460 = ORIENTED_EDGE('',*,*,#5461,.F.);
#5461 = EDGE_CURVE('',#5454,#5454,#5462,.T.);
#5462 = CIRCLE('',#5463,1.6);
#5463 = AXIS2_PLACEMENT_3D('',#5464,#5465,#5466);
#5464 = CARTESIAN_POINT('',(60.35,4.5,-9.75));
#5465 = DIRECTION('',(-0.,-1.,-4.4E-16));
#5466 = DIRECTION('',(-1.,0.,0.));
#5467 = ORIENTED_EDGE('',*,*,#5453,.T.);
#5468 = ORIENTED_EDGE('',*,*,#4844,.T.);
#5469 = CYLINDRICAL_SURFACE('',#5470,1.6);
#5470 = AXIS2_PLACEMENT_3D('',#5471,#5472,#5473);
#5471 = CARTESIAN_POINT('',(60.35,4.5,-9.75));
#5472 = DIRECTION('',(0.,1.,2.2E-16));
#5473 = DIRECTION('',(-1.,0.,0.));
#5474 = ADVANCED_FACE('',(#5475,#5481,#5643,#5646,#5649,#5660,#5671,
    #5674,#5677,#5680,#5683,#5686,#5689,#5692),#5695,.T.);
#5475 = FACE_BOUND('',#5476,.T.);
#5476 = EDGE_LOOP('',(#5477,#5478,#5479,#5480));
#5477 = ORIENTED_EDGE('',*,*,#5014,.T.);
#5478 = ORIENTED_EDGE('',*,*,#4966,.T.);
#5479 = ORIENTED_EDGE('',*,*,#4909,.F.);
#5480 = ORIENTED_EDGE('',*,*,#4861,.F.);
#5481 = FACE_BOUND('',#5482,.T.);
#5482 = EDGE_LOOP('',(#5483,#5493,#5501,#5509,#5517,#5525,#5533,#5541,
    #5549,#5557,#5565,#5573,#5581,#5589,#5597,#5605,#5613,#5621,#5629,
    #5637));
#5483 = ORIENTED_EDGE('',*,*,#5484,.F.);
#5484 = EDGE_CURVE('',#5485,#5487,#5489,.T.);
#5485 = VERTEX_POINT('',#5486);
#5486 = CARTESIAN_POINT('',(68.464376360265,3.E-15,-6.75));
#5487 = VERTEX_POINT('',#5488);
#5488 = CARTESIAN_POINT('',(68.464376360265,3.E-15,6.75));
#5489 = LINE('',#5490,#5491);
#5490 = CARTESIAN_POINT('',(68.464376360265,1.78E-15,12.75));
#5491 = VECTOR('',#5492,1.);
#5492 = DIRECTION('',(0.,0.,1.));
#5493 = ORIENTED_EDGE('',*,*,#5494,.F.);
#5494 = EDGE_CURVE('',#5495,#5485,#5497,.T.);
#5495 = VERTEX_POINT('',#5496);
#5496 = CARTESIAN_POINT('',(58.,3.E-15,-6.75));
#5497 = LINE('',#5498,#5499);
#5498 = CARTESIAN_POINT('',(58.,3.E-15,-6.75));
#5499 = VECTOR('',#5500,1.);
#5500 = DIRECTION('',(1.,0.,0.));
#5501 = ORIENTED_EDGE('',*,*,#5502,.F.);
#5502 = EDGE_CURVE('',#5503,#5495,#5505,.T.);
#5503 = VERTEX_POINT('',#5504);
#5504 = CARTESIAN_POINT('',(58.,3.E-15,-12.75));
#5505 = LINE('',#5506,#5507);
#5506 = CARTESIAN_POINT('',(58.,2.83E-15,-12.75));
#5507 = VECTOR('',#5508,1.);
#5508 = DIRECTION('',(0.,0.,1.));
#5509 = ORIENTED_EDGE('',*,*,#5510,.F.);
#5510 = EDGE_CURVE('',#5511,#5503,#5513,.T.);
#5511 = VERTEX_POINT('',#5512);
#5512 = CARTESIAN_POINT('',(68.464376360265,-1.83E-13,-12.75));
#5513 = LINE('',#5514,#5515);
#5514 = CARTESIAN_POINT('',(95.,0.,-12.75));
#5515 = VECTOR('',#5516,1.);
#5516 = DIRECTION('',(-1.,-0.,-0.));
#5517 = ORIENTED_EDGE('',*,*,#5518,.T.);
#5518 = EDGE_CURVE('',#5511,#5519,#5521,.T.);
#5519 = VERTEX_POINT('',#5520);
#5520 = CARTESIAN_POINT('',(68.464376360265,-1.83E-13,-14.75));
#5521 = LINE('',#5522,#5523);
#5522 = CARTESIAN_POINT('',(68.464376360265,-1.8341E-13,-12.75));
#5523 = VECTOR('',#5524,1.);
#5524 = DIRECTION('',(-0.,-0.,-1.));
#5525 = ORIENTED_EDGE('',*,*,#5526,.F.);
#5526 = EDGE_CURVE('',#5527,#5519,#5529,.T.);
#5527 = VERTEX_POINT('',#5528);
#5528 = CARTESIAN_POINT('',(82.535623639735,-1.86E-13,-14.75));
#5529 = LINE('',#5530,#5531);
#5530 = CARTESIAN_POINT('',(95.,0.,-14.75));
#5531 = VECTOR('',#5532,1.);
#5532 = DIRECTION('',(-1.,-0.,-0.));
#5533 = ORIENTED_EDGE('',*,*,#5534,.F.);
#5534 = EDGE_CURVE('',#5535,#5527,#5537,.T.);
#5535 = VERTEX_POINT('',#5536);
#5536 = CARTESIAN_POINT('',(82.535623639735,-1.86E-13,-12.75));
#5537 = LINE('',#5538,#5539);
#5538 = CARTESIAN_POINT('',(82.535623639735,-1.8607E-13,-12.75));
#5539 = VECTOR('',#5540,1.);
#5540 = DIRECTION('',(-0.,-0.,-1.));
#5541 = ORIENTED_EDGE('',*,*,#5542,.F.);
#5542 = EDGE_CURVE('',#5543,#5535,#5545,.T.);
#5543 = VERTEX_POINT('',#5544);
#5544 = CARTESIAN_POINT('',(93.,3.E-15,-12.75));
#5545 = LINE('',#5546,#5547);
#5546 = CARTESIAN_POINT('',(95.,0.,-12.75));
#5547 = VECTOR('',#5548,1.);
#5548 = DIRECTION('',(-1.,-0.,-0.));
#5549 = ORIENTED_EDGE('',*,*,#5550,.T.);
#5550 = EDGE_CURVE('',#5543,#5551,#5553,.T.);
#5551 = VERTEX_POINT('',#5552);
#5552 = CARTESIAN_POINT('',(93.,3.E-15,-6.75));
#5553 = LINE('',#5554,#5555);
#5554 = CARTESIAN_POINT('',(93.,2.83E-15,-12.75));
#5555 = VECTOR('',#5556,1.);
#5556 = DIRECTION('',(0.,0.,1.));
#5557 = ORIENTED_EDGE('',*,*,#5558,.F.);
#5558 = EDGE_CURVE('',#5559,#5551,#5561,.T.);
#5559 = VERTEX_POINT('',#5560);
#5560 = CARTESIAN_POINT('',(82.535623639735,3.E-15,-6.75));
#5561 = LINE('',#5562,#5563);
#5562 = CARTESIAN_POINT('',(58.,3.E-15,-6.75));
#5563 = VECTOR('',#5564,1.);
#5564 = DIRECTION('',(1.,0.,0.));
#5565 = ORIENTED_EDGE('',*,*,#5566,.F.);
#5566 = EDGE_CURVE('',#5567,#5559,#5569,.T.);
#5567 = VERTEX_POINT('',#5568);
#5568 = CARTESIAN_POINT('',(82.535623639735,3.E-15,6.75));
#5569 = LINE('',#5570,#5571);
#5570 = CARTESIAN_POINT('',(82.535623639735,1.78E-15,-12.75));
#5571 = VECTOR('',#5572,1.);
#5572 = DIRECTION('',(-0.,-0.,-1.));
#5573 = ORIENTED_EDGE('',*,*,#5574,.T.);
#5574 = EDGE_CURVE('',#5567,#5575,#5577,.T.);
#5575 = VERTEX_POINT('',#5576);
#5576 = CARTESIAN_POINT('',(93.,3.E-15,6.75));
#5577 = LINE('',#5578,#5579);
#5578 = CARTESIAN_POINT('',(58.,3.E-15,6.75));
#5579 = VECTOR('',#5580,1.);
#5580 = DIRECTION('',(1.,0.,0.));
#5581 = ORIENTED_EDGE('',*,*,#5582,.F.);
#5582 = EDGE_CURVE('',#5583,#5575,#5585,.T.);
#5583 = VERTEX_POINT('',#5584);
#5584 = CARTESIAN_POINT('',(93.,3.E-15,12.75));
#5585 = LINE('',#5586,#5587);
#5586 = CARTESIAN_POINT('',(93.,2.83E-15,12.75));
#5587 = VECTOR('',#5588,1.);
#5588 = DIRECTION('',(-0.,-0.,-1.));
#5589 = ORIENTED_EDGE('',*,*,#5590,.T.);
#5590 = EDGE_CURVE('',#5583,#5591,#5593,.T.);
#5591 = VERTEX_POINT('',#5592);
#5592 = CARTESIAN_POINT('',(82.535623639735,-1.86E-13,12.75));
#5593 = LINE('',#5594,#5595);
#5594 = CARTESIAN_POINT('',(95.,0.,12.75));
#5595 = VECTOR('',#5596,1.);
#5596 = DIRECTION('',(-1.,0.,0.));
#5597 = ORIENTED_EDGE('',*,*,#5598,.T.);
#5598 = EDGE_CURVE('',#5591,#5599,#5601,.T.);
#5599 = VERTEX_POINT('',#5600);
#5600 = CARTESIAN_POINT('',(82.535623639735,-1.86E-13,14.75));
#5601 = LINE('',#5602,#5603);
#5602 = CARTESIAN_POINT('',(82.535623639735,-1.8607E-13,12.75));
#5603 = VECTOR('',#5604,1.);
#5604 = DIRECTION('',(0.,0.,1.));
#5605 = ORIENTED_EDGE('',*,*,#5606,.T.);
#5606 = EDGE_CURVE('',#5599,#5607,#5609,.T.);
#5607 = VERTEX_POINT('',#5608);
#5608 = CARTESIAN_POINT('',(68.464376360265,-1.83E-13,14.75));
#5609 = LINE('',#5610,#5611);
#5610 = CARTESIAN_POINT('',(95.,0.,14.75));
#5611 = VECTOR('',#5612,1.);
#5612 = DIRECTION('',(-1.,0.,0.));
#5613 = ORIENTED_EDGE('',*,*,#5614,.F.);
#5614 = EDGE_CURVE('',#5615,#5607,#5617,.T.);
#5615 = VERTEX_POINT('',#5616);
#5616 = CARTESIAN_POINT('',(68.464376360265,-1.83E-13,12.75));
#5617 = LINE('',#5618,#5619);
#5618 = CARTESIAN_POINT('',(68.464376360265,-1.8341E-13,12.75));
#5619 = VECTOR('',#5620,1.);
#5620 = DIRECTION('',(0.,0.,1.));
#5621 = ORIENTED_EDGE('',*,*,#5622,.T.);
#5622 = EDGE_CURVE('',#5615,#5623,#5625,.T.);
#5623 = VERTEX_POINT('',#5624);
#5624 = CARTESIAN_POINT('',(58.,3.E-15,12.75));
#5625 = LINE('',#5626,#5627);
#5626 = CARTESIAN_POINT('',(95.,0.,12.75));
#5627 = VECTOR('',#5628,1.);
#5628 = DIRECTION('',(-1.,0.,0.));
#5629 = ORIENTED_EDGE('',*,*,#5630,.T.);
#5630 = EDGE_CURVE('',#5623,#5631,#5633,.T.);
#5631 = VERTEX_POINT('',#5632);
#5632 = CARTESIAN_POINT('',(58.,3.E-15,6.75));
#5633 = LINE('',#5634,#5635);
#5634 = CARTESIAN_POINT('',(58.,2.83E-15,12.75));
#5635 = VECTOR('',#5636,1.);
#5636 = DIRECTION('',(-0.,-0.,-1.));
#5637 = ORIENTED_EDGE('',*,*,#5638,.T.);
#5638 = EDGE_CURVE('',#5631,#5487,#5639,.T.);
#5639 = LINE('',#5640,#5641);
#5640 = CARTESIAN_POINT('',(58.,3.E-15,6.75));
#5641 = VECTOR('',#5642,1.);
#5642 = DIRECTION('',(1.,0.,0.));
#5643 = FACE_BOUND('',#5644,.T.);
#5644 = EDGE_LOOP('',(#5645));
#5645 = ORIENTED_EDGE('',*,*,#5387,.T.);
#5646 = FACE_BOUND('',#5647,.T.);
#5647 = EDGE_LOOP('',(#5648));
#5648 = ORIENTED_EDGE('',*,*,#5137,.T.);
#5649 = FACE_BOUND('',#5650,.T.);
#5650 = EDGE_LOOP('',(#5651));
#5651 = ORIENTED_EDGE('',*,*,#5652,.T.);
#5652 = EDGE_CURVE('',#5653,#5653,#5655,.T.);
#5653 = VERTEX_POINT('',#5654);
#5654 = CARTESIAN_POINT('',(22.23,0.,11.9));
#5655 = CIRCLE('',#5656,2.6);
#5656 = AXIS2_PLACEMENT_3D('',#5657,#5658,#5659);
#5657 = CARTESIAN_POINT('',(19.63,0.,11.9));
#5658 = DIRECTION('',(0.,-1.,2.2E-16));
#5659 = DIRECTION('',(1.,0.,0.));
#5660 = FACE_BOUND('',#5661,.T.);
#5661 = EDGE_LOOP('',(#5662));
#5662 = ORIENTED_EDGE('',*,*,#5663,.T.);
#5663 = EDGE_CURVE('',#5664,#5664,#5666,.T.);
#5664 = VERTEX_POINT('',#5665);
#5665 = CARTESIAN_POINT('',(42.23,0.,11.9));
#5666 = CIRCLE('',#5667,2.6);
#5667 = AXIS2_PLACEMENT_3D('',#5668,#5669,#5670);
#5668 = CARTESIAN_POINT('',(39.63,0.,11.9));
#5669 = DIRECTION('',(0.,-1.,2.2E-16));
#5670 = DIRECTION('',(1.,0.,0.));
#5671 = FACE_BOUND('',#5672,.T.);
#5672 = EDGE_LOOP('',(#5673));
#5673 = ORIENTED_EDGE('',*,*,#5287,.T.);
#5674 = FACE_BOUND('',#5675,.T.);
#5675 = EDGE_LOOP('',(#5676));
#5676 = ORIENTED_EDGE('',*,*,#5037,.T.);
#5677 = FACE_BOUND('',#5678,.T.);
#5678 = EDGE_LOOP('',(#5679));
#5679 = ORIENTED_EDGE('',*,*,#5312,.T.);
#5680 = FACE_BOUND('',#5681,.T.);
#5681 = EDGE_LOOP('',(#5682));
#5682 = ORIENTED_EDGE('',*,*,#5162,.T.);
#5683 = FACE_BOUND('',#5684,.T.);
#5684 = EDGE_LOOP('',(#5685));
#5685 = ORIENTED_EDGE('',*,*,#5212,.T.);
#5686 = FACE_BOUND('',#5687,.T.);
#5687 = EDGE_LOOP('',(#5688));
#5688 = ORIENTED_EDGE('',*,*,#5362,.T.);
#5689 = FACE_BOUND('',#5690,.T.);
#5690 = EDGE_LOOP('',(#5691));
#5691 = ORIENTED_EDGE('',*,*,#5062,.T.);
#5692 = FACE_BOUND('',#5693,.T.);
#5693 = EDGE_LOOP('',(#5694));
#5694 = ORIENTED_EDGE('',*,*,#5112,.T.);
#5695 = PLANE('',#5696);
#5696 = AXIS2_PLACEMENT_3D('',#5697,#5698,#5699);
#5697 = CARTESIAN_POINT('',(47.5,0.,-2.5));
#5698 = DIRECTION('',(0.,1.,0.));
#5699 = DIRECTION('',(0.,0.,1.));
#5700 = ADVANCED_FACE('',(#5701,#5707,#5710),#5713,.F.);
#5701 = FACE_BOUND('',#5702,.F.);
#5702 = EDGE_LOOP('',(#5703,#5704,#5705,#5706));
#5703 = ORIENTED_EDGE('',*,*,#5005,.T.);
#5704 = ORIENTED_EDGE('',*,*,#4988,.T.);
#5705 = ORIENTED_EDGE('',*,*,#4932,.F.);
#5706 = ORIENTED_EDGE('',*,*,#4886,.F.);
#5707 = FACE_BOUND('',#5708,.F.);
#5708 = EDGE_LOOP('',(#5709));
#5709 = ORIENTED_EDGE('',*,*,#5262,.F.);
#5710 = FACE_BOUND('',#5711,.F.);
#5711 = EDGE_LOOP('',(#5712));
#5712 = ORIENTED_EDGE('',*,*,#5237,.F.);
#5713 = PLANE('',#5714);
#5714 = AXIS2_PLACEMENT_3D('',#5715,#5716,#5717);
#5715 = CARTESIAN_POINT('',(95.,-2.,22.75));
#5716 = DIRECTION('',(0.,-1.,0.));
#5717 = DIRECTION('',(-1.,0.,0.));
#5718 = ADVANCED_FACE('',(#5719,#5722),#5733,.F.);
#5719 = FACE_BOUND('',#5720,.F.);
#5720 = EDGE_LOOP('',(#5721));
#5721 = ORIENTED_EDGE('',*,*,#5086,.F.);
#5722 = FACE_BOUND('',#5723,.F.);
#5723 = EDGE_LOOP('',(#5724));
#5724 = ORIENTED_EDGE('',*,*,#5725,.T.);
#5725 = EDGE_CURVE('',#5726,#5726,#5728,.T.);
#5726 = VERTEX_POINT('',#5727);
#5727 = CARTESIAN_POINT('',(22.23,-2.5,11.9));
#5728 = CIRCLE('',#5729,2.6);
#5729 = AXIS2_PLACEMENT_3D('',#5730,#5731,#5732);
#5730 = CARTESIAN_POINT('',(19.63,-2.5,11.9));
#5731 = DIRECTION('',(0.,-1.,2.2E-16));
#5732 = DIRECTION('',(1.,0.,0.));
#5733 = PLANE('',#5734);
#5734 = AXIS2_PLACEMENT_3D('',#5735,#5736,#5737);
#5735 = CARTESIAN_POINT('',(29.63,-2.5,11.9));
#5736 = DIRECTION('',(0.,1.,-2.3E-16));
#5737 = DIRECTION('',(0.,2.3E-16,1.));
#5738 = ADVANCED_FACE('',(#5739,#5742),#5753,.F.);
#5739 = FACE_BOUND('',#5740,.F.);
#5740 = EDGE_LOOP('',(#5741));
#5741 = ORIENTED_EDGE('',*,*,#5186,.F.);
#5742 = FACE_BOUND('',#5743,.F.);
#5743 = EDGE_LOOP('',(#5744));
#5744 = ORIENTED_EDGE('',*,*,#5745,.T.);
#5745 = EDGE_CURVE('',#5746,#5746,#5748,.T.);
#5746 = VERTEX_POINT('',#5747);
#5747 = CARTESIAN_POINT('',(42.23,-2.5,11.9));
#5748 = CIRCLE('',#5749,2.6);
#5749 = AXIS2_PLACEMENT_3D('',#5750,#5751,#5752);
#5750 = CARTESIAN_POINT('',(39.63,-2.5,11.9));
#5751 = DIRECTION('',(0.,-1.,2.2E-16));
#5752 = DIRECTION('',(1.,0.,0.));
#5753 = PLANE('',#5754);
#5754 = AXIS2_PLACEMENT_3D('',#5755,#5756,#5757);
#5755 = CARTESIAN_POINT('',(29.63,-2.5,11.9));
#5756 = DIRECTION('',(0.,1.,-2.3E-16));
#5757 = DIRECTION('',(0.,2.3E-16,1.));
#5758 = ADVANCED_FACE('',(#5759,#5762),#5773,.F.);
#5759 = FACE_BOUND('',#5760,.F.);
#5760 = EDGE_LOOP('',(#5761));
#5761 = ORIENTED_EDGE('',*,*,#5336,.F.);
#5762 = FACE_BOUND('',#5763,.F.);
#5763 = EDGE_LOOP('',(#5764));
#5764 = ORIENTED_EDGE('',*,*,#5765,.F.);
#5765 = EDGE_CURVE('',#5766,#5766,#5768,.T.);
#5766 = VERTEX_POINT('',#5767);
#5767 = CARTESIAN_POINT('',(58.75,-4.5,9.75));
#5768 = CIRCLE('',#5769,1.6);
#5769 = AXIS2_PLACEMENT_3D('',#5770,#5771,#5772);
#5770 = CARTESIAN_POINT('',(60.35,-4.5,9.75));
#5771 = DIRECTION('',(0.,1.,-2.2E-16));
#5772 = DIRECTION('',(-1.,0.,0.));
#5773 = PLANE('',#5774);
#5774 = AXIS2_PLACEMENT_3D('',#5775,#5776,#5777);
#5775 = CARTESIAN_POINT('',(75.5,-4.5,9.75));
#5776 = DIRECTION('',(0.,1.,0.));
#5777 = DIRECTION('',(0.,0.,1.));
#5778 = ADVANCED_FACE('',(#5779,#5782),#5793,.F.);
#5779 = FACE_BOUND('',#5780,.F.);
#5780 = EDGE_LOOP('',(#5781));
#5781 = ORIENTED_EDGE('',*,*,#5411,.F.);
#5782 = FACE_BOUND('',#5783,.F.);
#5783 = EDGE_LOOP('',(#5784));
#5784 = ORIENTED_EDGE('',*,*,#5785,.F.);
#5785 = EDGE_CURVE('',#5786,#5786,#5788,.T.);
#5786 = VERTEX_POINT('',#5787);
#5787 = CARTESIAN_POINT('',(89.05,-4.5,9.75));
#5788 = CIRCLE('',#5789,1.6);
#5789 = AXIS2_PLACEMENT_3D('',#5790,#5791,#5792);
#5790 = CARTESIAN_POINT('',(90.65,-4.5,9.75));
#5791 = DIRECTION('',(0.,1.,-2.2E-16));
#5792 = DIRECTION('',(-1.,0.,0.));
#5793 = PLANE('',#5794);
#5794 = AXIS2_PLACEMENT_3D('',#5795,#5796,#5797);
#5795 = CARTESIAN_POINT('',(75.5,-4.5,9.75));
#5796 = DIRECTION('',(0.,1.,0.));
#5797 = DIRECTION('',(0.,0.,1.));
#5798 = ADVANCED_FACE('',(#5799,#5802),#5813,.F.);
#5799 = FACE_BOUND('',#5800,.T.);
#5800 = EDGE_LOOP('',(#5801));
#5801 = ORIENTED_EDGE('',*,*,#5436,.F.);
#5802 = FACE_BOUND('',#5803,.T.);
#5803 = EDGE_LOOP('',(#5804));
#5804 = ORIENTED_EDGE('',*,*,#5805,.F.);
#5805 = EDGE_CURVE('',#5806,#5806,#5808,.T.);
#5806 = VERTEX_POINT('',#5807);
#5807 = CARTESIAN_POINT('',(89.05,-4.5,-9.75));
#5808 = CIRCLE('',#5809,1.6);
#5809 = AXIS2_PLACEMENT_3D('',#5810,#5811,#5812);
#5810 = CARTESIAN_POINT('',(90.65,-4.5,-9.75));
#5811 = DIRECTION('',(-0.,-1.,-2.2E-16));
#5812 = DIRECTION('',(-1.,0.,0.));
#5813 = PLANE('',#5814);
#5814 = AXIS2_PLACEMENT_3D('',#5815,#5816,#5817);
#5815 = CARTESIAN_POINT('',(75.5,-4.5,-9.75));
#5816 = DIRECTION('',(0.,1.,0.));
#5817 = DIRECTION('',(0.,0.,1.));
#5818 = ADVANCED_FACE('',(#5819,#5853),#5856,.T.);
#5819 = FACE_BOUND('',#5820,.F.);
#5820 = EDGE_LOOP('',(#5821,#5831,#5839,#5847));
#5821 = ORIENTED_EDGE('',*,*,#5822,.F.);
#5822 = EDGE_CURVE('',#5823,#5825,#5827,.T.);
#5823 = VERTEX_POINT('',#5824);
#5824 = CARTESIAN_POINT('',(66.013167019495,4.5,-12.75));
#5825 = VERTEX_POINT('',#5826);
#5826 = CARTESIAN_POINT('',(58.,4.5,-12.75));
#5827 = LINE('',#5828,#5829);
#5828 = CARTESIAN_POINT('',(93.,4.5,-12.75));
#5829 = VECTOR('',#5830,1.);
#5830 = DIRECTION('',(-1.,-0.,-0.));
#5831 = ORIENTED_EDGE('',*,*,#5832,.F.);
#5832 = EDGE_CURVE('',#5833,#5823,#5835,.T.);
#5833 = VERTEX_POINT('',#5834);
#5834 = CARTESIAN_POINT('',(66.013167019495,4.5,-6.75));
#5835 = LINE('',#5836,#5837);
#5836 = CARTESIAN_POINT('',(66.013167019495,4.5,-12.75));
#5837 = VECTOR('',#5838,1.);
#5838 = DIRECTION('',(-0.,-0.,-1.));
#5839 = ORIENTED_EDGE('',*,*,#5840,.T.);
#5840 = EDGE_CURVE('',#5833,#5841,#5843,.T.);
#5841 = VERTEX_POINT('',#5842);
#5842 = CARTESIAN_POINT('',(58.,4.5,-6.75));
#5843 = LINE('',#5844,#5845);
#5844 = CARTESIAN_POINT('',(93.,4.5,-6.75));
#5845 = VECTOR('',#5846,1.);
#5846 = DIRECTION('',(-1.,-0.,-0.));
#5847 = ORIENTED_EDGE('',*,*,#5848,.F.);
#5848 = EDGE_CURVE('',#5825,#5841,#5849,.T.);
#5849 = LINE('',#5850,#5851);
#5850 = CARTESIAN_POINT('',(58.,4.5,-12.75));
#5851 = VECTOR('',#5852,1.);
#5852 = DIRECTION('',(0.,0.,1.));
#5853 = FACE_BOUND('',#5854,.F.);
#5854 = EDGE_LOOP('',(#5855));
#5855 = ORIENTED_EDGE('',*,*,#5461,.F.);
#5856 = PLANE('',#5857);
#5857 = AXIS2_PLACEMENT_3D('',#5858,#5859,#5860);
#5858 = CARTESIAN_POINT('',(93.,4.5,-12.75));
#5859 = DIRECTION('',(0.,1.,0.));
#5860 = DIRECTION('',(1.,0.,0.));
#5861 = ADVANCED_FACE('',(#5862),#5971,.F.);
#5862 = FACE_BOUND('',#5863,.F.);
#5863 = EDGE_LOOP('',(#5864,#5865,#5874,#5882,#5889,#5890,#5899,#5907,
    #5914,#5915,#5922,#5923,#5932,#5940,#5947,#5948,#5955,#5956,#5963,
    #5964));
#5864 = ORIENTED_EDGE('',*,*,#5534,.F.);
#5865 = ORIENTED_EDGE('',*,*,#5866,.T.);
#5866 = EDGE_CURVE('',#5535,#5867,#5869,.T.);
#5867 = VERTEX_POINT('',#5868);
#5868 = CARTESIAN_POINT('',(84.986832980505,4.5,-12.75));
#5869 = CIRCLE('',#5870,9.75);
#5870 = AXIS2_PLACEMENT_3D('',#5871,#5872,#5873);
#5871 = CARTESIAN_POINT('',(75.5,6.75,-12.75));
#5872 = DIRECTION('',(0.,0.,1.));
#5873 = DIRECTION('',(1.,0.,0.));
#5874 = ORIENTED_EDGE('',*,*,#5875,.F.);
#5875 = EDGE_CURVE('',#5876,#5867,#5878,.T.);
#5876 = VERTEX_POINT('',#5877);
#5877 = CARTESIAN_POINT('',(84.986832980505,4.5,-6.75));
#5878 = LINE('',#5879,#5880);
#5879 = CARTESIAN_POINT('',(84.986832980505,4.5,-12.75));
#5880 = VECTOR('',#5881,1.);
#5881 = DIRECTION('',(-0.,-0.,-1.));
#5882 = ORIENTED_EDGE('',*,*,#5883,.F.);
#5883 = EDGE_CURVE('',#5559,#5876,#5884,.T.);
#5884 = CIRCLE('',#5885,9.75);
#5885 = AXIS2_PLACEMENT_3D('',#5886,#5887,#5888);
#5886 = CARTESIAN_POINT('',(75.5,6.75,-6.75));
#5887 = DIRECTION('',(0.,0.,1.));
#5888 = DIRECTION('',(1.,0.,0.));
#5889 = ORIENTED_EDGE('',*,*,#5566,.F.);
#5890 = ORIENTED_EDGE('',*,*,#5891,.T.);
#5891 = EDGE_CURVE('',#5567,#5892,#5894,.T.);
#5892 = VERTEX_POINT('',#5893);
#5893 = CARTESIAN_POINT('',(84.986832980505,4.5,6.75));
#5894 = CIRCLE('',#5895,9.75);
#5895 = AXIS2_PLACEMENT_3D('',#5896,#5897,#5898);
#5896 = CARTESIAN_POINT('',(75.5,6.75,6.75));
#5897 = DIRECTION('',(0.,0.,1.));
#5898 = DIRECTION('',(1.,0.,0.));
#5899 = ORIENTED_EDGE('',*,*,#5900,.T.);
#5900 = EDGE_CURVE('',#5892,#5901,#5903,.T.);
#5901 = VERTEX_POINT('',#5902);
#5902 = CARTESIAN_POINT('',(84.986832980505,4.5,12.75));
#5903 = LINE('',#5904,#5905);
#5904 = CARTESIAN_POINT('',(84.986832980505,4.5,12.75));
#5905 = VECTOR('',#5906,1.);
#5906 = DIRECTION('',(0.,0.,1.));
#5907 = ORIENTED_EDGE('',*,*,#5908,.F.);
#5908 = EDGE_CURVE('',#5591,#5901,#5909,.T.);
#5909 = CIRCLE('',#5910,9.75);
#5910 = AXIS2_PLACEMENT_3D('',#5911,#5912,#5913);
#5911 = CARTESIAN_POINT('',(75.5,6.75,12.75));
#5912 = DIRECTION('',(0.,0.,1.));
#5913 = DIRECTION('',(1.,0.,0.));
#5914 = ORIENTED_EDGE('',*,*,#5598,.T.);
#5915 = ORIENTED_EDGE('',*,*,#5916,.F.);
#5916 = EDGE_CURVE('',#5607,#5599,#5917,.T.);
#5917 = CIRCLE('',#5918,9.75);
#5918 = AXIS2_PLACEMENT_3D('',#5919,#5920,#5921);
#5919 = CARTESIAN_POINT('',(75.5,6.75,14.75));
#5920 = DIRECTION('',(0.,0.,1.));
#5921 = DIRECTION('',(1.,0.,0.));
#5922 = ORIENTED_EDGE('',*,*,#5614,.F.);
#5923 = ORIENTED_EDGE('',*,*,#5924,.F.);
#5924 = EDGE_CURVE('',#5925,#5615,#5927,.T.);
#5925 = VERTEX_POINT('',#5926);
#5926 = CARTESIAN_POINT('',(66.013167019495,4.5,12.75));
#5927 = CIRCLE('',#5928,9.75);
#5928 = AXIS2_PLACEMENT_3D('',#5929,#5930,#5931);
#5929 = CARTESIAN_POINT('',(75.5,6.75,12.75));
#5930 = DIRECTION('',(0.,0.,1.));
#5931 = DIRECTION('',(1.,0.,0.));
#5932 = ORIENTED_EDGE('',*,*,#5933,.F.);
#5933 = EDGE_CURVE('',#5934,#5925,#5936,.T.);
#5934 = VERTEX_POINT('',#5935);
#5935 = CARTESIAN_POINT('',(66.013167019495,4.5,6.75));
#5936 = LINE('',#5937,#5938);
#5937 = CARTESIAN_POINT('',(66.013167019495,4.5,12.75));
#5938 = VECTOR('',#5939,1.);
#5939 = DIRECTION('',(0.,0.,1.));
#5940 = ORIENTED_EDGE('',*,*,#5941,.T.);
#5941 = EDGE_CURVE('',#5934,#5487,#5942,.T.);
#5942 = CIRCLE('',#5943,9.75);
#5943 = AXIS2_PLACEMENT_3D('',#5944,#5945,#5946);
#5944 = CARTESIAN_POINT('',(75.5,6.75,6.75));
#5945 = DIRECTION('',(0.,0.,1.));
#5946 = DIRECTION('',(1.,0.,0.));
#5947 = ORIENTED_EDGE('',*,*,#5484,.F.);
#5948 = ORIENTED_EDGE('',*,*,#5949,.F.);
#5949 = EDGE_CURVE('',#5833,#5485,#5950,.T.);
#5950 = CIRCLE('',#5951,9.75);
#5951 = AXIS2_PLACEMENT_3D('',#5952,#5953,#5954);
#5952 = CARTESIAN_POINT('',(75.5,6.75,-6.75));
#5953 = DIRECTION('',(0.,0.,1.));
#5954 = DIRECTION('',(1.,0.,0.));
#5955 = ORIENTED_EDGE('',*,*,#5832,.T.);
#5956 = ORIENTED_EDGE('',*,*,#5957,.T.);
#5957 = EDGE_CURVE('',#5823,#5511,#5958,.T.);
#5958 = CIRCLE('',#5959,9.75);
#5959 = AXIS2_PLACEMENT_3D('',#5960,#5961,#5962);
#5960 = CARTESIAN_POINT('',(75.5,6.75,-12.75));
#5961 = DIRECTION('',(0.,0.,1.));
#5962 = DIRECTION('',(1.,0.,0.));
#5963 = ORIENTED_EDGE('',*,*,#5518,.T.);
#5964 = ORIENTED_EDGE('',*,*,#5965,.T.);
#5965 = EDGE_CURVE('',#5519,#5527,#5966,.T.);
#5966 = CIRCLE('',#5967,9.75);
#5967 = AXIS2_PLACEMENT_3D('',#5968,#5969,#5970);
#5968 = CARTESIAN_POINT('',(75.5,6.75,-14.75));
#5969 = DIRECTION('',(0.,0.,1.));
#5970 = DIRECTION('',(1.,0.,0.));
#5971 = CYLINDRICAL_SURFACE('',#5972,9.75);
#5972 = AXIS2_PLACEMENT_3D('',#5973,#5974,#5975);
#5973 = CARTESIAN_POINT('',(75.5,6.75,12.75));
#5974 = DIRECTION('',(0.,0.,1.));
#5975 = DIRECTION('',(1.,0.,0.));
#5976 = ADVANCED_FACE('',(#5977),#5988,.F.);
#5977 = FACE_BOUND('',#5978,.T.);
#5978 = EDGE_LOOP('',(#5979,#5985,#5986,#5987));
#5979 = ORIENTED_EDGE('',*,*,#5980,.T.);
#5980 = EDGE_CURVE('',#5841,#5495,#5981,.T.);
#5981 = LINE('',#5982,#5983);
#5982 = CARTESIAN_POINT('',(58.,4.5,-6.75));
#5983 = VECTOR('',#5984,1.);
#5984 = DIRECTION('',(-0.,-1.,-0.));
#5985 = ORIENTED_EDGE('',*,*,#5494,.T.);
#5986 = ORIENTED_EDGE('',*,*,#5949,.F.);
#5987 = ORIENTED_EDGE('',*,*,#5840,.T.);
#5988 = PLANE('',#5989);
#5989 = AXIS2_PLACEMENT_3D('',#5990,#5991,#5992);
#5990 = CARTESIAN_POINT('',(75.5,2.25,-6.75));
#5991 = DIRECTION('',(-0.,-0.,-1.));
#5992 = DIRECTION('',(-1.,-0.,-0.));
#5993 = ADVANCED_FACE('',(#5994),#6005,.T.);
#5994 = FACE_BOUND('',#5995,.F.);
#5995 = EDGE_LOOP('',(#5996,#5997,#5998,#5999));
#5996 = ORIENTED_EDGE('',*,*,#5848,.T.);
#5997 = ORIENTED_EDGE('',*,*,#5980,.T.);
#5998 = ORIENTED_EDGE('',*,*,#5502,.F.);
#5999 = ORIENTED_EDGE('',*,*,#6000,.F.);
#6000 = EDGE_CURVE('',#5825,#5503,#6001,.T.);
#6001 = LINE('',#6002,#6003);
#6002 = CARTESIAN_POINT('',(58.,4.5,-12.75));
#6003 = VECTOR('',#6004,1.);
#6004 = DIRECTION('',(-0.,-1.,-0.));
#6005 = PLANE('',#6006);
#6006 = AXIS2_PLACEMENT_3D('',#6007,#6008,#6009);
#6007 = CARTESIAN_POINT('',(58.,4.5,-12.75));
#6008 = DIRECTION('',(-1.,-0.,-0.));
#6009 = DIRECTION('',(0.,1.,0.));
#6010 = ADVANCED_FACE('',(#6011),#6017,.T.);
#6011 = FACE_BOUND('',#6012,.F.);
#6012 = EDGE_LOOP('',(#6013,#6014,#6015,#6016));
#6013 = ORIENTED_EDGE('',*,*,#5510,.F.);
#6014 = ORIENTED_EDGE('',*,*,#5957,.F.);
#6015 = ORIENTED_EDGE('',*,*,#5822,.T.);
#6016 = ORIENTED_EDGE('',*,*,#6000,.T.);
#6017 = PLANE('',#6018);
#6018 = AXIS2_PLACEMENT_3D('',#6019,#6020,#6021);
#6019 = CARTESIAN_POINT('',(48.672093023256,-3.005813953488,-12.75));
#6020 = DIRECTION('',(-0.,-0.,-1.));
#6021 = DIRECTION('',(-1.,-0.,-0.));
#6022 = ADVANCED_FACE('',(#6023),#6027,.F.);
#6023 = FACE_BOUND('',#6024,.T.);
#6024 = EDGE_LOOP('',(#6025,#6026));
#6025 = ORIENTED_EDGE('',*,*,#5526,.T.);
#6026 = ORIENTED_EDGE('',*,*,#5965,.T.);
#6027 = PLANE('',#6028);
#6028 = AXIS2_PLACEMENT_3D('',#6029,#6030,#6031);
#6029 = CARTESIAN_POINT('',(47.5,-4.,-14.75));
#6030 = DIRECTION('',(-0.,-0.,-1.));
#6031 = DIRECTION('',(-1.,-0.,-0.));
#6032 = ADVANCED_FACE('',(#6033),#6051,.T.);
#6033 = FACE_BOUND('',#6034,.F.);
#6034 = EDGE_LOOP('',(#6035,#6036,#6044,#6050));
#6035 = ORIENTED_EDGE('',*,*,#5542,.F.);
#6036 = ORIENTED_EDGE('',*,*,#6037,.T.);
#6037 = EDGE_CURVE('',#5543,#6038,#6040,.T.);
#6038 = VERTEX_POINT('',#6039);
#6039 = CARTESIAN_POINT('',(93.,4.5,-12.75));
#6040 = LINE('',#6041,#6042);
#6041 = CARTESIAN_POINT('',(93.,3.E-15,-12.75));
#6042 = VECTOR('',#6043,1.);
#6043 = DIRECTION('',(0.,1.,0.));
#6044 = ORIENTED_EDGE('',*,*,#6045,.T.);
#6045 = EDGE_CURVE('',#6038,#5867,#6046,.T.);
#6046 = LINE('',#6047,#6048);
#6047 = CARTESIAN_POINT('',(93.,4.5,-12.75));
#6048 = VECTOR('',#6049,1.);
#6049 = DIRECTION('',(-1.,-0.,-0.));
#6050 = ORIENTED_EDGE('',*,*,#5866,.F.);
#6051 = PLANE('',#6052);
#6052 = AXIS2_PLACEMENT_3D('',#6053,#6054,#6055);
#6053 = CARTESIAN_POINT('',(48.672093023256,-3.005813953488,-12.75));
#6054 = DIRECTION('',(-0.,-0.,-1.));
#6055 = DIRECTION('',(-1.,-0.,-0.));
#6056 = ADVANCED_FACE('',(#6057),#6075,.T.);
#6057 = FACE_BOUND('',#6058,.F.);
#6058 = EDGE_LOOP('',(#6059,#6060,#6068,#6074));
#6059 = ORIENTED_EDGE('',*,*,#5550,.T.);
#6060 = ORIENTED_EDGE('',*,*,#6061,.T.);
#6061 = EDGE_CURVE('',#5551,#6062,#6064,.T.);
#6062 = VERTEX_POINT('',#6063);
#6063 = CARTESIAN_POINT('',(93.,4.5,-6.75));
#6064 = LINE('',#6065,#6066);
#6065 = CARTESIAN_POINT('',(93.,3.E-15,-6.75));
#6066 = VECTOR('',#6067,1.);
#6067 = DIRECTION('',(0.,1.,0.));
#6068 = ORIENTED_EDGE('',*,*,#6069,.F.);
#6069 = EDGE_CURVE('',#6038,#6062,#6070,.T.);
#6070 = LINE('',#6071,#6072);
#6071 = CARTESIAN_POINT('',(93.,4.5,-12.75));
#6072 = VECTOR('',#6073,1.);
#6073 = DIRECTION('',(0.,0.,1.));
#6074 = ORIENTED_EDGE('',*,*,#6037,.F.);
#6075 = PLANE('',#6076);
#6076 = AXIS2_PLACEMENT_3D('',#6077,#6078,#6079);
#6077 = CARTESIAN_POINT('',(93.,2.83E-15,-12.75));
#6078 = DIRECTION('',(1.,0.,0.));
#6079 = DIRECTION('',(0.,-1.,0.));
#6080 = ADVANCED_FACE('',(#6081),#6092,.F.);
#6081 = FACE_BOUND('',#6082,.T.);
#6082 = EDGE_LOOP('',(#6083,#6084,#6085,#6086));
#6083 = ORIENTED_EDGE('',*,*,#5883,.F.);
#6084 = ORIENTED_EDGE('',*,*,#5558,.T.);
#6085 = ORIENTED_EDGE('',*,*,#6061,.T.);
#6086 = ORIENTED_EDGE('',*,*,#6087,.T.);
#6087 = EDGE_CURVE('',#6062,#5876,#6088,.T.);
#6088 = LINE('',#6089,#6090);
#6089 = CARTESIAN_POINT('',(93.,4.5,-6.75));
#6090 = VECTOR('',#6091,1.);
#6091 = DIRECTION('',(-1.,-0.,-0.));
#6092 = PLANE('',#6093);
#6093 = AXIS2_PLACEMENT_3D('',#6094,#6095,#6096);
#6094 = CARTESIAN_POINT('',(75.5,2.25,-6.75));
#6095 = DIRECTION('',(-0.,-0.,-1.));
#6096 = DIRECTION('',(-1.,-0.,-0.));
#6097 = ADVANCED_FACE('',(#6098),#6116,.F.);
#6098 = FACE_BOUND('',#6099,.F.);
#6099 = EDGE_LOOP('',(#6100,#6101,#6102,#6110));
#6100 = ORIENTED_EDGE('',*,*,#5891,.F.);
#6101 = ORIENTED_EDGE('',*,*,#5574,.T.);
#6102 = ORIENTED_EDGE('',*,*,#6103,.T.);
#6103 = EDGE_CURVE('',#5575,#6104,#6106,.T.);
#6104 = VERTEX_POINT('',#6105);
#6105 = CARTESIAN_POINT('',(93.,4.5,6.75));
#6106 = LINE('',#6107,#6108);
#6107 = CARTESIAN_POINT('',(93.,3.E-15,6.75));
#6108 = VECTOR('',#6109,1.);
#6109 = DIRECTION('',(0.,1.,0.));
#6110 = ORIENTED_EDGE('',*,*,#6111,.T.);
#6111 = EDGE_CURVE('',#6104,#5892,#6112,.T.);
#6112 = LINE('',#6113,#6114);
#6113 = CARTESIAN_POINT('',(93.,4.5,6.75));
#6114 = VECTOR('',#6115,1.);
#6115 = DIRECTION('',(-1.,0.,0.));
#6116 = PLANE('',#6117);
#6117 = AXIS2_PLACEMENT_3D('',#6118,#6119,#6120);
#6118 = CARTESIAN_POINT('',(75.5,2.25,6.75));
#6119 = DIRECTION('',(0.,0.,1.));
#6120 = DIRECTION('',(1.,0.,0.));
#6121 = ADVANCED_FACE('',(#6122),#6140,.T.);
#6122 = FACE_BOUND('',#6123,.T.);
#6123 = EDGE_LOOP('',(#6124,#6125,#6126,#6134));
#6124 = ORIENTED_EDGE('',*,*,#5582,.T.);
#6125 = ORIENTED_EDGE('',*,*,#6103,.T.);
#6126 = ORIENTED_EDGE('',*,*,#6127,.F.);
#6127 = EDGE_CURVE('',#6128,#6104,#6130,.T.);
#6128 = VERTEX_POINT('',#6129);
#6129 = CARTESIAN_POINT('',(93.,4.5,12.75));
#6130 = LINE('',#6131,#6132);
#6131 = CARTESIAN_POINT('',(93.,4.5,12.75));
#6132 = VECTOR('',#6133,1.);
#6133 = DIRECTION('',(-0.,-0.,-1.));
#6134 = ORIENTED_EDGE('',*,*,#6135,.F.);
#6135 = EDGE_CURVE('',#5583,#6128,#6136,.T.);
#6136 = LINE('',#6137,#6138);
#6137 = CARTESIAN_POINT('',(93.,3.E-15,12.75));
#6138 = VECTOR('',#6139,1.);
#6139 = DIRECTION('',(0.,1.,0.));
#6140 = PLANE('',#6141);
#6141 = AXIS2_PLACEMENT_3D('',#6142,#6143,#6144);
#6142 = CARTESIAN_POINT('',(93.,2.83E-15,12.75));
#6143 = DIRECTION('',(1.,0.,0.));
#6144 = DIRECTION('',(0.,1.,0.));
#6145 = ADVANCED_FACE('',(#6146),#6157,.T.);
#6146 = FACE_BOUND('',#6147,.T.);
#6147 = EDGE_LOOP('',(#6148,#6149,#6150,#6156));
#6148 = ORIENTED_EDGE('',*,*,#5590,.F.);
#6149 = ORIENTED_EDGE('',*,*,#6135,.T.);
#6150 = ORIENTED_EDGE('',*,*,#6151,.T.);
#6151 = EDGE_CURVE('',#6128,#5901,#6152,.T.);
#6152 = LINE('',#6153,#6154);
#6153 = CARTESIAN_POINT('',(93.,4.5,12.75));
#6154 = VECTOR('',#6155,1.);
#6155 = DIRECTION('',(-1.,0.,0.));
#6156 = ORIENTED_EDGE('',*,*,#5908,.F.);
#6157 = PLANE('',#6158);
#6158 = AXIS2_PLACEMENT_3D('',#6159,#6160,#6161);
#6159 = CARTESIAN_POINT('',(48.672093023256,-3.005813953488,12.75));
#6160 = DIRECTION('',(0.,0.,1.));
#6161 = DIRECTION('',(1.,0.,0.));
#6162 = ADVANCED_FACE('',(#6163),#6167,.F.);
#6163 = FACE_BOUND('',#6164,.F.);
#6164 = EDGE_LOOP('',(#6165,#6166));
#6165 = ORIENTED_EDGE('',*,*,#5606,.T.);
#6166 = ORIENTED_EDGE('',*,*,#5916,.T.);
#6167 = PLANE('',#6168);
#6168 = AXIS2_PLACEMENT_3D('',#6169,#6170,#6171);
#6169 = CARTESIAN_POINT('',(47.5,-4.,14.75));
#6170 = DIRECTION('',(0.,0.,1.));
#6171 = DIRECTION('',(1.,0.,0.));
#6172 = ADVANCED_FACE('',(#6173),#6191,.T.);
#6173 = FACE_BOUND('',#6174,.T.);
#6174 = EDGE_LOOP('',(#6175,#6176,#6177,#6185));
#6175 = ORIENTED_EDGE('',*,*,#5622,.F.);
#6176 = ORIENTED_EDGE('',*,*,#5924,.F.);
#6177 = ORIENTED_EDGE('',*,*,#6178,.T.);
#6178 = EDGE_CURVE('',#5925,#6179,#6181,.T.);
#6179 = VERTEX_POINT('',#6180);
#6180 = CARTESIAN_POINT('',(58.,4.5,12.75));
#6181 = LINE('',#6182,#6183);
#6182 = CARTESIAN_POINT('',(93.,4.5,12.75));
#6183 = VECTOR('',#6184,1.);
#6184 = DIRECTION('',(-1.,0.,0.));
#6185 = ORIENTED_EDGE('',*,*,#6186,.T.);
#6186 = EDGE_CURVE('',#6179,#5623,#6187,.T.);
#6187 = LINE('',#6188,#6189);
#6188 = CARTESIAN_POINT('',(58.,4.5,12.75));
#6189 = VECTOR('',#6190,1.);
#6190 = DIRECTION('',(0.,-1.,0.));
#6191 = PLANE('',#6192);
#6192 = AXIS2_PLACEMENT_3D('',#6193,#6194,#6195);
#6193 = CARTESIAN_POINT('',(48.672093023256,-3.005813953488,12.75));
#6194 = DIRECTION('',(0.,0.,1.));
#6195 = DIRECTION('',(1.,0.,0.));
#6196 = ADVANCED_FACE('',(#6197),#6215,.T.);
#6197 = FACE_BOUND('',#6198,.T.);
#6198 = EDGE_LOOP('',(#6199,#6207,#6213,#6214));
#6199 = ORIENTED_EDGE('',*,*,#6200,.T.);
#6200 = EDGE_CURVE('',#6179,#6201,#6203,.T.);
#6201 = VERTEX_POINT('',#6202);
#6202 = CARTESIAN_POINT('',(58.,4.5,6.75));
#6203 = LINE('',#6204,#6205);
#6204 = CARTESIAN_POINT('',(58.,4.5,12.75));
#6205 = VECTOR('',#6206,1.);
#6206 = DIRECTION('',(-0.,-0.,-1.));
#6207 = ORIENTED_EDGE('',*,*,#6208,.T.);
#6208 = EDGE_CURVE('',#6201,#5631,#6209,.T.);
#6209 = LINE('',#6210,#6211);
#6210 = CARTESIAN_POINT('',(58.,4.5,6.75));
#6211 = VECTOR('',#6212,1.);
#6212 = DIRECTION('',(0.,-1.,0.));
#6213 = ORIENTED_EDGE('',*,*,#5630,.F.);
#6214 = ORIENTED_EDGE('',*,*,#6186,.F.);
#6215 = PLANE('',#6216);
#6216 = AXIS2_PLACEMENT_3D('',#6217,#6218,#6219);
#6217 = CARTESIAN_POINT('',(58.,4.5,12.75));
#6218 = DIRECTION('',(-1.,0.,0.));
#6219 = DIRECTION('',(0.,-1.,0.));
#6220 = ADVANCED_FACE('',(#6221),#6232,.F.);
#6221 = FACE_BOUND('',#6222,.F.);
#6222 = EDGE_LOOP('',(#6223,#6224,#6225,#6226));
#6223 = ORIENTED_EDGE('',*,*,#6208,.T.);
#6224 = ORIENTED_EDGE('',*,*,#5638,.T.);
#6225 = ORIENTED_EDGE('',*,*,#5941,.F.);
#6226 = ORIENTED_EDGE('',*,*,#6227,.T.);
#6227 = EDGE_CURVE('',#5934,#6201,#6228,.T.);
#6228 = LINE('',#6229,#6230);
#6229 = CARTESIAN_POINT('',(93.,4.5,6.75));
#6230 = VECTOR('',#6231,1.);
#6231 = DIRECTION('',(-1.,0.,0.));
#6232 = PLANE('',#6233);
#6233 = AXIS2_PLACEMENT_3D('',#6234,#6235,#6236);
#6234 = CARTESIAN_POINT('',(75.5,2.25,6.75));
#6235 = DIRECTION('',(0.,0.,1.));
#6236 = DIRECTION('',(1.,0.,0.));
#6237 = ADVANCED_FACE('',(#6238),#6249,.F.);
#6238 = FACE_BOUND('',#6239,.F.);
#6239 = EDGE_LOOP('',(#6240,#6241,#6247,#6248));
#6240 = ORIENTED_EDGE('',*,*,#5725,.F.);
#6241 = ORIENTED_EDGE('',*,*,#6242,.T.);
#6242 = EDGE_CURVE('',#5726,#5653,#6243,.T.);
#6243 = LINE('',#6244,#6245);
#6244 = CARTESIAN_POINT('',(22.23,-8.,11.9));
#6245 = VECTOR('',#6246,1.);
#6246 = DIRECTION('',(0.,1.,-2.2E-16));
#6247 = ORIENTED_EDGE('',*,*,#5652,.T.);
#6248 = ORIENTED_EDGE('',*,*,#6242,.F.);
#6249 = CYLINDRICAL_SURFACE('',#6250,2.6);
#6250 = AXIS2_PLACEMENT_3D('',#6251,#6252,#6253);
#6251 = CARTESIAN_POINT('',(19.63,-8.,11.9));
#6252 = DIRECTION('',(0.,-1.,2.2E-16));
#6253 = DIRECTION('',(1.,0.,0.));
#6254 = ADVANCED_FACE('',(#6255),#6266,.F.);
#6255 = FACE_BOUND('',#6256,.F.);
#6256 = EDGE_LOOP('',(#6257,#6258,#6264,#6265));
#6257 = ORIENTED_EDGE('',*,*,#5745,.F.);
#6258 = ORIENTED_EDGE('',*,*,#6259,.T.);
#6259 = EDGE_CURVE('',#5746,#5664,#6260,.T.);
#6260 = LINE('',#6261,#6262);
#6261 = CARTESIAN_POINT('',(42.23,-8.,11.9));
#6262 = VECTOR('',#6263,1.);
#6263 = DIRECTION('',(0.,1.,-2.2E-16));
#6264 = ORIENTED_EDGE('',*,*,#5663,.T.);
#6265 = ORIENTED_EDGE('',*,*,#6259,.F.);
#6266 = CYLINDRICAL_SURFACE('',#6267,2.6);
#6267 = AXIS2_PLACEMENT_3D('',#6268,#6269,#6270);
#6268 = CARTESIAN_POINT('',(39.63,-8.,11.9));
#6269 = DIRECTION('',(0.,-1.,2.2E-16));
#6270 = DIRECTION('',(1.,0.,0.));
#6271 = ADVANCED_FACE('',(#6272),#6291,.F.);
#6272 = FACE_BOUND('',#6273,.F.);
#6273 = EDGE_LOOP('',(#6274,#6282,#6289,#6290));
#6274 = ORIENTED_EDGE('',*,*,#6275,.F.);
#6275 = EDGE_CURVE('',#6276,#5766,#6278,.T.);
#6276 = VERTEX_POINT('',#6277);
#6277 = CARTESIAN_POINT('',(58.75,4.5,9.75));
#6278 = LINE('',#6279,#6280);
#6279 = CARTESIAN_POINT('',(58.75,4.5,9.75));
#6280 = VECTOR('',#6281,1.);
#6281 = DIRECTION('',(0.,-1.,2.2E-16));
#6282 = ORIENTED_EDGE('',*,*,#6283,.F.);
#6283 = EDGE_CURVE('',#6276,#6276,#6284,.T.);
#6284 = CIRCLE('',#6285,1.6);
#6285 = AXIS2_PLACEMENT_3D('',#6286,#6287,#6288);
#6286 = CARTESIAN_POINT('',(60.35,4.5,9.75));
#6287 = DIRECTION('',(0.,1.,-0.));
#6288 = DIRECTION('',(-1.,0.,0.));
#6289 = ORIENTED_EDGE('',*,*,#6275,.T.);
#6290 = ORIENTED_EDGE('',*,*,#5765,.T.);
#6291 = CYLINDRICAL_SURFACE('',#6292,1.6);
#6292 = AXIS2_PLACEMENT_3D('',#6293,#6294,#6295);
#6293 = CARTESIAN_POINT('',(60.35,4.5,9.75));
#6294 = DIRECTION('',(0.,1.,-2.2E-16));
#6295 = DIRECTION('',(-1.,0.,0.));
#6296 = ADVANCED_FACE('',(#6297),#6316,.F.);
#6297 = FACE_BOUND('',#6298,.F.);
#6298 = EDGE_LOOP('',(#6299,#6307,#6314,#6315));
#6299 = ORIENTED_EDGE('',*,*,#6300,.F.);
#6300 = EDGE_CURVE('',#6301,#5786,#6303,.T.);
#6301 = VERTEX_POINT('',#6302);
#6302 = CARTESIAN_POINT('',(89.05,4.5,9.75));
#6303 = LINE('',#6304,#6305);
#6304 = CARTESIAN_POINT('',(89.05,4.5,9.75));
#6305 = VECTOR('',#6306,1.);
#6306 = DIRECTION('',(0.,-1.,2.2E-16));
#6307 = ORIENTED_EDGE('',*,*,#6308,.F.);
#6308 = EDGE_CURVE('',#6301,#6301,#6309,.T.);
#6309 = CIRCLE('',#6310,1.6);
#6310 = AXIS2_PLACEMENT_3D('',#6311,#6312,#6313);
#6311 = CARTESIAN_POINT('',(90.65,4.5,9.75));
#6312 = DIRECTION('',(0.,1.,-0.));
#6313 = DIRECTION('',(-1.,0.,0.));
#6314 = ORIENTED_EDGE('',*,*,#6300,.T.);
#6315 = ORIENTED_EDGE('',*,*,#5785,.T.);
#6316 = CYLINDRICAL_SURFACE('',#6317,1.6);
#6317 = AXIS2_PLACEMENT_3D('',#6318,#6319,#6320);
#6318 = CARTESIAN_POINT('',(90.65,4.5,9.75));
#6319 = DIRECTION('',(0.,1.,-2.2E-16));
#6320 = DIRECTION('',(-1.,0.,0.));
#6321 = ADVANCED_FACE('',(#6322),#6341,.F.);
#6322 = FACE_BOUND('',#6323,.T.);
#6323 = EDGE_LOOP('',(#6324,#6332,#6339,#6340));
#6324 = ORIENTED_EDGE('',*,*,#6325,.F.);
#6325 = EDGE_CURVE('',#6326,#5806,#6328,.T.);
#6326 = VERTEX_POINT('',#6327);
#6327 = CARTESIAN_POINT('',(89.05,4.5,-9.75));
#6328 = LINE('',#6329,#6330);
#6329 = CARTESIAN_POINT('',(89.05,4.5,-9.75));
#6330 = VECTOR('',#6331,1.);
#6331 = DIRECTION('',(-0.,-1.,-2.2E-16));
#6332 = ORIENTED_EDGE('',*,*,#6333,.F.);
#6333 = EDGE_CURVE('',#6326,#6326,#6334,.T.);
#6334 = CIRCLE('',#6335,1.6);
#6335 = AXIS2_PLACEMENT_3D('',#6336,#6337,#6338);
#6336 = CARTESIAN_POINT('',(90.65,4.5,-9.75));
#6337 = DIRECTION('',(-0.,-1.,-4.4E-16));
#6338 = DIRECTION('',(-1.,0.,0.));
#6339 = ORIENTED_EDGE('',*,*,#6325,.T.);
#6340 = ORIENTED_EDGE('',*,*,#5805,.T.);
#6341 = CYLINDRICAL_SURFACE('',#6342,1.6);
#6342 = AXIS2_PLACEMENT_3D('',#6343,#6344,#6345);
#6343 = CARTESIAN_POINT('',(90.65,4.5,-9.75));
#6344 = DIRECTION('',(0.,1.,2.2E-16));
#6345 = DIRECTION('',(-1.,0.,0.));
#6346 = ADVANCED_FACE('',(#6347,#6353),#6356,.T.);
#6347 = FACE_BOUND('',#6348,.F.);
#6348 = EDGE_LOOP('',(#6349,#6350,#6351,#6352));
#6349 = ORIENTED_EDGE('',*,*,#6045,.F.);
#6350 = ORIENTED_EDGE('',*,*,#6069,.T.);
#6351 = ORIENTED_EDGE('',*,*,#6087,.T.);
#6352 = ORIENTED_EDGE('',*,*,#5875,.T.);
#6353 = FACE_BOUND('',#6354,.F.);
#6354 = EDGE_LOOP('',(#6355));
#6355 = ORIENTED_EDGE('',*,*,#6333,.F.);
#6356 = PLANE('',#6357);
#6357 = AXIS2_PLACEMENT_3D('',#6358,#6359,#6360);
#6358 = CARTESIAN_POINT('',(93.,4.5,-12.75));
#6359 = DIRECTION('',(0.,1.,0.));
#6360 = DIRECTION('',(1.,0.,0.));
#6361 = ADVANCED_FACE('',(#6362,#6368),#6371,.T.);
#6362 = FACE_BOUND('',#6363,.T.);
#6363 = EDGE_LOOP('',(#6364,#6365,#6366,#6367));
#6364 = ORIENTED_EDGE('',*,*,#6151,.F.);
#6365 = ORIENTED_EDGE('',*,*,#6127,.T.);
#6366 = ORIENTED_EDGE('',*,*,#6111,.T.);
#6367 = ORIENTED_EDGE('',*,*,#5900,.T.);
#6368 = FACE_BOUND('',#6369,.T.);
#6369 = EDGE_LOOP('',(#6370));
#6370 = ORIENTED_EDGE('',*,*,#6308,.F.);
#6371 = PLANE('',#6372);
#6372 = AXIS2_PLACEMENT_3D('',#6373,#6374,#6375);
#6373 = CARTESIAN_POINT('',(93.,4.5,12.75));
#6374 = DIRECTION('',(0.,1.,0.));
#6375 = DIRECTION('',(-1.,0.,0.));
#6376 = ADVANCED_FACE('',(#6377,#6383),#6386,.T.);
#6377 = FACE_BOUND('',#6378,.T.);
#6378 = EDGE_LOOP('',(#6379,#6380,#6381,#6382));
#6379 = ORIENTED_EDGE('',*,*,#6178,.F.);
#6380 = ORIENTED_EDGE('',*,*,#5933,.F.);
#6381 = ORIENTED_EDGE('',*,*,#6227,.T.);
#6382 = ORIENTED_EDGE('',*,*,#6200,.F.);
#6383 = FACE_BOUND('',#6384,.T.);
#6384 = EDGE_LOOP('',(#6385));
#6385 = ORIENTED_EDGE('',*,*,#6283,.F.);
#6386 = PLANE('',#6387);
#6387 = AXIS2_PLACEMENT_3D('',#6388,#6389,#6390);
#6388 = CARTESIAN_POINT('',(93.,4.5,12.75));
#6389 = DIRECTION('',(0.,1.,0.));
#6390 = DIRECTION('',(-1.,0.,0.));
#6391 = ( GEOMETRIC_REPRESENTATION_CONTEXT(3) 
GLOBAL_UNCERTAINTY_ASSIGNED_CONTEXT((#6395)) 
GLOBAL_UNIT_ASSIGNED_CONTEXT((#6392,#6393,#6394)) REPRESENTATION_CONTEXT
('Context #1','3D Context with UNIT and UNCERTAINTY') );
#6392 = ( LENGTH_UNIT() NAMED_UNIT(*) SI_UNIT(.MILLI.,.METRE.) );
#6393 = ( NAMED_UNIT(*) PLANE_ANGLE_UNIT() SI_UNIT($,.RADIAN.) );
#6394 = ( NAMED_UNIT(*) SI_UNIT($,.STERADIAN.) SOLID_ANGLE_UNIT() );
#6395 = UNCERTAINTY_MEASURE_WITH_UNIT(LENGTH_MEASURE(1.E-07),#6392,
  'distance_accuracy_value','confusion accuracy');
#6396 = CONTEXT_DEPENDENT_SHAPE_REPRESENTATION(#6397,#6399);
#6397 = ( REPRESENTATION_RELATIONSHIP('','',#4555,#10) 
REPRESENTATION_RELATIONSHIP_WITH_TRANSFORMATION(#6398) 
SHAPE_REPRESENTATION_RELATIONSHIP() );
#6398 = ITEM_DEFINED_TRANSFORMATION('','',#11,#43);
#6399 = PRODUCT_DEFINITION_SHAPE('Placement','Placement of an item',
  #6400);
#6400 = NEXT_ASSEMBLY_USAGE_OCCURRENCE('8','ToolMount','',#5,#4550,$);
#6401 = PRODUCT_RELATED_PRODUCT_CATEGORY('part',$,(#4552));
#6402 = SHAPE_DEFINITION_REPRESENTATION(#6403,#6409);
#6403 = PRODUCT_DEFINITION_SHAPE('','',#6404);
#6404 = PRODUCT_DEFINITION('design','',#6405,#6408);
#6405 = PRODUCT_DEFINITION_FORMATION('','',#6406);
#6406 = PRODUCT('BearingBracket','BearingBracket','',(#6407));
#6407 = PRODUCT_CONTEXT('',#2,'mechanical');
#6408 = PRODUCT_DEFINITION_CONTEXT('part definition',#2,'design');
#6409 = ADVANCED_BREP_SHAPE_REPRESENTATION('',(#11,#6410),#6814);
#6410 = MANIFOLD_SOLID_BREP('',#6411);
#6411 = CLOSED_SHELL('',(#6412,#6463,#6546,#6571,#6646,#6663,#6688,#6708
    ,#6741,#6758,#6781,#6798));
#6412 = ADVANCED_FACE('',(#6413,#6447),#6458,.T.);
#6413 = FACE_BOUND('',#6414,.T.);
#6414 = EDGE_LOOP('',(#6415,#6425,#6433,#6441));
#6415 = ORIENTED_EDGE('',*,*,#6416,.F.);
#6416 = EDGE_CURVE('',#6417,#6419,#6421,.T.);
#6417 = VERTEX_POINT('',#6418);
#6418 = CARTESIAN_POINT('',(102.,14.5,12.75));
#6419 = VERTEX_POINT('',#6420);
#6420 = CARTESIAN_POINT('',(95.441777734902,14.5,12.75));
#6421 = LINE('',#6422,#6423);
#6422 = CARTESIAN_POINT('',(102.,14.5,12.75));
#6423 = VECTOR('',#6424,1.);
#6424 = DIRECTION('',(-1.,0.,0.));
#6425 = ORIENTED_EDGE('',*,*,#6426,.T.);
#6426 = EDGE_CURVE('',#6417,#6427,#6429,.T.);
#6427 = VERTEX_POINT('',#6428);
#6428 = CARTESIAN_POINT('',(102.,14.5,6.75));
#6429 = LINE('',#6430,#6431);
#6430 = CARTESIAN_POINT('',(102.,14.5,12.75));
#6431 = VECTOR('',#6432,1.);
#6432 = DIRECTION('',(-0.,-0.,-1.));
#6433 = ORIENTED_EDGE('',*,*,#6434,.T.);
#6434 = EDGE_CURVE('',#6427,#6435,#6437,.T.);
#6435 = VERTEX_POINT('',#6436);
#6436 = CARTESIAN_POINT('',(95.441777734902,14.5,6.75));
#6437 = LINE('',#6438,#6439);
#6438 = CARTESIAN_POINT('',(102.,14.5,6.75));
#6439 = VECTOR('',#6440,1.);
#6440 = DIRECTION('',(-1.,0.,0.));
#6441 = ORIENTED_EDGE('',*,*,#6442,.T.);
#6442 = EDGE_CURVE('',#6435,#6419,#6443,.T.);
#6443 = LINE('',#6444,#6445);
#6444 = CARTESIAN_POINT('',(95.441777734902,14.5,12.75));
#6445 = VECTOR('',#6446,1.);
#6446 = DIRECTION('',(0.,0.,1.));
#6447 = FACE_BOUND('',#6448,.T.);
#6448 = EDGE_LOOP('',(#6449));
#6449 = ORIENTED_EDGE('',*,*,#6450,.F.);
#6450 = EDGE_CURVE('',#6451,#6451,#6453,.T.);
#6451 = VERTEX_POINT('',#6452);
#6452 = CARTESIAN_POINT('',(98.05,14.5,9.75));
#6453 = CIRCLE('',#6454,1.6);
#6454 = AXIS2_PLACEMENT_3D('',#6455,#6456,#6457);
#6455 = CARTESIAN_POINT('',(99.65,14.5,9.75));
#6456 = DIRECTION('',(0.,1.,-0.));
#6457 = DIRECTION('',(-1.,0.,0.));
#6458 = PLANE('',#6459);
#6459 = AXIS2_PLACEMENT_3D('',#6460,#6461,#6462);
#6460 = CARTESIAN_POINT('',(102.,14.5,12.75));
#6461 = DIRECTION('',(0.,1.,0.));
#6462 = DIRECTION('',(-1.,0.,0.));
#6463 = ADVANCED_FACE('',(#6464),#6541,.T.);
#6464 = FACE_BOUND('',#6465,.T.);
#6465 = EDGE_LOOP('',(#6466,#6476,#6482,#6483,#6492,#6500,#6508,#6516,
    #6525,#6534));
#6466 = ORIENTED_EDGE('',*,*,#6467,.F.);
#6467 = EDGE_CURVE('',#6468,#6470,#6472,.T.);
#6468 = VERTEX_POINT('',#6469);
#6469 = CARTESIAN_POINT('',(102.,10.5,12.75));
#6470 = VERTEX_POINT('',#6471);
#6471 = CARTESIAN_POINT('',(94.1,10.5,12.75));
#6472 = LINE('',#6473,#6474);
#6473 = CARTESIAN_POINT('',(102.,10.5,12.75));
#6474 = VECTOR('',#6475,1.);
#6475 = DIRECTION('',(-1.,0.,0.));
#6476 = ORIENTED_EDGE('',*,*,#6477,.T.);
#6477 = EDGE_CURVE('',#6468,#6417,#6478,.T.);
#6478 = LINE('',#6479,#6480);
#6479 = CARTESIAN_POINT('',(102.,10.5,12.75));
#6480 = VECTOR('',#6481,1.);
#6481 = DIRECTION('',(0.,1.,0.));
#6482 = ORIENTED_EDGE('',*,*,#6416,.T.);
#6483 = ORIENTED_EDGE('',*,*,#6484,.T.);
#6484 = EDGE_CURVE('',#6419,#6485,#6487,.T.);
#6485 = VERTEX_POINT('',#6486);
#6486 = CARTESIAN_POINT('',(73.558222265098,14.5,12.75));
#6487 = CIRCLE('',#6488,11.65);
#6488 = AXIS2_PLACEMENT_3D('',#6489,#6490,#6491);
#6489 = CARTESIAN_POINT('',(84.5,10.5,12.75));
#6490 = DIRECTION('',(0.,0.,1.));
#6491 = DIRECTION('',(1.,0.,0.));
#6492 = ORIENTED_EDGE('',*,*,#6493,.T.);
#6493 = EDGE_CURVE('',#6485,#6494,#6496,.T.);
#6494 = VERTEX_POINT('',#6495);
#6495 = CARTESIAN_POINT('',(67.,14.5,12.75));
#6496 = LINE('',#6497,#6498);
#6497 = CARTESIAN_POINT('',(102.,14.5,12.75));
#6498 = VECTOR('',#6499,1.);
#6499 = DIRECTION('',(-1.,0.,0.));
#6500 = ORIENTED_EDGE('',*,*,#6501,.F.);
#6501 = EDGE_CURVE('',#6502,#6494,#6504,.T.);
#6502 = VERTEX_POINT('',#6503);
#6503 = CARTESIAN_POINT('',(67.,10.5,12.75));
#6504 = LINE('',#6505,#6506);
#6505 = CARTESIAN_POINT('',(67.,10.5,12.75));
#6506 = VECTOR('',#6507,1.);
#6507 = DIRECTION('',(0.,1.,0.));
#6508 = ORIENTED_EDGE('',*,*,#6509,.F.);
#6509 = EDGE_CURVE('',#6510,#6502,#6512,.T.);
#6510 = VERTEX_POINT('',#6511);
#6511 = CARTESIAN_POINT('',(74.9,10.5,12.75));
#6512 = LINE('',#6513,#6514);
#6513 = CARTESIAN_POINT('',(102.,10.5,12.75));
#6514 = VECTOR('',#6515,1.);
#6515 = DIRECTION('',(-1.,0.,0.));
#6516 = ORIENTED_EDGE('',*,*,#6517,.F.);
#6517 = EDGE_CURVE('',#6518,#6510,#6520,.T.);
#6518 = VERTEX_POINT('',#6519);
#6519 = CARTESIAN_POINT('',(75.013167019495,11.969693845669,12.75));
#6520 = CIRCLE('',#6521,9.6);
#6521 = AXIS2_PLACEMENT_3D('',#6522,#6523,#6524);
#6522 = CARTESIAN_POINT('',(84.5,10.5,12.75));
#6523 = DIRECTION('',(0.,0.,1.));
#6524 = DIRECTION('',(1.,0.,0.));
#6525 = ORIENTED_EDGE('',*,*,#6526,.F.);
#6526 = EDGE_CURVE('',#6527,#6518,#6529,.T.);
#6527 = VERTEX_POINT('',#6528);
#6528 = CARTESIAN_POINT('',(93.986832980505,11.969693845671,12.75));
#6529 = CIRCLE('',#6530,9.6);
#6530 = AXIS2_PLACEMENT_3D('',#6531,#6532,#6533);
#6531 = CARTESIAN_POINT('',(84.5,10.5,12.75));
#6532 = DIRECTION('',(0.,0.,1.));
#6533 = DIRECTION('',(1.,0.,0.));
#6534 = ORIENTED_EDGE('',*,*,#6535,.F.);
#6535 = EDGE_CURVE('',#6470,#6527,#6536,.T.);
#6536 = CIRCLE('',#6537,9.6);
#6537 = AXIS2_PLACEMENT_3D('',#6538,#6539,#6540);
#6538 = CARTESIAN_POINT('',(84.5,10.5,12.75));
#6539 = DIRECTION('',(0.,0.,1.));
#6540 = DIRECTION('',(1.,0.,0.));
#6541 = PLANE('',#6542);
#6542 = AXIS2_PLACEMENT_3D('',#6543,#6544,#6545);
#6543 = CARTESIAN_POINT('',(84.5,15.470615631199,12.75));
#6544 = DIRECTION('',(0.,0.,1.));
#6545 = DIRECTION('',(1.,0.,0.));
#6546 = ADVANCED_FACE('',(#6547),#6566,.T.);
#6547 = FACE_BOUND('',#6548,.T.);
#6548 = EDGE_LOOP('',(#6549,#6550,#6551,#6560));
#6549 = ORIENTED_EDGE('',*,*,#6484,.F.);
#6550 = ORIENTED_EDGE('',*,*,#6442,.F.);
#6551 = ORIENTED_EDGE('',*,*,#6552,.T.);
#6552 = EDGE_CURVE('',#6435,#6553,#6555,.T.);
#6553 = VERTEX_POINT('',#6554);
#6554 = CARTESIAN_POINT('',(73.558222265098,14.5,6.75));
#6555 = CIRCLE('',#6556,11.65);
#6556 = AXIS2_PLACEMENT_3D('',#6557,#6558,#6559);
#6557 = CARTESIAN_POINT('',(84.5,10.5,6.75));
#6558 = DIRECTION('',(0.,0.,1.));
#6559 = DIRECTION('',(1.,0.,0.));
#6560 = ORIENTED_EDGE('',*,*,#6561,.T.);
#6561 = EDGE_CURVE('',#6553,#6485,#6562,.T.);
#6562 = LINE('',#6563,#6564);
#6563 = CARTESIAN_POINT('',(73.558222265098,14.5,12.75));
#6564 = VECTOR('',#6565,1.);
#6565 = DIRECTION('',(0.,0.,1.));
#6566 = CYLINDRICAL_SURFACE('',#6567,11.65);
#6567 = AXIS2_PLACEMENT_3D('',#6568,#6569,#6570);
#6568 = CARTESIAN_POINT('',(84.5,10.5,12.75));
#6569 = DIRECTION('',(0.,0.,1.));
#6570 = DIRECTION('',(1.,0.,0.));
#6571 = ADVANCED_FACE('',(#6572),#6641,.T.);
#6572 = FACE_BOUND('',#6573,.T.);
#6573 = EDGE_LOOP('',(#6574,#6582,#6590,#6599,#6608,#6617,#6625,#6633,
    #6639,#6640));
#6574 = ORIENTED_EDGE('',*,*,#6575,.F.);
#6575 = EDGE_CURVE('',#6576,#6427,#6578,.T.);
#6576 = VERTEX_POINT('',#6577);
#6577 = CARTESIAN_POINT('',(102.,10.5,6.75));
#6578 = LINE('',#6579,#6580);
#6579 = CARTESIAN_POINT('',(102.,10.5,6.75));
#6580 = VECTOR('',#6581,1.);
#6581 = DIRECTION('',(0.,1.,0.));
#6582 = ORIENTED_EDGE('',*,*,#6583,.T.);
#6583 = EDGE_CURVE('',#6576,#6584,#6586,.T.);
#6584 = VERTEX_POINT('',#6585);
#6585 = CARTESIAN_POINT('',(94.1,10.5,6.75));
#6586 = LINE('',#6587,#6588);
#6587 = CARTESIAN_POINT('',(102.,10.5,6.75));
#6588 = VECTOR('',#6589,1.);
#6589 = DIRECTION('',(-1.,0.,0.));
#6590 = ORIENTED_EDGE('',*,*,#6591,.T.);
#6591 = EDGE_CURVE('',#6584,#6592,#6594,.T.);
#6592 = VERTEX_POINT('',#6593);
#6593 = CARTESIAN_POINT('',(93.986832980505,11.969693845671,6.75));
#6594 = CIRCLE('',#6595,9.6);
#6595 = AXIS2_PLACEMENT_3D('',#6596,#6597,#6598);
#6596 = CARTESIAN_POINT('',(84.5,10.5,6.75));
#6597 = DIRECTION('',(0.,0.,1.));
#6598 = DIRECTION('',(1.,0.,-0.));
#6599 = ORIENTED_EDGE('',*,*,#6600,.T.);
#6600 = EDGE_CURVE('',#6592,#6601,#6603,.T.);
#6601 = VERTEX_POINT('',#6602);
#6602 = CARTESIAN_POINT('',(75.013167019495,11.969693845671,6.75));
#6603 = CIRCLE('',#6604,9.6);
#6604 = AXIS2_PLACEMENT_3D('',#6605,#6606,#6607);
#6605 = CARTESIAN_POINT('',(84.5,10.5,6.75));
#6606 = DIRECTION('',(0.,0.,1.));
#6607 = DIRECTION('',(1.,0.,0.));
#6608 = ORIENTED_EDGE('',*,*,#6609,.T.);
#6609 = EDGE_CURVE('',#6601,#6610,#6612,.T.);
#6610 = VERTEX_POINT('',#6611);
#6611 = CARTESIAN_POINT('',(74.9,10.5,6.75));
#6612 = CIRCLE('',#6613,9.6);
#6613 = AXIS2_PLACEMENT_3D('',#6614,#6615,#6616);
#6614 = CARTESIAN_POINT('',(84.5,10.5,6.75));
#6615 = DIRECTION('',(0.,0.,1.));
#6616 = DIRECTION('',(1.,0.,-0.));
#6617 = ORIENTED_EDGE('',*,*,#6618,.T.);
#6618 = EDGE_CURVE('',#6610,#6619,#6621,.T.);
#6619 = VERTEX_POINT('',#6620);
#6620 = CARTESIAN_POINT('',(67.,10.5,6.75));
#6621 = LINE('',#6622,#6623);
#6622 = CARTESIAN_POINT('',(102.,10.5,6.75));
#6623 = VECTOR('',#6624,1.);
#6624 = DIRECTION('',(-1.,0.,0.));
#6625 = ORIENTED_EDGE('',*,*,#6626,.T.);
#6626 = EDGE_CURVE('',#6619,#6627,#6629,.T.);
#6627 = VERTEX_POINT('',#6628);
#6628 = CARTESIAN_POINT('',(67.,14.5,6.75));
#6629 = LINE('',#6630,#6631);
#6630 = CARTESIAN_POINT('',(67.,10.5,6.75));
#6631 = VECTOR('',#6632,1.);
#6632 = DIRECTION('',(0.,1.,0.));
#6633 = ORIENTED_EDGE('',*,*,#6634,.F.);
#6634 = EDGE_CURVE('',#6553,#6627,#6635,.T.);
#6635 = LINE('',#6636,#6637);
#6636 = CARTESIAN_POINT('',(102.,14.5,6.75));
#6637 = VECTOR('',#6638,1.);
#6638 = DIRECTION('',(-1.,0.,0.));
#6639 = ORIENTED_EDGE('',*,*,#6552,.F.);
#6640 = ORIENTED_EDGE('',*,*,#6434,.F.);
#6641 = PLANE('',#6642);
#6642 = AXIS2_PLACEMENT_3D('',#6643,#6644,#6645);
#6643 = CARTESIAN_POINT('',(84.5,15.470615631199,6.75));
#6644 = DIRECTION('',(-0.,-0.,-1.));
#6645 = DIRECTION('',(-1.,0.,0.));
#6646 = ADVANCED_FACE('',(#6647),#6658,.F.);
#6647 = FACE_BOUND('',#6648,.F.);
#6648 = EDGE_LOOP('',(#6649,#6650,#6651,#6652));
#6649 = ORIENTED_EDGE('',*,*,#6477,.T.);
#6650 = ORIENTED_EDGE('',*,*,#6426,.T.);
#6651 = ORIENTED_EDGE('',*,*,#6575,.F.);
#6652 = ORIENTED_EDGE('',*,*,#6653,.F.);
#6653 = EDGE_CURVE('',#6468,#6576,#6654,.T.);
#6654 = LINE('',#6655,#6656);
#6655 = CARTESIAN_POINT('',(102.,10.5,12.75));
#6656 = VECTOR('',#6657,1.);
#6657 = DIRECTION('',(-0.,-0.,-1.));
#6658 = PLANE('',#6659);
#6659 = AXIS2_PLACEMENT_3D('',#6660,#6661,#6662);
#6660 = CARTESIAN_POINT('',(102.,10.5,12.75));
#6661 = DIRECTION('',(-1.,0.,0.));
#6662 = DIRECTION('',(0.,0.,-1.));
#6663 = ADVANCED_FACE('',(#6664),#6683,.F.);
#6664 = FACE_BOUND('',#6665,.T.);
#6665 = EDGE_LOOP('',(#6666,#6674,#6675,#6676));
#6666 = ORIENTED_EDGE('',*,*,#6667,.T.);
#6667 = EDGE_CURVE('',#6668,#6451,#6670,.T.);
#6668 = VERTEX_POINT('',#6669);
#6669 = CARTESIAN_POINT('',(98.05,10.5,9.75));
#6670 = LINE('',#6671,#6672);
#6671 = CARTESIAN_POINT('',(98.05,10.5,9.75));
#6672 = VECTOR('',#6673,1.);
#6673 = DIRECTION('',(0.,1.,0.));
#6674 = ORIENTED_EDGE('',*,*,#6450,.T.);
#6675 = ORIENTED_EDGE('',*,*,#6667,.F.);
#6676 = ORIENTED_EDGE('',*,*,#6677,.F.);
#6677 = EDGE_CURVE('',#6668,#6668,#6678,.T.);
#6678 = CIRCLE('',#6679,1.6);
#6679 = AXIS2_PLACEMENT_3D('',#6680,#6681,#6682);
#6680 = CARTESIAN_POINT('',(99.65,10.5,9.75));
#6681 = DIRECTION('',(0.,1.,-0.));
#6682 = DIRECTION('',(-1.,0.,0.));
#6683 = CYLINDRICAL_SURFACE('',#6684,1.6);
#6684 = AXIS2_PLACEMENT_3D('',#6685,#6686,#6687);
#6685 = CARTESIAN_POINT('',(99.65,10.5,9.75));
#6686 = DIRECTION('',(0.,-1.,0.));
#6687 = DIRECTION('',(-1.,0.,0.));
#6688 = ADVANCED_FACE('',(#6689,#6700),#6703,.T.);
#6689 = FACE_BOUND('',#6690,.T.);
#6690 = EDGE_LOOP('',(#6691,#6692,#6693,#6699));
#6691 = ORIENTED_EDGE('',*,*,#6653,.F.);
#6692 = ORIENTED_EDGE('',*,*,#6467,.T.);
#6693 = ORIENTED_EDGE('',*,*,#6694,.T.);
#6694 = EDGE_CURVE('',#6470,#6584,#6695,.T.);
#6695 = LINE('',#6696,#6697);
#6696 = CARTESIAN_POINT('',(94.1,10.5,12.75));
#6697 = VECTOR('',#6698,1.);
#6698 = DIRECTION('',(-0.,-0.,-1.));
#6699 = ORIENTED_EDGE('',*,*,#6583,.F.);
#6700 = FACE_BOUND('',#6701,.T.);
#6701 = EDGE_LOOP('',(#6702));
#6702 = ORIENTED_EDGE('',*,*,#6677,.T.);
#6703 = PLANE('',#6704);
#6704 = AXIS2_PLACEMENT_3D('',#6705,#6706,#6707);
#6705 = CARTESIAN_POINT('',(97.993416490253,10.5,9.75));
#6706 = DIRECTION('',(-0.,-1.,-0.));
#6707 = DIRECTION('',(0.,0.,-1.));
#6708 = ADVANCED_FACE('',(#6709,#6725),#6736,.T.);
#6709 = FACE_BOUND('',#6710,.T.);
#6710 = EDGE_LOOP('',(#6711,#6717,#6718,#6724));
#6711 = ORIENTED_EDGE('',*,*,#6712,.T.);
#6712 = EDGE_CURVE('',#6610,#6510,#6713,.T.);
#6713 = LINE('',#6714,#6715);
#6714 = CARTESIAN_POINT('',(74.9,10.5,12.75));
#6715 = VECTOR('',#6716,1.);
#6716 = DIRECTION('',(0.,0.,1.));
#6717 = ORIENTED_EDGE('',*,*,#6509,.T.);
#6718 = ORIENTED_EDGE('',*,*,#6719,.T.);
#6719 = EDGE_CURVE('',#6502,#6619,#6720,.T.);
#6720 = LINE('',#6721,#6722);
#6721 = CARTESIAN_POINT('',(67.,10.5,12.75));
#6722 = VECTOR('',#6723,1.);
#6723 = DIRECTION('',(-0.,-0.,-1.));
#6724 = ORIENTED_EDGE('',*,*,#6618,.F.);
#6725 = FACE_BOUND('',#6726,.T.);
#6726 = EDGE_LOOP('',(#6727));
#6727 = ORIENTED_EDGE('',*,*,#6728,.T.);
#6728 = EDGE_CURVE('',#6729,#6729,#6731,.T.);
#6729 = VERTEX_POINT('',#6730);
#6730 = CARTESIAN_POINT('',(67.75,10.5,9.75));
#6731 = CIRCLE('',#6732,1.6);
#6732 = AXIS2_PLACEMENT_3D('',#6733,#6734,#6735);
#6733 = CARTESIAN_POINT('',(69.35,10.5,9.75));
#6734 = DIRECTION('',(0.,1.,-0.));
#6735 = DIRECTION('',(-1.,0.,0.));
#6736 = PLANE('',#6737);
#6737 = AXIS2_PLACEMENT_3D('',#6738,#6739,#6740);
#6738 = CARTESIAN_POINT('',(71.006583509747,10.5,9.75));
#6739 = DIRECTION('',(-0.,-1.,-0.));
#6740 = DIRECTION('',(0.,0.,-1.));
#6741 = ADVANCED_FACE('',(#6742),#6753,.T.);
#6742 = FACE_BOUND('',#6743,.T.);
#6743 = EDGE_LOOP('',(#6744,#6745,#6751,#6752));
#6744 = ORIENTED_EDGE('',*,*,#6501,.T.);
#6745 = ORIENTED_EDGE('',*,*,#6746,.T.);
#6746 = EDGE_CURVE('',#6494,#6627,#6747,.T.);
#6747 = LINE('',#6748,#6749);
#6748 = CARTESIAN_POINT('',(67.,14.5,12.75));
#6749 = VECTOR('',#6750,1.);
#6750 = DIRECTION('',(-0.,-0.,-1.));
#6751 = ORIENTED_EDGE('',*,*,#6626,.F.);
#6752 = ORIENTED_EDGE('',*,*,#6719,.F.);
#6753 = PLANE('',#6754);
#6754 = AXIS2_PLACEMENT_3D('',#6755,#6756,#6757);
#6755 = CARTESIAN_POINT('',(67.,10.5,12.75));
#6756 = DIRECTION('',(-1.,0.,0.));
#6757 = DIRECTION('',(0.,0.,-1.));
#6758 = ADVANCED_FACE('',(#6759,#6765),#6776,.T.);
#6759 = FACE_BOUND('',#6760,.T.);
#6760 = EDGE_LOOP('',(#6761,#6762,#6763,#6764));
#6761 = ORIENTED_EDGE('',*,*,#6493,.F.);
#6762 = ORIENTED_EDGE('',*,*,#6561,.F.);
#6763 = ORIENTED_EDGE('',*,*,#6634,.T.);
#6764 = ORIENTED_EDGE('',*,*,#6746,.F.);
#6765 = FACE_BOUND('',#6766,.T.);
#6766 = EDGE_LOOP('',(#6767));
#6767 = ORIENTED_EDGE('',*,*,#6768,.F.);
#6768 = EDGE_CURVE('',#6769,#6769,#6771,.T.);
#6769 = VERTEX_POINT('',#6770);
#6770 = CARTESIAN_POINT('',(67.75,14.5,9.75));
#6771 = CIRCLE('',#6772,1.6);
#6772 = AXIS2_PLACEMENT_3D('',#6773,#6774,#6775);
#6773 = CARTESIAN_POINT('',(69.35,14.5,9.75));
#6774 = DIRECTION('',(0.,1.,-0.));
#6775 = DIRECTION('',(-1.,0.,0.));
#6776 = PLANE('',#6777);
#6777 = AXIS2_PLACEMENT_3D('',#6778,#6779,#6780);
#6778 = CARTESIAN_POINT('',(102.,14.5,12.75));
#6779 = DIRECTION('',(0.,1.,0.));
#6780 = DIRECTION('',(-1.,0.,0.));
#6781 = ADVANCED_FACE('',(#6782),#6793,.F.);
#6782 = FACE_BOUND('',#6783,.T.);
#6783 = EDGE_LOOP('',(#6784,#6790,#6791,#6792));
#6784 = ORIENTED_EDGE('',*,*,#6785,.T.);
#6785 = EDGE_CURVE('',#6729,#6769,#6786,.T.);
#6786 = LINE('',#6787,#6788);
#6787 = CARTESIAN_POINT('',(67.75,10.5,9.75));
#6788 = VECTOR('',#6789,1.);
#6789 = DIRECTION('',(0.,1.,0.));
#6790 = ORIENTED_EDGE('',*,*,#6768,.T.);
#6791 = ORIENTED_EDGE('',*,*,#6785,.F.);
#6792 = ORIENTED_EDGE('',*,*,#6728,.F.);
#6793 = CYLINDRICAL_SURFACE('',#6794,1.6);
#6794 = AXIS2_PLACEMENT_3D('',#6795,#6796,#6797);
#6795 = CARTESIAN_POINT('',(69.35,10.5,9.75));
#6796 = DIRECTION('',(0.,-1.,0.));
#6797 = DIRECTION('',(-1.,0.,0.));
#6798 = ADVANCED_FACE('',(#6799),#6809,.F.);
#6799 = FACE_BOUND('',#6800,.F.);
#6800 = EDGE_LOOP('',(#6801,#6802,#6803,#6804,#6805,#6806,#6807,#6808));
#6801 = ORIENTED_EDGE('',*,*,#6526,.F.);
#6802 = ORIENTED_EDGE('',*,*,#6535,.F.);
#6803 = ORIENTED_EDGE('',*,*,#6694,.T.);
#6804 = ORIENTED_EDGE('',*,*,#6591,.T.);
#6805 = ORIENTED_EDGE('',*,*,#6600,.T.);
#6806 = ORIENTED_EDGE('',*,*,#6609,.T.);
#6807 = ORIENTED_EDGE('',*,*,#6712,.T.);
#6808 = ORIENTED_EDGE('',*,*,#6517,.F.);
#6809 = CYLINDRICAL_SURFACE('',#6810,9.6);
#6810 = AXIS2_PLACEMENT_3D('',#6811,#6812,#6813);
#6811 = CARTESIAN_POINT('',(84.5,10.5,12.75));
#6812 = DIRECTION('',(0.,0.,1.));
#6813 = DIRECTION('',(1.,0.,-0.));
#6814 = ( GEOMETRIC_REPRESENTATION_CONTEXT(3) 
GLOBAL_UNCERTAINTY_ASSIGNED_CONTEXT((#6818)) 
GLOBAL_UNIT_ASSIGNED_CONTEXT((#6815,#6816,#6817)) REPRESENTATION_CONTEXT
('Context #1','3D Context with UNIT and UNCERTAINTY') );
#6815 = ( LENGTH_UNIT() NAMED_UNIT(*) SI_UNIT(.MILLI.,.METRE.) );
#6816 = ( NAMED_UNIT(*) PLANE_ANGLE_UNIT() SI_UNIT($,.RADIAN.) );
#6817 = ( NAMED_UNIT(*) SI_UNIT($,.STERADIAN.) SOLID_ANGLE_UNIT() );
#6818 = UNCERTAINTY_MEASURE_WITH_UNIT(LENGTH_MEASURE(1.E-07),#6815,
  'distance_accuracy_value','confusion accuracy');
#6819 = CONTEXT_DEPENDENT_SHAPE_REPRESENTATION(#6820,#6822);
#6820 = ( REPRESENTATION_RELATIONSHIP('','',#6409,#10) 
REPRESENTATION_RELATIONSHIP_WITH_TRANSFORMATION(#6821) 
SHAPE_REPRESENTATION_RELATIONSHIP() );
#6821 = ITEM_DEFINED_TRANSFORMATION('','',#11,#47);
#6822 = PRODUCT_DEFINITION_SHAPE('Placement','Placement of an item',
  #6823);
#6823 = NEXT_ASSEMBLY_USAGE_OCCURRENCE('9','BearingBracket002','',#5,
  #6404,$);
#6824 = PRODUCT_RELATED_PRODUCT_CATEGORY('part',$,(#6406));
#6825 = CONTEXT_DEPENDENT_SHAPE_REPRESENTATION(#6826,#6828);
#6826 = ( REPRESENTATION_RELATIONSHIP('','',#6409,#10) 
REPRESENTATION_RELATIONSHIP_WITH_TRANSFORMATION(#6827) 
SHAPE_REPRESENTATION_RELATIONSHIP() );
#6827 = ITEM_DEFINED_TRANSFORMATION('','',#11,#51);
#6828 = PRODUCT_DEFINITION_SHAPE('Placement','Placement of an item',
  #6829);
#6829 = NEXT_ASSEMBLY_USAGE_OCCURRENCE('10','BearingBracket003','',#5,
  #6404,$);
#6830 = SHAPE_DEFINITION_REPRESENTATION(#6831,#6837);
#6831 = PRODUCT_DEFINITION_SHAPE('','',#6832);
#6832 = PRODUCT_DEFINITION('design','',#6833,#6836);
#6833 = PRODUCT_DEFINITION_FORMATION('','',#6834);
#6834 = PRODUCT('GantryPlate','GantryPlate','',(#6835));
#6835 = PRODUCT_CONTEXT('',#2,'mechanical');
#6836 = PRODUCT_DEFINITION_CONTEXT('part definition',#2,'design');
#6837 = ADVANCED_BREP_SHAPE_REPRESENTATION('',(#11,#6838),#9760);
#6838 = MANIFOLD_SOLID_BREP('',#6839);
#6839 = CLOSED_SHELL('',(#6840,#6896,#6927,#6951,#7199,#7245,#7269,#7286
    ,#7300,#7440,#7480,#7569,#7594,#7618,#7656,#7745,#7873,#7890,#7979,
    #8003,#8092,#8225,#8242,#8282,#8300,#8324,#8348,#8372,#8396,#8420,
    #8444,#8469,#8507,#8532,#8563,#8587,#8604,#8635,#8659,#8676,#8707,
    #8731,#8748,#8773,#9023,#9071,#9088,#9105,#9122,#9134,#9146,#9168,
    #9185,#9197,#9209,#9231,#9248,#9260,#9282,#9299,#9311,#9333,#9350,
    #9362,#9384,#9401,#9413,#9430,#9447,#9464,#9476,#9498,#9515,#9527,
    #9539,#9561,#9578,#9590,#9607,#9629,#9646,#9658,#9680,#9697,#9709,
    #9726,#9743));
#6840 = ADVANCED_FACE('',(#6841),#6891,.F.);
#6841 = FACE_BOUND('',#6842,.F.);
#6842 = EDGE_LOOP('',(#6843,#6853,#6861,#6869,#6877,#6885));
#6843 = ORIENTED_EDGE('',*,*,#6844,.T.);
#6844 = EDGE_CURVE('',#6845,#6847,#6849,.T.);
#6845 = VERTEX_POINT('',#6846);
#6846 = CARTESIAN_POINT('',(171.83845138549,58.5,13.1));
#6847 = VERTEX_POINT('',#6848);
#6848 = CARTESIAN_POINT('',(171.83845138549,58.51,13.1));
#6849 = LINE('',#6850,#6851);
#6850 = CARTESIAN_POINT('',(171.83845138549,58.5,13.1));
#6851 = VECTOR('',#6852,1.);
#6852 = DIRECTION('',(0.,1.,-2.2E-16));
#6853 = ORIENTED_EDGE('',*,*,#6854,.T.);
#6854 = EDGE_CURVE('',#6847,#6855,#6857,.T.);
#6855 = VERTEX_POINT('',#6856);
#6856 = CARTESIAN_POINT('',(171.83845138549,60.95,5.6));
#6857 = LINE('',#6858,#6859);
#6858 = CARTESIAN_POINT('',(171.83845138549,59.119521442489,
    11.226470975956));
#6859 = VECTOR('',#6860,1.);
#6860 = DIRECTION('',(0.,0.309372756118,-0.950940848724));
#6861 = ORIENTED_EDGE('',*,*,#6862,.T.);
#6862 = EDGE_CURVE('',#6855,#6863,#6865,.T.);
#6863 = VERTEX_POINT('',#6864);
#6864 = CARTESIAN_POINT('',(171.83845138549,60.95,-29.4));
#6865 = LINE('',#6866,#6867);
#6866 = CARTESIAN_POINT('',(171.83845138549,60.95,13.1));
#6867 = VECTOR('',#6868,1.);
#6868 = DIRECTION('',(0.,0.,-1.));
#6869 = ORIENTED_EDGE('',*,*,#6870,.F.);
#6870 = EDGE_CURVE('',#6871,#6863,#6873,.T.);
#6871 = VERTEX_POINT('',#6872);
#6872 = CARTESIAN_POINT('',(171.83845138549,58.51,-36.9));
#6873 = LINE('',#6874,#6875);
#6874 = CARTESIAN_POINT('',(171.83845138549,66.474401224366,
    -12.41925853166));
#6875 = VECTOR('',#6876,1.);
#6876 = DIRECTION('',(0.,0.309372756118,0.950940848724));
#6877 = ORIENTED_EDGE('',*,*,#6878,.F.);
#6878 = EDGE_CURVE('',#6879,#6871,#6881,.T.);
#6879 = VERTEX_POINT('',#6880);
#6880 = CARTESIAN_POINT('',(171.83845138549,58.5,-36.9));
#6881 = LINE('',#6882,#6883);
#6882 = CARTESIAN_POINT('',(171.83845138549,58.5,-36.9));
#6883 = VECTOR('',#6884,1.);
#6884 = DIRECTION('',(0.,1.,-2.2E-16));
#6885 = ORIENTED_EDGE('',*,*,#6886,.F.);
#6886 = EDGE_CURVE('',#6845,#6879,#6887,.T.);
#6887 = LINE('',#6888,#6889);
#6888 = CARTESIAN_POINT('',(171.83845138549,58.5,13.1));
#6889 = VECTOR('',#6890,1.);
#6890 = DIRECTION('',(0.,0.,-1.));
#6891 = PLANE('',#6892);
#6892 = AXIS2_PLACEMENT_3D('',#6893,#6894,#6895);
#6893 = CARTESIAN_POINT('',(171.83845138549,58.5,13.1));
#6894 = DIRECTION('',(-1.,0.,0.));
#6895 = DIRECTION('',(-0.,-2.2E-16,-1.));
#6896 = ADVANCED_FACE('',(#6897),#6922,.F.);
#6897 = FACE_BOUND('',#6898,.F.);
#6898 = EDGE_LOOP('',(#6899,#6909,#6915,#6916));
#6899 = ORIENTED_EDGE('',*,*,#6900,.T.);
#6900 = EDGE_CURVE('',#6901,#6903,#6905,.T.);
#6901 = VERTEX_POINT('',#6902);
#6902 = CARTESIAN_POINT('',(152.33845138549,58.5,13.1));
#6903 = VERTEX_POINT('',#6904);
#6904 = CARTESIAN_POINT('',(152.33845138549,58.51,13.1));
#6905 = LINE('',#6906,#6907);
#6906 = CARTESIAN_POINT('',(152.33845138549,58.5,13.1));
#6907 = VECTOR('',#6908,1.);
#6908 = DIRECTION('',(0.,1.,-2.2E-16));
#6909 = ORIENTED_EDGE('',*,*,#6910,.T.);
#6910 = EDGE_CURVE('',#6903,#6847,#6911,.T.);
#6911 = LINE('',#6912,#6913);
#6912 = CARTESIAN_POINT('',(152.33845138549,58.51,13.1));
#6913 = VECTOR('',#6914,1.);
#6914 = DIRECTION('',(1.,0.,0.));
#6915 = ORIENTED_EDGE('',*,*,#6844,.F.);
#6916 = ORIENTED_EDGE('',*,*,#6917,.F.);
#6917 = EDGE_CURVE('',#6901,#6845,#6918,.T.);
#6918 = LINE('',#6919,#6920);
#6919 = CARTESIAN_POINT('',(152.33845138549,58.5,13.1));
#6920 = VECTOR('',#6921,1.);
#6921 = DIRECTION('',(1.,0.,0.));
#6922 = PLANE('',#6923);
#6923 = AXIS2_PLACEMENT_3D('',#6924,#6925,#6926);
#6924 = CARTESIAN_POINT('',(152.33845138549,58.5,13.1));
#6925 = DIRECTION('',(0.,-2.2E-16,-1.));
#6926 = DIRECTION('',(1.,0.,0.));
#6927 = ADVANCED_FACE('',(#6928),#6946,.F.);
#6928 = FACE_BOUND('',#6929,.T.);
#6929 = EDGE_LOOP('',(#6930,#6938,#6939,#6940));
#6930 = ORIENTED_EDGE('',*,*,#6931,.F.);
#6931 = EDGE_CURVE('',#6903,#6932,#6934,.T.);
#6932 = VERTEX_POINT('',#6933);
#6933 = CARTESIAN_POINT('',(152.33845138549,60.95,5.6));
#6934 = LINE('',#6935,#6936);
#6935 = CARTESIAN_POINT('',(152.33845138549,66.474401224366,
    -11.38074146833));
#6936 = VECTOR('',#6937,1.);
#6937 = DIRECTION('',(0.,0.309372756118,-0.950940848724));
#6938 = ORIENTED_EDGE('',*,*,#6910,.T.);
#6939 = ORIENTED_EDGE('',*,*,#6854,.T.);
#6940 = ORIENTED_EDGE('',*,*,#6941,.F.);
#6941 = EDGE_CURVE('',#6932,#6855,#6942,.T.);
#6942 = LINE('',#6943,#6944);
#6943 = CARTESIAN_POINT('',(152.33845138549,60.95,5.6));
#6944 = VECTOR('',#6945,1.);
#6945 = DIRECTION('',(1.,0.,0.));
#6946 = PLANE('',#6947);
#6947 = AXIS2_PLACEMENT_3D('',#6948,#6949,#6950);
#6948 = CARTESIAN_POINT('',(152.33845138549,59.73,9.35));
#6949 = DIRECTION('',(4.E-17,-0.950940848724,-0.309372756118));
#6950 = DIRECTION('',(-1.,-3.796702710305E-17,-1.259193948419E-17));
#6951 = ADVANCED_FACE('',(#6952,#7132,#7143,#7154,#7172,#7183),#7194,.T.
  );
#6952 = FACE_BOUND('',#6953,.T.);
#6953 = EDGE_LOOP('',(#6954,#6964,#6972,#6981,#6989,#6997,#7005,#7013,
    #7021,#7029,#7037,#7045,#7053,#7062,#7070,#7078,#7086,#7094,#7102,
    #7110,#7118,#7126));
#6954 = ORIENTED_EDGE('',*,*,#6955,.F.);
#6955 = EDGE_CURVE('',#6956,#6958,#6960,.T.);
#6956 = VERTEX_POINT('',#6957);
#6957 = CARTESIAN_POINT('',(207.,58.5,16.6));
#6958 = VERTEX_POINT('',#6959);
#6959 = CARTESIAN_POINT('',(186.,58.5,16.6));
#6960 = LINE('',#6961,#6962);
#6961 = CARTESIAN_POINT('',(207.,58.5,16.6));
#6962 = VECTOR('',#6963,1.);
#6963 = DIRECTION('',(-1.,0.,0.));
#6964 = ORIENTED_EDGE('',*,*,#6965,.F.);
#6965 = EDGE_CURVE('',#6966,#6956,#6968,.T.);
#6966 = VERTEX_POINT('',#6967);
#6967 = CARTESIAN_POINT('',(207.,58.5,-40.9));
#6968 = LINE('',#6969,#6970);
#6969 = CARTESIAN_POINT('',(207.,58.5,17.1));
#6970 = VECTOR('',#6971,1.);
#6971 = DIRECTION('',(0.,2.2E-16,1.));
#6972 = ORIENTED_EDGE('',*,*,#6973,.F.);
#6973 = EDGE_CURVE('',#6974,#6966,#6976,.T.);
#6974 = VERTEX_POINT('',#6975);
#6975 = CARTESIAN_POINT('',(204.,58.5,-43.9));
#6976 = CIRCLE('',#6977,3.);
#6977 = AXIS2_PLACEMENT_3D('',#6978,#6979,#6980);
#6978 = CARTESIAN_POINT('',(204.,58.5,-40.9));
#6979 = DIRECTION('',(0.,-1.,0.));
#6980 = DIRECTION('',(0.707106781187,0.,-0.707106781187));
#6981 = ORIENTED_EDGE('',*,*,#6982,.T.);
#6982 = EDGE_CURVE('',#6974,#6983,#6985,.T.);
#6983 = VERTEX_POINT('',#6984);
#6984 = CARTESIAN_POINT('',(186.,58.5,-43.9));
#6985 = LINE('',#6986,#6987);
#6986 = CARTESIAN_POINT('',(123.,58.5,-43.9));
#6987 = VECTOR('',#6988,1.);
#6988 = DIRECTION('',(-1.,0.,0.));
#6989 = ORIENTED_EDGE('',*,*,#6990,.F.);
#6990 = EDGE_CURVE('',#6991,#6983,#6993,.T.);
#6991 = VERTEX_POINT('',#6992);
#6992 = CARTESIAN_POINT('',(186.,58.5,-18.02243803261));
#6993 = LINE('',#6994,#6995);
#6994 = CARTESIAN_POINT('',(186.,58.5,16.6));
#6995 = VECTOR('',#6996,1.);
#6996 = DIRECTION('',(0.,0.,-1.));
#6997 = ORIENTED_EDGE('',*,*,#6998,.T.);
#6998 = EDGE_CURVE('',#6991,#6999,#7001,.T.);
#6999 = VERTEX_POINT('',#7000);
#7000 = CARTESIAN_POINT('',(178.5,58.5,-18.02243803261));
#7001 = LINE('',#7002,#7003);
#7002 = CARTESIAN_POINT('',(186.,58.5,-18.02243803261));
#7003 = VECTOR('',#7004,1.);
#7004 = DIRECTION('',(-1.,-0.,-0.));
#7005 = ORIENTED_EDGE('',*,*,#7006,.F.);
#7006 = EDGE_CURVE('',#7007,#6999,#7009,.T.);
#7007 = VERTEX_POINT('',#7008);
#7008 = CARTESIAN_POINT('',(178.5,58.5,-43.9));
#7009 = LINE('',#7010,#7011);
#7010 = CARTESIAN_POINT('',(178.5,58.5,-43.9));
#7011 = VECTOR('',#7012,1.);
#7012 = DIRECTION('',(0.,0.,1.));
#7013 = ORIENTED_EDGE('',*,*,#7014,.T.);
#7014 = EDGE_CURVE('',#7007,#7015,#7017,.T.);
#7015 = VERTEX_POINT('',#7016);
#7016 = CARTESIAN_POINT('',(151.5,58.5,-43.9));
#7017 = LINE('',#7018,#7019);
#7018 = CARTESIAN_POINT('',(123.,58.5,-43.9));
#7019 = VECTOR('',#7020,1.);
#7020 = DIRECTION('',(-1.,0.,0.));
#7021 = ORIENTED_EDGE('',*,*,#7022,.F.);
#7022 = EDGE_CURVE('',#7023,#7015,#7025,.T.);
#7023 = VERTEX_POINT('',#7024);
#7024 = CARTESIAN_POINT('',(151.5,58.5,-18.02243803261));
#7025 = LINE('',#7026,#7027);
#7026 = CARTESIAN_POINT('',(151.5,58.5,16.6));
#7027 = VECTOR('',#7028,1.);
#7028 = DIRECTION('',(0.,0.,-1.));
#7029 = ORIENTED_EDGE('',*,*,#7030,.T.);
#7030 = EDGE_CURVE('',#7023,#7031,#7033,.T.);
#7031 = VERTEX_POINT('',#7032);
#7032 = CARTESIAN_POINT('',(144.,58.5,-18.02243803261));
#7033 = LINE('',#7034,#7035);
#7034 = CARTESIAN_POINT('',(186.,58.5,-18.02243803261));
#7035 = VECTOR('',#7036,1.);
#7036 = DIRECTION('',(-1.,-0.,-0.));
#7037 = ORIENTED_EDGE('',*,*,#7038,.F.);
#7038 = EDGE_CURVE('',#7039,#7031,#7041,.T.);
#7039 = VERTEX_POINT('',#7040);
#7040 = CARTESIAN_POINT('',(144.,58.5,-43.9));
#7041 = LINE('',#7042,#7043);
#7042 = CARTESIAN_POINT('',(144.,58.5,-43.9));
#7043 = VECTOR('',#7044,1.);
#7044 = DIRECTION('',(0.,0.,1.));
#7045 = ORIENTED_EDGE('',*,*,#7046,.T.);
#7046 = EDGE_CURVE('',#7039,#7047,#7049,.T.);
#7047 = VERTEX_POINT('',#7048);
#7048 = CARTESIAN_POINT('',(126.,58.5,-43.9));
#7049 = LINE('',#7050,#7051);
#7050 = CARTESIAN_POINT('',(123.,58.5,-43.9));
#7051 = VECTOR('',#7052,1.);
#7052 = DIRECTION('',(-1.,0.,0.));
#7053 = ORIENTED_EDGE('',*,*,#7054,.F.);
#7054 = EDGE_CURVE('',#7055,#7047,#7057,.T.);
#7055 = VERTEX_POINT('',#7056);
#7056 = CARTESIAN_POINT('',(123.,58.5,-40.9));
#7057 = CIRCLE('',#7058,3.);
#7058 = AXIS2_PLACEMENT_3D('',#7059,#7060,#7061);
#7059 = CARTESIAN_POINT('',(126.,58.5,-40.9));
#7060 = DIRECTION('',(0.,-1.,-0.));
#7061 = DIRECTION('',(-0.707106781187,0.,-0.707106781187));
#7062 = ORIENTED_EDGE('',*,*,#7063,.T.);
#7063 = EDGE_CURVE('',#7055,#7064,#7066,.T.);
#7064 = VERTEX_POINT('',#7065);
#7065 = CARTESIAN_POINT('',(123.,58.5,16.6));
#7066 = LINE('',#7067,#7068);
#7067 = CARTESIAN_POINT('',(123.,58.5,20.1));
#7068 = VECTOR('',#7069,1.);
#7069 = DIRECTION('',(0.,0.,1.));
#7070 = ORIENTED_EDGE('',*,*,#7071,.F.);
#7071 = EDGE_CURVE('',#7072,#7064,#7074,.T.);
#7072 = VERTEX_POINT('',#7073);
#7073 = CARTESIAN_POINT('',(144.,58.5,16.6));
#7074 = LINE('',#7075,#7076);
#7075 = CARTESIAN_POINT('',(207.,58.5,16.6));
#7076 = VECTOR('',#7077,1.);
#7077 = DIRECTION('',(-1.,0.,0.));
#7078 = ORIENTED_EDGE('',*,*,#7079,.F.);
#7079 = EDGE_CURVE('',#7080,#7072,#7082,.T.);
#7080 = VERTEX_POINT('',#7081);
#7081 = CARTESIAN_POINT('',(144.,58.5,-6.277561967339));
#7082 = LINE('',#7083,#7084);
#7083 = CARTESIAN_POINT('',(144.,58.5,-43.9));
#7084 = VECTOR('',#7085,1.);
#7085 = DIRECTION('',(0.,0.,1.));
#7086 = ORIENTED_EDGE('',*,*,#7087,.F.);
#7087 = EDGE_CURVE('',#7088,#7080,#7090,.T.);
#7088 = VERTEX_POINT('',#7089);
#7089 = CARTESIAN_POINT('',(151.5,58.5,-6.277561967339));
#7090 = LINE('',#7091,#7092);
#7091 = CARTESIAN_POINT('',(186.,58.5,-6.277561967339));
#7092 = VECTOR('',#7093,1.);
#7093 = DIRECTION('',(-1.,-0.,-0.));
#7094 = ORIENTED_EDGE('',*,*,#7095,.F.);
#7095 = EDGE_CURVE('',#7096,#7088,#7098,.T.);
#7096 = VERTEX_POINT('',#7097);
#7097 = CARTESIAN_POINT('',(151.5,58.5,16.6));
#7098 = LINE('',#7099,#7100);
#7099 = CARTESIAN_POINT('',(151.5,58.5,16.6));
#7100 = VECTOR('',#7101,1.);
#7101 = DIRECTION('',(0.,0.,-1.));
#7102 = ORIENTED_EDGE('',*,*,#7103,.F.);
#7103 = EDGE_CURVE('',#7104,#7096,#7106,.T.);
#7104 = VERTEX_POINT('',#7105);
#7105 = CARTESIAN_POINT('',(178.5,58.5,16.6));
#7106 = LINE('',#7107,#7108);
#7107 = CARTESIAN_POINT('',(207.,58.5,16.6));
#7108 = VECTOR('',#7109,1.);
#7109 = DIRECTION('',(-1.,0.,0.));
#7110 = ORIENTED_EDGE('',*,*,#7111,.F.);
#7111 = EDGE_CURVE('',#7112,#7104,#7114,.T.);
#7112 = VERTEX_POINT('',#7113);
#7113 = CARTESIAN_POINT('',(178.5,58.5,-6.277561967339));
#7114 = LINE('',#7115,#7116);
#7115 = CARTESIAN_POINT('',(178.5,58.5,-43.9));
#7116 = VECTOR('',#7117,1.);
#7117 = DIRECTION('',(0.,0.,1.));
#7118 = ORIENTED_EDGE('',*,*,#7119,.F.);
#7119 = EDGE_CURVE('',#7120,#7112,#7122,.T.);
#7120 = VERTEX_POINT('',#7121);
#7121 = CARTESIAN_POINT('',(186.,58.5,-6.277561967339));
#7122 = LINE('',#7123,#7124);
#7123 = CARTESIAN_POINT('',(186.,58.5,-6.277561967339));
#7124 = VECTOR('',#7125,1.);
#7125 = DIRECTION('',(-1.,-0.,-0.));
#7126 = ORIENTED_EDGE('',*,*,#7127,.F.);
#7127 = EDGE_CURVE('',#6958,#7120,#7128,.T.);
#7128 = LINE('',#7129,#7130);
#7129 = CARTESIAN_POINT('',(186.,58.5,16.6));
#7130 = VECTOR('',#7131,1.);
#7131 = DIRECTION('',(0.,0.,-1.));
#7132 = FACE_BOUND('',#7133,.T.);
#7133 = EDGE_LOOP('',(#7134));
#7134 = ORIENTED_EDGE('',*,*,#7135,.T.);
#7135 = EDGE_CURVE('',#7136,#7136,#7138,.T.);
#7136 = VERTEX_POINT('',#7137);
#7137 = CARTESIAN_POINT('',(139.2,58.5,-33.2));
#7138 = CIRCLE('',#7139,3.6);
#7139 = AXIS2_PLACEMENT_3D('',#7140,#7141,#7142);
#7140 = CARTESIAN_POINT('',(135.6,58.5,-33.2));
#7141 = DIRECTION('',(0.,-1.,2.2E-16));
#7142 = DIRECTION('',(1.,0.,0.));
#7143 = FACE_BOUND('',#7144,.T.);
#7144 = EDGE_LOOP('',(#7145));
#7145 = ORIENTED_EDGE('',*,*,#7146,.T.);
#7146 = EDGE_CURVE('',#7147,#7147,#7149,.T.);
#7147 = VERTEX_POINT('',#7148);
#7148 = CARTESIAN_POINT('',(138.2,58.5,6.5));
#7149 = CIRCLE('',#7150,2.6);
#7150 = AXIS2_PLACEMENT_3D('',#7151,#7152,#7153);
#7151 = CARTESIAN_POINT('',(135.6,58.5,6.5));
#7152 = DIRECTION('',(0.,-1.,2.2E-16));
#7153 = DIRECTION('',(1.,0.,0.));
#7154 = FACE_BOUND('',#7155,.T.);
#7155 = EDGE_LOOP('',(#7156,#7157,#7158,#7166));
#7156 = ORIENTED_EDGE('',*,*,#6886,.F.);
#7157 = ORIENTED_EDGE('',*,*,#6917,.F.);
#7158 = ORIENTED_EDGE('',*,*,#7159,.F.);
#7159 = EDGE_CURVE('',#7160,#6901,#7162,.T.);
#7160 = VERTEX_POINT('',#7161);
#7161 = CARTESIAN_POINT('',(152.33845138549,58.5,-36.9));
#7162 = LINE('',#7163,#7164);
#7163 = CARTESIAN_POINT('',(152.33845138549,58.5,-36.9));
#7164 = VECTOR('',#7165,1.);
#7165 = DIRECTION('',(0.,0.,1.));
#7166 = ORIENTED_EDGE('',*,*,#7167,.F.);
#7167 = EDGE_CURVE('',#6879,#7160,#7168,.T.);
#7168 = LINE('',#7169,#7170);
#7169 = CARTESIAN_POINT('',(171.83845138549,58.5,-36.9));
#7170 = VECTOR('',#7171,1.);
#7171 = DIRECTION('',(-1.,0.,0.));
#7172 = FACE_BOUND('',#7173,.T.);
#7173 = EDGE_LOOP('',(#7174));
#7174 = ORIENTED_EDGE('',*,*,#7175,.T.);
#7175 = EDGE_CURVE('',#7176,#7176,#7178,.T.);
#7176 = VERTEX_POINT('',#7177);
#7177 = CARTESIAN_POINT('',(198.,58.5,-33.2));
#7178 = CIRCLE('',#7179,3.6);
#7179 = AXIS2_PLACEMENT_3D('',#7180,#7181,#7182);
#7180 = CARTESIAN_POINT('',(194.4,58.5,-33.2));
#7181 = DIRECTION('',(0.,-1.,2.2E-16));
#7182 = DIRECTION('',(1.,0.,0.));
#7183 = FACE_BOUND('',#7184,.T.);
#7184 = EDGE_LOOP('',(#7185));
#7185 = ORIENTED_EDGE('',*,*,#7186,.T.);
#7186 = EDGE_CURVE('',#7187,#7187,#7189,.T.);
#7187 = VERTEX_POINT('',#7188);
#7188 = CARTESIAN_POINT('',(197.,58.5,6.5));
#7189 = CIRCLE('',#7190,2.6);
#7190 = AXIS2_PLACEMENT_3D('',#7191,#7192,#7193);
#7191 = CARTESIAN_POINT('',(194.4,58.5,6.5));
#7192 = DIRECTION('',(0.,-1.,2.2E-16));
#7193 = DIRECTION('',(1.,0.,0.));
#7194 = PLANE('',#7195);
#7195 = AXIS2_PLACEMENT_3D('',#7196,#7197,#7198);
#7196 = CARTESIAN_POINT('',(165.,58.5,-13.53107608851));
#7197 = DIRECTION('',(0.,1.,0.));
#7198 = DIRECTION('',(0.,0.,1.));
#7199 = ADVANCED_FACE('',(#7200,#7218,#7229),#7240,.T.);
#7200 = FACE_BOUND('',#7201,.T.);
#7201 = EDGE_LOOP('',(#7202,#7203,#7211,#7217));
#7202 = ORIENTED_EDGE('',*,*,#6862,.T.);
#7203 = ORIENTED_EDGE('',*,*,#7204,.T.);
#7204 = EDGE_CURVE('',#6863,#7205,#7207,.T.);
#7205 = VERTEX_POINT('',#7206);
#7206 = CARTESIAN_POINT('',(152.33845138549,60.95,-29.4));
#7207 = LINE('',#7208,#7209);
#7208 = CARTESIAN_POINT('',(171.83845138549,60.95,-29.4));
#7209 = VECTOR('',#7210,1.);
#7210 = DIRECTION('',(-1.,0.,0.));
#7211 = ORIENTED_EDGE('',*,*,#7212,.T.);
#7212 = EDGE_CURVE('',#7205,#6932,#7213,.T.);
#7213 = LINE('',#7214,#7215);
#7214 = CARTESIAN_POINT('',(152.33845138549,60.95,-36.9));
#7215 = VECTOR('',#7216,1.);
#7216 = DIRECTION('',(0.,0.,1.));
#7217 = ORIENTED_EDGE('',*,*,#6941,.T.);
#7218 = FACE_BOUND('',#7219,.F.);
#7219 = EDGE_LOOP('',(#7220));
#7220 = ORIENTED_EDGE('',*,*,#7221,.T.);
#7221 = EDGE_CURVE('',#7222,#7222,#7224,.T.);
#7222 = VERTEX_POINT('',#7223);
#7223 = CARTESIAN_POINT('',(159.48845138549,60.95,-1.9));
#7224 = CIRCLE('',#7225,2.6);
#7225 = AXIS2_PLACEMENT_3D('',#7226,#7227,#7228);
#7226 = CARTESIAN_POINT('',(162.08845138549,60.95,-1.9));
#7227 = DIRECTION('',(0.,1.,-2.2E-16));
#7228 = DIRECTION('',(-1.,0.,0.));
#7229 = FACE_BOUND('',#7230,.F.);
#7230 = EDGE_LOOP('',(#7231));
#7231 = ORIENTED_EDGE('',*,*,#7232,.T.);
#7232 = EDGE_CURVE('',#7233,#7233,#7235,.T.);
#7233 = VERTEX_POINT('',#7234);
#7234 = CARTESIAN_POINT('',(159.48845138549,60.95,-21.9));
#7235 = CIRCLE('',#7236,2.6);
#7236 = AXIS2_PLACEMENT_3D('',#7237,#7238,#7239);
#7237 = CARTESIAN_POINT('',(162.08845138549,60.95,-21.9));
#7238 = DIRECTION('',(0.,1.,-2.2E-16));
#7239 = DIRECTION('',(-1.,0.,0.));
#7240 = PLANE('',#7241);
#7241 = AXIS2_PLACEMENT_3D('',#7242,#7243,#7244);
#7242 = CARTESIAN_POINT('',(162.08845138549,60.95,-11.9));
#7243 = DIRECTION('',(0.,1.,0.));
#7244 = DIRECTION('',(0.,0.,1.));
#7245 = ADVANCED_FACE('',(#7246),#7264,.F.);
#7246 = FACE_BOUND('',#7247,.F.);
#7247 = EDGE_LOOP('',(#7248,#7249,#7257,#7263));
#7248 = ORIENTED_EDGE('',*,*,#6878,.T.);
#7249 = ORIENTED_EDGE('',*,*,#7250,.T.);
#7250 = EDGE_CURVE('',#6871,#7251,#7253,.T.);
#7251 = VERTEX_POINT('',#7252);
#7252 = CARTESIAN_POINT('',(152.33845138549,58.51,-36.9));
#7253 = LINE('',#7254,#7255);
#7254 = CARTESIAN_POINT('',(171.83845138549,58.51,-36.9));
#7255 = VECTOR('',#7256,1.);
#7256 = DIRECTION('',(-1.,0.,0.));
#7257 = ORIENTED_EDGE('',*,*,#7258,.F.);
#7258 = EDGE_CURVE('',#7160,#7251,#7259,.T.);
#7259 = LINE('',#7260,#7261);
#7260 = CARTESIAN_POINT('',(152.33845138549,58.5,-36.9));
#7261 = VECTOR('',#7262,1.);
#7262 = DIRECTION('',(0.,1.,-2.2E-16));
#7263 = ORIENTED_EDGE('',*,*,#7167,.F.);
#7264 = PLANE('',#7265);
#7265 = AXIS2_PLACEMENT_3D('',#7266,#7267,#7268);
#7266 = CARTESIAN_POINT('',(171.83845138549,58.5,-36.9));
#7267 = DIRECTION('',(0.,2.2E-16,1.));
#7268 = DIRECTION('',(-1.,0.,0.));
#7269 = ADVANCED_FACE('',(#7270),#7281,.F.);
#7270 = FACE_BOUND('',#7271,.T.);
#7271 = EDGE_LOOP('',(#7272,#7273,#7274,#7280));
#7272 = ORIENTED_EDGE('',*,*,#6870,.F.);
#7273 = ORIENTED_EDGE('',*,*,#7250,.T.);
#7274 = ORIENTED_EDGE('',*,*,#7275,.T.);
#7275 = EDGE_CURVE('',#7251,#7205,#7276,.T.);
#7276 = LINE('',#7277,#7278);
#7277 = CARTESIAN_POINT('',(152.33845138549,59.119521442489,
    -35.02647097595));
#7278 = VECTOR('',#7279,1.);
#7279 = DIRECTION('',(0.,0.309372756118,0.950940848724));
#7280 = ORIENTED_EDGE('',*,*,#7204,.F.);
#7281 = PLANE('',#7282);
#7282 = AXIS2_PLACEMENT_3D('',#7283,#7284,#7285);
#7283 = CARTESIAN_POINT('',(171.83845138549,59.73,-33.15));
#7284 = DIRECTION('',(-4.E-17,-0.950940848724,0.309372756118));
#7285 = DIRECTION('',(1.,-3.796702710305E-17,1.259193948419E-17));
#7286 = ADVANCED_FACE('',(#7287),#7295,.F.);
#7287 = FACE_BOUND('',#7288,.F.);
#7288 = EDGE_LOOP('',(#7289,#7290,#7291,#7292,#7293,#7294));
#7289 = ORIENTED_EDGE('',*,*,#7258,.T.);
#7290 = ORIENTED_EDGE('',*,*,#7275,.T.);
#7291 = ORIENTED_EDGE('',*,*,#7212,.T.);
#7292 = ORIENTED_EDGE('',*,*,#6931,.F.);
#7293 = ORIENTED_EDGE('',*,*,#6900,.F.);
#7294 = ORIENTED_EDGE('',*,*,#7159,.F.);
#7295 = PLANE('',#7296);
#7296 = AXIS2_PLACEMENT_3D('',#7297,#7298,#7299);
#7297 = CARTESIAN_POINT('',(152.33845138549,58.5,-36.9));
#7298 = DIRECTION('',(1.,0.,0.));
#7299 = DIRECTION('',(0.,2.2E-16,1.));
#7300 = ADVANCED_FACE('',(#7301,#7335,#7346,#7372,#7398,#7424),#7435,.F.
  );
#7301 = FACE_BOUND('',#7302,.F.);
#7302 = EDGE_LOOP('',(#7303,#7311,#7320,#7328,#7334));
#7303 = ORIENTED_EDGE('',*,*,#7304,.T.);
#7304 = EDGE_CURVE('',#6956,#7305,#7307,.T.);
#7305 = VERTEX_POINT('',#7306);
#7306 = CARTESIAN_POINT('',(207.,129.5,16.6));
#7307 = LINE('',#7308,#7309);
#7308 = CARTESIAN_POINT('',(207.,58.5,16.6));
#7309 = VECTOR('',#7310,1.);
#7310 = DIRECTION('',(0.,1.,-2.2E-16));
#7311 = ORIENTED_EDGE('',*,*,#7312,.F.);
#7312 = EDGE_CURVE('',#7313,#7305,#7315,.T.);
#7313 = VERTEX_POINT('',#7314);
#7314 = CARTESIAN_POINT('',(203.,133.5,16.6));
#7315 = CIRCLE('',#7316,4.);
#7316 = AXIS2_PLACEMENT_3D('',#7317,#7318,#7319);
#7317 = CARTESIAN_POINT('',(203.,129.5,16.6));
#7318 = DIRECTION('',(0.,-2.2E-16,-1.));
#7319 = DIRECTION('',(0.,1.,-2.2E-16));
#7320 = ORIENTED_EDGE('',*,*,#7321,.T.);
#7321 = EDGE_CURVE('',#7313,#7322,#7324,.T.);
#7322 = VERTEX_POINT('',#7323);
#7323 = CARTESIAN_POINT('',(186.,133.5,16.6));
#7324 = LINE('',#7325,#7326);
#7325 = CARTESIAN_POINT('',(207.,133.5,16.6));
#7326 = VECTOR('',#7327,1.);
#7327 = DIRECTION('',(-1.,0.,0.));
#7328 = ORIENTED_EDGE('',*,*,#7329,.F.);
#7329 = EDGE_CURVE('',#6958,#7322,#7330,.T.);
#7330 = LINE('',#7331,#7332);
#7331 = CARTESIAN_POINT('',(186.,58.5,16.6));
#7332 = VECTOR('',#7333,1.);
#7333 = DIRECTION('',(0.,1.,-2.2E-16));
#7334 = ORIENTED_EDGE('',*,*,#6955,.F.);
#7335 = FACE_BOUND('',#7336,.F.);
#7336 = EDGE_LOOP('',(#7337));
#7337 = ORIENTED_EDGE('',*,*,#7338,.F.);
#7338 = EDGE_CURVE('',#7339,#7339,#7341,.T.);
#7339 = VERTEX_POINT('',#7340);
#7340 = CARTESIAN_POINT('',(202.,125.9,16.6));
#7341 = CIRCLE('',#7342,2.6);
#7342 = AXIS2_PLACEMENT_3D('',#7343,#7344,#7345);
#7343 = CARTESIAN_POINT('',(199.4,125.9,16.6));
#7344 = DIRECTION('',(0.,0.,1.));
#7345 = DIRECTION('',(1.,0.,0.));
#7346 = FACE_BOUND('',#7347,.F.);
#7347 = EDGE_LOOP('',(#7348,#7358,#7366));
#7348 = ORIENTED_EDGE('',*,*,#7349,.F.);
#7349 = EDGE_CURVE('',#7350,#7352,#7354,.T.);
#7350 = VERTEX_POINT('',#7351);
#7351 = CARTESIAN_POINT('',(189.,116.3,16.6));
#7352 = VERTEX_POINT('',#7353);
#7353 = CARTESIAN_POINT('',(189.,98.979491924311,16.6));
#7354 = LINE('',#7355,#7356);
#7355 = CARTESIAN_POINT('',(189.,116.3,16.6));
#7356 = VECTOR('',#7357,1.);
#7357 = DIRECTION('',(-3.28E-15,-1.,0.));
#7358 = ORIENTED_EDGE('',*,*,#7359,.T.);
#7359 = EDGE_CURVE('',#7350,#7360,#7362,.T.);
#7360 = VERTEX_POINT('',#7361);
#7361 = CARTESIAN_POINT('',(204.,107.63974596215,16.6));
#7362 = LINE('',#7363,#7364);
#7363 = CARTESIAN_POINT('',(189.,116.3,16.6));
#7364 = VECTOR('',#7365,1.);
#7365 = DIRECTION('',(0.866025403784,-0.5,0.));
#7366 = ORIENTED_EDGE('',*,*,#7367,.F.);
#7367 = EDGE_CURVE('',#7352,#7360,#7368,.T.);
#7368 = LINE('',#7369,#7370);
#7369 = CARTESIAN_POINT('',(189.,98.979491924311,16.6));
#7370 = VECTOR('',#7371,1.);
#7371 = DIRECTION('',(0.866025403784,0.5,0.));
#7372 = FACE_BOUND('',#7373,.F.);
#7373 = EDGE_LOOP('',(#7374,#7384,#7392));
#7374 = ORIENTED_EDGE('',*,*,#7375,.F.);
#7375 = EDGE_CURVE('',#7376,#7378,#7380,.T.);
#7376 = VERTEX_POINT('',#7377);
#7377 = CARTESIAN_POINT('',(189.,94.,16.6));
#7378 = VERTEX_POINT('',#7379);
#7379 = CARTESIAN_POINT('',(204.,85.339745962156,16.6));
#7380 = LINE('',#7381,#7382);
#7381 = CARTESIAN_POINT('',(189.,94.,16.6));
#7382 = VECTOR('',#7383,1.);
#7383 = DIRECTION('',(0.866025403784,-0.5,0.));
#7384 = ORIENTED_EDGE('',*,*,#7385,.F.);
#7385 = EDGE_CURVE('',#7386,#7376,#7388,.T.);
#7386 = VERTEX_POINT('',#7387);
#7387 = CARTESIAN_POINT('',(204.,102.66025403784,16.6));
#7388 = LINE('',#7389,#7390);
#7389 = CARTESIAN_POINT('',(204.,102.66025403784,16.6));
#7390 = VECTOR('',#7391,1.);
#7391 = DIRECTION('',(-0.866025403784,-0.5,0.));
#7392 = ORIENTED_EDGE('',*,*,#7393,.F.);
#7393 = EDGE_CURVE('',#7378,#7386,#7394,.T.);
#7394 = LINE('',#7395,#7396);
#7395 = CARTESIAN_POINT('',(204.,85.339745962156,16.6));
#7396 = VECTOR('',#7397,1.);
#7397 = DIRECTION('',(0.,1.,0.));
#7398 = FACE_BOUND('',#7399,.F.);
#7399 = EDGE_LOOP('',(#7400,#7410,#7418));
#7400 = ORIENTED_EDGE('',*,*,#7401,.F.);
#7401 = EDGE_CURVE('',#7402,#7404,#7406,.T.);
#7402 = VERTEX_POINT('',#7403);
#7403 = CARTESIAN_POINT('',(189.,71.7,16.6));
#7404 = VERTEX_POINT('',#7405);
#7405 = CARTESIAN_POINT('',(204.,80.360254037844,16.6));
#7406 = LINE('',#7407,#7408);
#7407 = CARTESIAN_POINT('',(189.,71.7,16.6));
#7408 = VECTOR('',#7409,1.);
#7409 = DIRECTION('',(0.866025403784,0.5,0.));
#7410 = ORIENTED_EDGE('',*,*,#7411,.T.);
#7411 = EDGE_CURVE('',#7402,#7412,#7414,.T.);
#7412 = VERTEX_POINT('',#7413);
#7413 = CARTESIAN_POINT('',(189.,89.020508075688,16.6));
#7414 = LINE('',#7415,#7416);
#7415 = CARTESIAN_POINT('',(189.,71.7,16.6));
#7416 = VECTOR('',#7417,1.);
#7417 = DIRECTION('',(0.,1.,0.));
#7418 = ORIENTED_EDGE('',*,*,#7419,.T.);
#7419 = EDGE_CURVE('',#7412,#7404,#7420,.T.);
#7420 = LINE('',#7421,#7422);
#7421 = CARTESIAN_POINT('',(189.,89.020508075688,16.6));
#7422 = VECTOR('',#7423,1.);
#7423 = DIRECTION('',(0.866025403784,-0.5,0.));
#7424 = FACE_BOUND('',#7425,.F.);
#7425 = EDGE_LOOP('',(#7426));
#7426 = ORIENTED_EDGE('',*,*,#7427,.F.);
#7427 = EDGE_CURVE('',#7428,#7428,#7430,.T.);
#7428 = VERTEX_POINT('',#7429);
#7429 = CARTESIAN_POINT('',(202.,66.1,16.6));
#7430 = CIRCLE('',#7431,2.6);
#7431 = AXIS2_PLACEMENT_3D('',#7432,#7433,#7434);
#7432 = CARTESIAN_POINT('',(199.4,66.1,16.6));
#7433 = DIRECTION('',(0.,0.,1.));
#7434 = DIRECTION('',(1.,0.,0.));
#7435 = PLANE('',#7436);
#7436 = AXIS2_PLACEMENT_3D('',#7437,#7438,#7439);
#7437 = CARTESIAN_POINT('',(207.,58.5,16.6));
#7438 = DIRECTION('',(0.,2.2E-16,1.));
#7439 = DIRECTION('',(-1.,0.,0.));
#7440 = ADVANCED_FACE('',(#7441),#7475,.T.);
#7441 = FACE_BOUND('',#7442,.T.);
#7442 = EDGE_LOOP('',(#7443,#7444,#7452,#7460,#7468,#7474));
#7443 = ORIENTED_EDGE('',*,*,#7304,.T.);
#7444 = ORIENTED_EDGE('',*,*,#7445,.F.);
#7445 = EDGE_CURVE('',#7446,#7305,#7448,.T.);
#7446 = VERTEX_POINT('',#7447);
#7447 = CARTESIAN_POINT('',(207.,129.5,20.1));
#7448 = LINE('',#7449,#7450);
#7449 = CARTESIAN_POINT('',(207.,129.5,20.1));
#7450 = VECTOR('',#7451,1.);
#7451 = DIRECTION('',(0.,-2.2E-16,-1.));
#7452 = ORIENTED_EDGE('',*,*,#7453,.F.);
#7453 = EDGE_CURVE('',#7454,#7446,#7456,.T.);
#7454 = VERTEX_POINT('',#7455);
#7455 = CARTESIAN_POINT('',(207.,54.5,20.1));
#7456 = LINE('',#7457,#7458);
#7457 = CARTESIAN_POINT('',(207.,58.5,20.1));
#7458 = VECTOR('',#7459,1.);
#7459 = DIRECTION('',(0.,1.,-2.2E-16));
#7460 = ORIENTED_EDGE('',*,*,#7461,.F.);
#7461 = EDGE_CURVE('',#7462,#7454,#7464,.T.);
#7462 = VERTEX_POINT('',#7463);
#7463 = CARTESIAN_POINT('',(207.,54.5,-40.9));
#7464 = LINE('',#7465,#7466);
#7465 = CARTESIAN_POINT('',(207.,54.5,17.1));
#7466 = VECTOR('',#7467,1.);
#7467 = DIRECTION('',(0.,2.2E-16,1.));
#7468 = ORIENTED_EDGE('',*,*,#7469,.F.);
#7469 = EDGE_CURVE('',#6966,#7462,#7470,.T.);
#7470 = LINE('',#7471,#7472);
#7471 = CARTESIAN_POINT('',(207.,55.5,-40.9));
#7472 = VECTOR('',#7473,1.);
#7473 = DIRECTION('',(0.,-1.,0.));
#7474 = ORIENTED_EDGE('',*,*,#6965,.T.);
#7475 = PLANE('',#7476);
#7476 = AXIS2_PLACEMENT_3D('',#7477,#7478,#7479);
#7477 = CARTESIAN_POINT('',(207.,76.990808823529,4.609191176471));
#7478 = DIRECTION('',(1.,0.,0.));
#7479 = DIRECTION('',(0.,0.,1.));
#7480 = ADVANCED_FACE('',(#7481,#7538),#7564,.F.);
#7481 = FACE_BOUND('',#7482,.F.);
#7482 = EDGE_LOOP('',(#7483,#7484,#7490,#7491,#7499,#7507,#7515,#7523,
    #7531,#7537));
#7483 = ORIENTED_EDGE('',*,*,#7329,.T.);
#7484 = ORIENTED_EDGE('',*,*,#7485,.T.);
#7485 = EDGE_CURVE('',#7322,#6983,#7486,.T.);
#7486 = LINE('',#7487,#7488);
#7487 = CARTESIAN_POINT('',(186.,92.032517972052,-16.85043550254));
#7488 = VECTOR('',#7489,1.);
#7489 = DIRECTION('',(-0.,-0.778331241018,-0.627853867755));
#7490 = ORIENTED_EDGE('',*,*,#6990,.F.);
#7491 = ORIENTED_EDGE('',*,*,#7492,.T.);
#7492 = EDGE_CURVE('',#6991,#7493,#7495,.T.);
#7493 = VERTEX_POINT('',#7494);
#7494 = CARTESIAN_POINT('',(186.,63.,-25.81666666666));
#7495 = LINE('',#7496,#7497);
#7496 = CARTESIAN_POINT('',(186.,58.5,-18.02243803261));
#7497 = VECTOR('',#7498,1.);
#7498 = DIRECTION('',(0.,0.5,-0.866025403784));
#7499 = ORIENTED_EDGE('',*,*,#7500,.F.);
#7500 = EDGE_CURVE('',#7501,#7493,#7503,.T.);
#7501 = VERTEX_POINT('',#7502);
#7502 = CARTESIAN_POINT('',(186.,63.,-33.81666666666));
#7503 = LINE('',#7504,#7505);
#7504 = CARTESIAN_POINT('',(186.,63.,-33.81666666666));
#7505 = VECTOR('',#7506,1.);
#7506 = DIRECTION('',(0.,0.,1.));
#7507 = ORIENTED_EDGE('',*,*,#7508,.F.);
#7508 = EDGE_CURVE('',#7509,#7501,#7511,.T.);
#7509 = VERTEX_POINT('',#7510);
#7510 = CARTESIAN_POINT('',(186.,88.,-13.65));
#7511 = LINE('',#7512,#7513);
#7512 = CARTESIAN_POINT('',(186.,88.,-13.65));
#7513 = VECTOR('',#7514,1.);
#7514 = DIRECTION('',(0.,-0.778331241018,-0.627853867755));
#7515 = ORIENTED_EDGE('',*,*,#7516,.F.);
#7516 = EDGE_CURVE('',#7517,#7509,#7519,.T.);
#7517 = VERTEX_POINT('',#7518);
#7518 = CARTESIAN_POINT('',(186.,63.,6.516666666667));
#7519 = LINE('',#7520,#7521);
#7520 = CARTESIAN_POINT('',(186.,63.,6.516666666667));
#7521 = VECTOR('',#7522,1.);
#7522 = DIRECTION('',(0.,0.778331241018,-0.627853867755));
#7523 = ORIENTED_EDGE('',*,*,#7524,.F.);
#7524 = EDGE_CURVE('',#7525,#7517,#7527,.T.);
#7525 = VERTEX_POINT('',#7526);
#7526 = CARTESIAN_POINT('',(186.,63.,1.516666666667));
#7527 = LINE('',#7528,#7529);
#7528 = CARTESIAN_POINT('',(186.,63.,1.516666666667));
#7529 = VECTOR('',#7530,1.);
#7530 = DIRECTION('',(0.,0.,1.));
#7531 = ORIENTED_EDGE('',*,*,#7532,.T.);
#7532 = EDGE_CURVE('',#7525,#7120,#7533,.T.);
#7533 = LINE('',#7534,#7535);
#7534 = CARTESIAN_POINT('',(186.,63.,1.516666666667));
#7535 = VECTOR('',#7536,1.);
#7536 = DIRECTION('',(0.,-0.500000000003,-0.866025403783));
#7537 = ORIENTED_EDGE('',*,*,#7127,.F.);
#7538 = FACE_BOUND('',#7539,.F.);
#7539 = EDGE_LOOP('',(#7540,#7550,#7558));
#7540 = ORIENTED_EDGE('',*,*,#7541,.F.);
#7541 = EDGE_CURVE('',#7542,#7544,#7546,.T.);
#7542 = VERTEX_POINT('',#7543);
#7543 = CARTESIAN_POINT('',(186.,120.48347107438,12.1));
#7544 = VERTEX_POINT('',#7545);
#7545 = CARTESIAN_POINT('',(186.,96.,-7.65));
#7546 = LINE('',#7547,#7548);
#7547 = CARTESIAN_POINT('',(186.,120.48347107438,12.1));
#7548 = VECTOR('',#7549,1.);
#7549 = DIRECTION('',(0.,-0.778331241018,-0.627853867755));
#7550 = ORIENTED_EDGE('',*,*,#7551,.T.);
#7551 = EDGE_CURVE('',#7542,#7552,#7554,.T.);
#7552 = VERTEX_POINT('',#7553);
#7553 = CARTESIAN_POINT('',(186.,71.51652892562,12.1));
#7554 = LINE('',#7555,#7556);
#7555 = CARTESIAN_POINT('',(186.,120.48347107438,12.1));
#7556 = VECTOR('',#7557,1.);
#7557 = DIRECTION('',(0.,-1.,0.));
#7558 = ORIENTED_EDGE('',*,*,#7559,.F.);
#7559 = EDGE_CURVE('',#7544,#7552,#7560,.T.);
#7560 = LINE('',#7561,#7562);
#7561 = CARTESIAN_POINT('',(186.,96.,-7.65));
#7562 = VECTOR('',#7563,1.);
#7563 = DIRECTION('',(0.,-0.778331241018,0.627853867755));
#7564 = PLANE('',#7565);
#7565 = AXIS2_PLACEMENT_3D('',#7566,#7567,#7568);
#7566 = CARTESIAN_POINT('',(186.,58.5,16.6));
#7567 = DIRECTION('',(-1.,0.,0.));
#7568 = DIRECTION('',(-0.,-2.2E-16,-1.));
#7569 = ADVANCED_FACE('',(#7570),#7589,.T.);
#7570 = FACE_BOUND('',#7571,.T.);
#7571 = EDGE_LOOP('',(#7572,#7581,#7587,#7588));
#7572 = ORIENTED_EDGE('',*,*,#7573,.T.);
#7573 = EDGE_CURVE('',#7462,#7574,#7576,.T.);
#7574 = VERTEX_POINT('',#7575);
#7575 = CARTESIAN_POINT('',(204.,54.5,-43.9));
#7576 = CIRCLE('',#7577,3.);
#7577 = AXIS2_PLACEMENT_3D('',#7578,#7579,#7580);
#7578 = CARTESIAN_POINT('',(204.,54.5,-40.9));
#7579 = DIRECTION('',(0.,1.,0.));
#7580 = DIRECTION('',(0.707106781187,0.,-0.707106781187));
#7581 = ORIENTED_EDGE('',*,*,#7582,.T.);
#7582 = EDGE_CURVE('',#7574,#6974,#7583,.T.);
#7583 = LINE('',#7584,#7585);
#7584 = CARTESIAN_POINT('',(204.,55.5,-43.9));
#7585 = VECTOR('',#7586,1.);
#7586 = DIRECTION('',(0.,1.,0.));
#7587 = ORIENTED_EDGE('',*,*,#6973,.T.);
#7588 = ORIENTED_EDGE('',*,*,#7469,.T.);
#7589 = CYLINDRICAL_SURFACE('',#7590,3.);
#7590 = AXIS2_PLACEMENT_3D('',#7591,#7592,#7593);
#7591 = CARTESIAN_POINT('',(204.,55.5,-40.9));
#7592 = DIRECTION('',(0.,1.,0.));
#7593 = DIRECTION('',(0.707106781187,0.,-0.707106781187));
#7594 = ADVANCED_FACE('',(#7595),#7613,.F.);
#7595 = FACE_BOUND('',#7596,.F.);
#7596 = EDGE_LOOP('',(#7597,#7598,#7606,#7612));
#7597 = ORIENTED_EDGE('',*,*,#7532,.F.);
#7598 = ORIENTED_EDGE('',*,*,#7599,.T.);
#7599 = EDGE_CURVE('',#7525,#7600,#7602,.T.);
#7600 = VERTEX_POINT('',#7601);
#7601 = CARTESIAN_POINT('',(178.5,63.,1.516666666667));
#7602 = LINE('',#7603,#7604);
#7603 = CARTESIAN_POINT('',(186.,63.,1.516666666667));
#7604 = VECTOR('',#7605,1.);
#7605 = DIRECTION('',(-1.,-0.,-0.));
#7606 = ORIENTED_EDGE('',*,*,#7607,.T.);
#7607 = EDGE_CURVE('',#7600,#7112,#7608,.T.);
#7608 = LINE('',#7609,#7610);
#7609 = CARTESIAN_POINT('',(178.5,52.604503227824,-16.48886191253));
#7610 = VECTOR('',#7611,1.);
#7611 = DIRECTION('',(0.,-0.500000000003,-0.866025403783));
#7612 = ORIENTED_EDGE('',*,*,#7119,.F.);
#7613 = PLANE('',#7614);
#7614 = AXIS2_PLACEMENT_3D('',#7615,#7616,#7617);
#7615 = CARTESIAN_POINT('',(186.,63.,1.516666666667));
#7616 = DIRECTION('',(0.,-0.866025403783,0.500000000003));
#7617 = DIRECTION('',(0.,-0.500000000003,-0.866025403783));
#7618 = ADVANCED_FACE('',(#7619),#7651,.T.);
#7619 = FACE_BOUND('',#7620,.T.);
#7620 = EDGE_LOOP('',(#7621,#7627,#7628,#7634,#7635,#7636,#7644,#7650));
#7621 = ORIENTED_EDGE('',*,*,#7622,.F.);
#7622 = EDGE_CURVE('',#7015,#7039,#7623,.T.);
#7623 = LINE('',#7624,#7625);
#7624 = CARTESIAN_POINT('',(151.5,58.5,-43.9));
#7625 = VECTOR('',#7626,1.);
#7626 = DIRECTION('',(-1.,0.,0.));
#7627 = ORIENTED_EDGE('',*,*,#7014,.F.);
#7628 = ORIENTED_EDGE('',*,*,#7629,.F.);
#7629 = EDGE_CURVE('',#6983,#7007,#7630,.T.);
#7630 = LINE('',#7631,#7632);
#7631 = CARTESIAN_POINT('',(186.,58.5,-43.9));
#7632 = VECTOR('',#7633,1.);
#7633 = DIRECTION('',(-1.,0.,0.));
#7634 = ORIENTED_EDGE('',*,*,#6982,.F.);
#7635 = ORIENTED_EDGE('',*,*,#7582,.F.);
#7636 = ORIENTED_EDGE('',*,*,#7637,.F.);
#7637 = EDGE_CURVE('',#7638,#7574,#7640,.T.);
#7638 = VERTEX_POINT('',#7639);
#7639 = CARTESIAN_POINT('',(126.,54.5,-43.9));
#7640 = LINE('',#7641,#7642);
#7641 = CARTESIAN_POINT('',(123.,54.5,-43.9));
#7642 = VECTOR('',#7643,1.);
#7643 = DIRECTION('',(1.,0.,0.));
#7644 = ORIENTED_EDGE('',*,*,#7645,.F.);
#7645 = EDGE_CURVE('',#7047,#7638,#7646,.T.);
#7646 = LINE('',#7647,#7648);
#7647 = CARTESIAN_POINT('',(126.,55.5,-43.9));
#7648 = VECTOR('',#7649,1.);
#7649 = DIRECTION('',(0.,-1.,0.));
#7650 = ORIENTED_EDGE('',*,*,#7046,.F.);
#7651 = PLANE('',#7652);
#7652 = AXIS2_PLACEMENT_3D('',#7653,#7654,#7655);
#7653 = CARTESIAN_POINT('',(165.,56.5,-43.9));
#7654 = DIRECTION('',(0.,3.3E-16,-1.));
#7655 = DIRECTION('',(0.,-1.,-3.3E-16));
#7656 = ADVANCED_FACE('',(#7657,#7714),#7740,.F.);
#7657 = FACE_BOUND('',#7658,.F.);
#7658 = EDGE_LOOP('',(#7659,#7667,#7673,#7674,#7675,#7683,#7691,#7699,
    #7707,#7713));
#7659 = ORIENTED_EDGE('',*,*,#7660,.F.);
#7660 = EDGE_CURVE('',#7661,#7007,#7663,.T.);
#7661 = VERTEX_POINT('',#7662);
#7662 = CARTESIAN_POINT('',(178.5,133.5,16.6));
#7663 = LINE('',#7664,#7665);
#7664 = CARTESIAN_POINT('',(178.5,77.25,-28.775));
#7665 = VECTOR('',#7666,1.);
#7666 = DIRECTION('',(0.,-0.778331241018,-0.627853867755));
#7667 = ORIENTED_EDGE('',*,*,#7668,.F.);
#7668 = EDGE_CURVE('',#7104,#7661,#7669,.T.);
#7669 = LINE('',#7670,#7671);
#7670 = CARTESIAN_POINT('',(178.5,58.5,16.6));
#7671 = VECTOR('',#7672,1.);
#7672 = DIRECTION('',(0.,1.,-2.2E-16));
#7673 = ORIENTED_EDGE('',*,*,#7111,.F.);
#7674 = ORIENTED_EDGE('',*,*,#7607,.F.);
#7675 = ORIENTED_EDGE('',*,*,#7676,.T.);
#7676 = EDGE_CURVE('',#7600,#7677,#7679,.T.);
#7677 = VERTEX_POINT('',#7678);
#7678 = CARTESIAN_POINT('',(178.5,63.,6.516666666667));
#7679 = LINE('',#7680,#7681);
#7680 = CARTESIAN_POINT('',(178.5,63.,-21.19166666666));
#7681 = VECTOR('',#7682,1.);
#7682 = DIRECTION('',(0.,0.,1.));
#7683 = ORIENTED_EDGE('',*,*,#7684,.T.);
#7684 = EDGE_CURVE('',#7677,#7685,#7687,.T.);
#7685 = VERTEX_POINT('',#7686);
#7686 = CARTESIAN_POINT('',(178.5,88.,-13.65));
#7687 = LINE('',#7688,#7689);
#7688 = CARTESIAN_POINT('',(178.5,73.955716055033,-2.320944284394));
#7689 = VECTOR('',#7690,1.);
#7690 = DIRECTION('',(0.,0.778331241018,-0.627853867755));
#7691 = ORIENTED_EDGE('',*,*,#7692,.T.);
#7692 = EDGE_CURVE('',#7685,#7693,#7695,.T.);
#7693 = VERTEX_POINT('',#7694);
#7694 = CARTESIAN_POINT('',(178.5,63.,-33.81666666666));
#7695 = LINE('',#7696,#7697);
#7696 = CARTESIAN_POINT('',(178.5,71.673198082981,-26.82028687972));
#7697 = VECTOR('',#7698,1.);
#7698 = DIRECTION('',(0.,-0.778331241018,-0.627853867755));
#7699 = ORIENTED_EDGE('',*,*,#7700,.T.);
#7700 = EDGE_CURVE('',#7693,#7701,#7703,.T.);
#7701 = VERTEX_POINT('',#7702);
#7702 = CARTESIAN_POINT('',(178.5,63.,-25.81666666666));
#7703 = LINE('',#7704,#7705);
#7704 = CARTESIAN_POINT('',(178.5,63.,-38.85833333333));
#7705 = VECTOR('',#7706,1.);
#7706 = DIRECTION('',(0.,0.,1.));
#7707 = ORIENTED_EDGE('',*,*,#7708,.F.);
#7708 = EDGE_CURVE('',#6999,#7701,#7709,.T.);
#7709 = LINE('',#7710,#7711);
#7710 = CARTESIAN_POINT('',(178.5,64.102656512942,-27.72652377038));
#7711 = VECTOR('',#7712,1.);
#7712 = DIRECTION('',(0.,0.5,-0.866025403784));
#7713 = ORIENTED_EDGE('',*,*,#7006,.F.);
#7714 = FACE_BOUND('',#7715,.F.);
#7715 = EDGE_LOOP('',(#7716,#7726,#7734));
#7716 = ORIENTED_EDGE('',*,*,#7717,.F.);
#7717 = EDGE_CURVE('',#7718,#7720,#7722,.T.);
#7718 = VERTEX_POINT('',#7719);
#7719 = CARTESIAN_POINT('',(178.5,120.48347107438,12.1));
#7720 = VERTEX_POINT('',#7721);
#7721 = CARTESIAN_POINT('',(178.5,71.51652892562,12.1));
#7722 = LINE('',#7723,#7724);
#7723 = CARTESIAN_POINT('',(178.5,89.49173553719,12.1));
#7724 = VECTOR('',#7725,1.);
#7725 = DIRECTION('',(0.,-1.,0.));
#7726 = ORIENTED_EDGE('',*,*,#7727,.T.);
#7727 = EDGE_CURVE('',#7718,#7728,#7730,.T.);
#7728 = VERTEX_POINT('',#7729);
#7729 = CARTESIAN_POINT('',(178.5,96.,-7.65));
#7730 = LINE('',#7731,#7732);
#7731 = CARTESIAN_POINT('',(178.5,88.025700696986,-14.08260143776));
#7732 = VECTOR('',#7733,1.);
#7733 = DIRECTION('',(0.,-0.778331241018,-0.627853867755));
#7734 = ORIENTED_EDGE('',*,*,#7735,.T.);
#7735 = EDGE_CURVE('',#7728,#7720,#7736,.T.);
#7736 = LINE('',#7737,#7738);
#7737 = CARTESIAN_POINT('',(178.5,93.498552812256,-5.63216593522));
#7738 = VECTOR('',#7739,1.);
#7739 = DIRECTION('',(0.,-0.778331241018,0.627853867755));
#7740 = PLANE('',#7741);
#7741 = AXIS2_PLACEMENT_3D('',#7742,#7743,#7744);
#7742 = CARTESIAN_POINT('',(178.5,58.5,-43.9));
#7743 = DIRECTION('',(1.,0.,0.));
#7744 = DIRECTION('',(0.,2.2E-16,1.));
#7745 = ADVANCED_FACE('',(#7746,#7764,#7790,#7816,#7842),#7868,.F.);
#7746 = FACE_BOUND('',#7747,.F.);
#7747 = EDGE_LOOP('',(#7748,#7749,#7750,#7758));
#7748 = ORIENTED_EDGE('',*,*,#7103,.F.);
#7749 = ORIENTED_EDGE('',*,*,#7668,.T.);
#7750 = ORIENTED_EDGE('',*,*,#7751,.T.);
#7751 = EDGE_CURVE('',#7661,#7752,#7754,.T.);
#7752 = VERTEX_POINT('',#7753);
#7753 = CARTESIAN_POINT('',(151.5,133.5,16.6));
#7754 = LINE('',#7755,#7756);
#7755 = CARTESIAN_POINT('',(207.,133.5,16.6));
#7756 = VECTOR('',#7757,1.);
#7757 = DIRECTION('',(-1.,0.,0.));
#7758 = ORIENTED_EDGE('',*,*,#7759,.F.);
#7759 = EDGE_CURVE('',#7096,#7752,#7760,.T.);
#7760 = LINE('',#7761,#7762);
#7761 = CARTESIAN_POINT('',(151.5,58.5,16.6));
#7762 = VECTOR('',#7763,1.);
#7763 = DIRECTION('',(0.,1.,-2.2E-16));
#7764 = FACE_BOUND('',#7765,.F.);
#7765 = EDGE_LOOP('',(#7766,#7776,#7784));
#7766 = ORIENTED_EDGE('',*,*,#7767,.F.);
#7767 = EDGE_CURVE('',#7768,#7770,#7772,.T.);
#7768 = VERTEX_POINT('',#7769);
#7769 = CARTESIAN_POINT('',(155.5,126.5,16.6));
#7770 = VERTEX_POINT('',#7771);
#7771 = CARTESIAN_POINT('',(165.,103.56497115745,16.6));
#7772 = LINE('',#7773,#7774);
#7773 = CARTESIAN_POINT('',(155.5,126.5,16.6));
#7774 = VECTOR('',#7775,1.);
#7775 = DIRECTION('',(0.382683432365,-0.923879532511,0.));
#7776 = ORIENTED_EDGE('',*,*,#7777,.T.);
#7777 = EDGE_CURVE('',#7768,#7778,#7780,.T.);
#7778 = VERTEX_POINT('',#7779);
#7779 = CARTESIAN_POINT('',(174.5,126.5,16.6));
#7780 = LINE('',#7781,#7782);
#7781 = CARTESIAN_POINT('',(155.5,126.5,16.6));
#7782 = VECTOR('',#7783,1.);
#7783 = DIRECTION('',(1.,0.,0.));
#7784 = ORIENTED_EDGE('',*,*,#7785,.T.);
#7785 = EDGE_CURVE('',#7778,#7770,#7786,.T.);
#7786 = LINE('',#7787,#7788);
#7787 = CARTESIAN_POINT('',(174.5,126.5,16.6));
#7788 = VECTOR('',#7789,1.);
#7789 = DIRECTION('',(-0.382683432365,-0.923879532511,0.));
#7790 = FACE_BOUND('',#7791,.F.);
#7791 = EDGE_LOOP('',(#7792,#7802,#7810));
#7792 = ORIENTED_EDGE('',*,*,#7793,.F.);
#7793 = EDGE_CURVE('',#7794,#7796,#7798,.T.);
#7794 = VERTEX_POINT('',#7795);
#7795 = CARTESIAN_POINT('',(174.5,115.5,16.6));
#7796 = VERTEX_POINT('',#7797);
#7797 = CARTESIAN_POINT('',(167.,94.,16.6));
#7798 = LINE('',#7799,#7800);
#7799 = CARTESIAN_POINT('',(174.5,115.5,16.6));
#7800 = VECTOR('',#7801,1.);
#7801 = DIRECTION('',(-0.329372156318,-0.944200181446,0.));
#7802 = ORIENTED_EDGE('',*,*,#7803,.F.);
#7803 = EDGE_CURVE('',#7804,#7794,#7806,.T.);
#7804 = VERTEX_POINT('',#7805);
#7805 = CARTESIAN_POINT('',(174.5,72.5,16.6));
#7806 = LINE('',#7807,#7808);
#7807 = CARTESIAN_POINT('',(174.5,72.5,16.6));
#7808 = VECTOR('',#7809,1.);
#7809 = DIRECTION('',(0.,1.,0.));
#7810 = ORIENTED_EDGE('',*,*,#7811,.T.);
#7811 = EDGE_CURVE('',#7804,#7796,#7812,.T.);
#7812 = LINE('',#7813,#7814);
#7813 = CARTESIAN_POINT('',(174.5,72.5,16.6));
#7814 = VECTOR('',#7815,1.);
#7815 = DIRECTION('',(-0.329372156318,0.944200181446,-0.));
#7816 = FACE_BOUND('',#7817,.F.);
#7817 = EDGE_LOOP('',(#7818,#7828,#7836));
#7818 = ORIENTED_EDGE('',*,*,#7819,.F.);
#7819 = EDGE_CURVE('',#7820,#7822,#7824,.T.);
#7820 = VERTEX_POINT('',#7821);
#7821 = CARTESIAN_POINT('',(155.5,72.5,16.6));
#7822 = VERTEX_POINT('',#7823);
#7823 = CARTESIAN_POINT('',(163.,94.,16.6));
#7824 = LINE('',#7825,#7826);
#7825 = CARTESIAN_POINT('',(155.5,72.5,16.6));
#7826 = VECTOR('',#7827,1.);
#7827 = DIRECTION('',(0.329372156318,0.944200181446,0.));
#7828 = ORIENTED_EDGE('',*,*,#7829,.T.);
#7829 = EDGE_CURVE('',#7820,#7830,#7832,.T.);
#7830 = VERTEX_POINT('',#7831);
#7831 = CARTESIAN_POINT('',(155.5,115.5,16.6));
#7832 = LINE('',#7833,#7834);
#7833 = CARTESIAN_POINT('',(155.5,72.5,16.6));
#7834 = VECTOR('',#7835,1.);
#7835 = DIRECTION('',(0.,1.,0.));
#7836 = ORIENTED_EDGE('',*,*,#7837,.T.);
#7837 = EDGE_CURVE('',#7830,#7822,#7838,.T.);
#7838 = LINE('',#7839,#7840);
#7839 = CARTESIAN_POINT('',(155.5,115.5,16.6));
#7840 = VECTOR('',#7841,1.);
#7841 = DIRECTION('',(0.329372156318,-0.944200181446,0.));
#7842 = FACE_BOUND('',#7843,.F.);
#7843 = EDGE_LOOP('',(#7844,#7854,#7862));
#7844 = ORIENTED_EDGE('',*,*,#7845,.F.);
#7845 = EDGE_CURVE('',#7846,#7848,#7850,.T.);
#7846 = VERTEX_POINT('',#7847);
#7847 = CARTESIAN_POINT('',(155.5,61.5,16.6));
#7848 = VERTEX_POINT('',#7849);
#7849 = CARTESIAN_POINT('',(174.5,61.5,16.6));
#7850 = LINE('',#7851,#7852);
#7851 = CARTESIAN_POINT('',(155.5,61.5,16.6));
#7852 = VECTOR('',#7853,1.);
#7853 = DIRECTION('',(1.,-7.85E-15,0.));
#7854 = ORIENTED_EDGE('',*,*,#7855,.T.);
#7855 = EDGE_CURVE('',#7846,#7856,#7858,.T.);
#7856 = VERTEX_POINT('',#7857);
#7857 = CARTESIAN_POINT('',(165.,84.435028842544,16.6));
#7858 = LINE('',#7859,#7860);
#7859 = CARTESIAN_POINT('',(155.5,61.5,16.6));
#7860 = VECTOR('',#7861,1.);
#7861 = DIRECTION('',(0.382683432365,0.923879532511,0.));
#7862 = ORIENTED_EDGE('',*,*,#7863,.F.);
#7863 = EDGE_CURVE('',#7848,#7856,#7864,.T.);
#7864 = LINE('',#7865,#7866);
#7865 = CARTESIAN_POINT('',(174.5,61.5,16.6));
#7866 = VECTOR('',#7867,1.);
#7867 = DIRECTION('',(-0.382683432365,0.923879532511,-0.));
#7868 = PLANE('',#7869);
#7869 = AXIS2_PLACEMENT_3D('',#7870,#7871,#7872);
#7870 = CARTESIAN_POINT('',(207.,58.5,16.6));
#7871 = DIRECTION('',(0.,2.2E-16,1.));
#7872 = DIRECTION('',(-1.,0.,0.));
#7873 = ADVANCED_FACE('',(#7874),#7885,.F.);
#7874 = FACE_BOUND('',#7875,.F.);
#7875 = EDGE_LOOP('',(#7876,#7877,#7878,#7879));
#7876 = ORIENTED_EDGE('',*,*,#7492,.F.);
#7877 = ORIENTED_EDGE('',*,*,#6998,.T.);
#7878 = ORIENTED_EDGE('',*,*,#7708,.T.);
#7879 = ORIENTED_EDGE('',*,*,#7880,.F.);
#7880 = EDGE_CURVE('',#7493,#7701,#7881,.T.);
#7881 = LINE('',#7882,#7883);
#7882 = CARTESIAN_POINT('',(186.,63.,-25.81666666666));
#7883 = VECTOR('',#7884,1.);
#7884 = DIRECTION('',(-1.,-0.,-0.));
#7885 = PLANE('',#7886);
#7886 = AXIS2_PLACEMENT_3D('',#7887,#7888,#7889);
#7887 = CARTESIAN_POINT('',(186.,58.5,-18.02243803261));
#7888 = DIRECTION('',(0.,-0.866025403784,-0.5));
#7889 = DIRECTION('',(0.,0.5,-0.866025403784));
#7890 = ADVANCED_FACE('',(#7891,#7948),#7974,.F.);
#7891 = FACE_BOUND('',#7892,.F.);
#7892 = EDGE_LOOP('',(#7893,#7894,#7900,#7901,#7909,#7917,#7925,#7933,
    #7941,#7947));
#7893 = ORIENTED_EDGE('',*,*,#7759,.T.);
#7894 = ORIENTED_EDGE('',*,*,#7895,.T.);
#7895 = EDGE_CURVE('',#7752,#7015,#7896,.T.);
#7896 = LINE('',#7897,#7898);
#7897 = CARTESIAN_POINT('',(151.5,92.032517972052,-16.85043550254));
#7898 = VECTOR('',#7899,1.);
#7899 = DIRECTION('',(-0.,-0.778331241018,-0.627853867755));
#7900 = ORIENTED_EDGE('',*,*,#7022,.F.);
#7901 = ORIENTED_EDGE('',*,*,#7902,.F.);
#7902 = EDGE_CURVE('',#7903,#7023,#7905,.T.);
#7903 = VERTEX_POINT('',#7904);
#7904 = CARTESIAN_POINT('',(151.5,63.,-25.81666666666));
#7905 = LINE('',#7906,#7907);
#7906 = CARTESIAN_POINT('',(151.5,51.004022280701,-5.039023770383));
#7907 = VECTOR('',#7908,1.);
#7908 = DIRECTION('',(0.,-0.5,0.866025403784));
#7909 = ORIENTED_EDGE('',*,*,#7910,.T.);
#7910 = EDGE_CURVE('',#7903,#7911,#7913,.T.);
#7911 = VERTEX_POINT('',#7912);
#7912 = CARTESIAN_POINT('',(151.5,63.,-33.81666666666));
#7913 = LINE('',#7914,#7915);
#7914 = CARTESIAN_POINT('',(151.5,63.,-8.608333333334));
#7915 = VECTOR('',#7916,1.);
#7916 = DIRECTION('',(0.,0.,-1.));
#7917 = ORIENTED_EDGE('',*,*,#7918,.T.);
#7918 = EDGE_CURVE('',#7911,#7919,#7921,.T.);
#7919 = VERTEX_POINT('',#7920);
#7920 = CARTESIAN_POINT('',(151.5,88.,-13.65));
#7921 = LINE('',#7922,#7923);
#7922 = CARTESIAN_POINT('',(151.5,86.455716055034,-14.89572238227));
#7923 = VECTOR('',#7924,1.);
#7924 = DIRECTION('',(0.,0.778331241018,0.627853867755));
#7925 = ORIENTED_EDGE('',*,*,#7926,.T.);
#7926 = EDGE_CURVE('',#7919,#7927,#7929,.T.);
#7927 = VERTEX_POINT('',#7928);
#7928 = CARTESIAN_POINT('',(151.5,63.,6.516666666667));
#7929 = LINE('',#7930,#7931);
#7930 = CARTESIAN_POINT('',(151.5,59.173198082981,9.603620213062));
#7931 = VECTOR('',#7932,1.);
#7932 = DIRECTION('',(0.,-0.778331241018,0.627853867755));
#7933 = ORIENTED_EDGE('',*,*,#7934,.T.);
#7934 = EDGE_CURVE('',#7927,#7935,#7937,.T.);
#7935 = VERTEX_POINT('',#7936);
#7936 = CARTESIAN_POINT('',(151.5,63.,1.516666666667));
#7937 = LINE('',#7938,#7939);
#7938 = CARTESIAN_POINT('',(151.5,63.,9.058333333333));
#7939 = VECTOR('',#7940,1.);
#7940 = DIRECTION('',(0.,0.,-1.));
#7941 = ORIENTED_EDGE('',*,*,#7942,.F.);
#7942 = EDGE_CURVE('',#7088,#7935,#7943,.T.);
#7943 = LINE('',#7944,#7945);
#7944 = CARTESIAN_POINT('',(151.5,65.703137460109,6.198638087386));
#7945 = VECTOR('',#7946,1.);
#7946 = DIRECTION('',(0.,0.500000000003,0.866025403783));
#7947 = ORIENTED_EDGE('',*,*,#7095,.F.);
#7948 = FACE_BOUND('',#7949,.F.);
#7949 = EDGE_LOOP('',(#7950,#7960,#7968));
#7950 = ORIENTED_EDGE('',*,*,#7951,.F.);
#7951 = EDGE_CURVE('',#7952,#7954,#7956,.T.);
#7952 = VERTEX_POINT('',#7953);
#7953 = CARTESIAN_POINT('',(151.5,71.51652892562,12.1));
#7954 = VERTEX_POINT('',#7955);
#7955 = CARTESIAN_POINT('',(151.5,120.48347107438,12.1));
#7956 = LINE('',#7957,#7958);
#7957 = CARTESIAN_POINT('',(151.5,89.49173553719,12.1));
#7958 = VECTOR('',#7959,1.);
#7959 = DIRECTION('',(0.,1.,0.));
#7960 = ORIENTED_EDGE('',*,*,#7961,.T.);
#7961 = EDGE_CURVE('',#7952,#7962,#7964,.T.);
#7962 = VERTEX_POINT('',#7963);
#7963 = CARTESIAN_POINT('',(151.5,96.,-7.65));
#7964 = LINE('',#7965,#7966);
#7965 = CARTESIAN_POINT('',(151.5,78.716034840203,6.292398562236));
#7966 = VECTOR('',#7967,1.);
#7967 = DIRECTION('',(0.,0.778331241018,-0.627853867755));
#7968 = ORIENTED_EDGE('',*,*,#7969,.T.);
#7969 = EDGE_CURVE('',#7962,#7954,#7970,.T.);
#7970 = LINE('',#7971,#7972);
#7971 = CARTESIAN_POINT('',(151.5,102.80821866903,-2.158036940308));
#7972 = VECTOR('',#7973,1.);
#7973 = DIRECTION('',(0.,0.778331241018,0.627853867755));
#7974 = PLANE('',#7975);
#7975 = AXIS2_PLACEMENT_3D('',#7976,#7977,#7978);
#7976 = CARTESIAN_POINT('',(151.5,58.5,16.6));
#7977 = DIRECTION('',(-1.,0.,0.));
#7978 = DIRECTION('',(-0.,-2.2E-16,-1.));
#7979 = ADVANCED_FACE('',(#7980),#7998,.F.);
#7980 = FACE_BOUND('',#7981,.F.);
#7981 = EDGE_LOOP('',(#7982,#7983,#7991,#7997));
#7982 = ORIENTED_EDGE('',*,*,#7942,.T.);
#7983 = ORIENTED_EDGE('',*,*,#7984,.T.);
#7984 = EDGE_CURVE('',#7935,#7985,#7987,.T.);
#7985 = VERTEX_POINT('',#7986);
#7986 = CARTESIAN_POINT('',(144.,63.,1.516666666667));
#7987 = LINE('',#7988,#7989);
#7988 = CARTESIAN_POINT('',(186.,63.,1.516666666667));
#7989 = VECTOR('',#7990,1.);
#7990 = DIRECTION('',(-1.,-0.,-0.));
#7991 = ORIENTED_EDGE('',*,*,#7992,.T.);
#7992 = EDGE_CURVE('',#7985,#7080,#7993,.T.);
#7993 = LINE('',#7994,#7995);
#7994 = CARTESIAN_POINT('',(144.,52.604503227824,-16.48886191253));
#7995 = VECTOR('',#7996,1.);
#7996 = DIRECTION('',(0.,-0.500000000003,-0.866025403783));
#7997 = ORIENTED_EDGE('',*,*,#7087,.F.);
#7998 = PLANE('',#7999);
#7999 = AXIS2_PLACEMENT_3D('',#8000,#8001,#8002);
#8000 = CARTESIAN_POINT('',(186.,63.,1.516666666667));
#8001 = DIRECTION('',(0.,-0.866025403783,0.500000000003));
#8002 = DIRECTION('',(0.,-0.500000000003,-0.866025403783));
#8003 = ADVANCED_FACE('',(#8004,#8061),#8087,.F.);
#8004 = FACE_BOUND('',#8005,.F.);
#8005 = EDGE_LOOP('',(#8006,#8014,#8020,#8021,#8022,#8030,#8038,#8046,
    #8054,#8060));
#8006 = ORIENTED_EDGE('',*,*,#8007,.F.);
#8007 = EDGE_CURVE('',#8008,#7039,#8010,.T.);
#8008 = VERTEX_POINT('',#8009);
#8009 = CARTESIAN_POINT('',(144.,133.5,16.6));
#8010 = LINE('',#8011,#8012);
#8011 = CARTESIAN_POINT('',(144.,77.25,-28.775));
#8012 = VECTOR('',#8013,1.);
#8013 = DIRECTION('',(0.,-0.778331241018,-0.627853867755));
#8014 = ORIENTED_EDGE('',*,*,#8015,.F.);
#8015 = EDGE_CURVE('',#7072,#8008,#8016,.T.);
#8016 = LINE('',#8017,#8018);
#8017 = CARTESIAN_POINT('',(144.,58.5,16.6));
#8018 = VECTOR('',#8019,1.);
#8019 = DIRECTION('',(0.,1.,-2.2E-16));
#8020 = ORIENTED_EDGE('',*,*,#7079,.F.);
#8021 = ORIENTED_EDGE('',*,*,#7992,.F.);
#8022 = ORIENTED_EDGE('',*,*,#8023,.T.);
#8023 = EDGE_CURVE('',#7985,#8024,#8026,.T.);
#8024 = VERTEX_POINT('',#8025);
#8025 = CARTESIAN_POINT('',(144.,63.,6.516666666667));
#8026 = LINE('',#8027,#8028);
#8027 = CARTESIAN_POINT('',(144.,63.,-21.19166666666));
#8028 = VECTOR('',#8029,1.);
#8029 = DIRECTION('',(0.,0.,1.));
#8030 = ORIENTED_EDGE('',*,*,#8031,.T.);
#8031 = EDGE_CURVE('',#8024,#8032,#8034,.T.);
#8032 = VERTEX_POINT('',#8033);
#8033 = CARTESIAN_POINT('',(144.,88.,-13.65));
#8034 = LINE('',#8035,#8036);
#8035 = CARTESIAN_POINT('',(144.,73.955716055033,-2.320944284394));
#8036 = VECTOR('',#8037,1.);
#8037 = DIRECTION('',(0.,0.778331241018,-0.627853867755));
#8038 = ORIENTED_EDGE('',*,*,#8039,.T.);
#8039 = EDGE_CURVE('',#8032,#8040,#8042,.T.);
#8040 = VERTEX_POINT('',#8041);
#8041 = CARTESIAN_POINT('',(144.,63.,-33.81666666666));
#8042 = LINE('',#8043,#8044);
#8043 = CARTESIAN_POINT('',(144.,71.673198082981,-26.82028687972));
#8044 = VECTOR('',#8045,1.);
#8045 = DIRECTION('',(0.,-0.778331241018,-0.627853867755));
#8046 = ORIENTED_EDGE('',*,*,#8047,.T.);
#8047 = EDGE_CURVE('',#8040,#8048,#8050,.T.);
#8048 = VERTEX_POINT('',#8049);
#8049 = CARTESIAN_POINT('',(144.,63.,-25.81666666666));
#8050 = LINE('',#8051,#8052);
#8051 = CARTESIAN_POINT('',(144.,63.,-38.85833333333));
#8052 = VECTOR('',#8053,1.);
#8053 = DIRECTION('',(0.,0.,1.));
#8054 = ORIENTED_EDGE('',*,*,#8055,.F.);
#8055 = EDGE_CURVE('',#7031,#8048,#8056,.T.);
#8056 = LINE('',#8057,#8058);
#8057 = CARTESIAN_POINT('',(144.,64.102656512942,-27.72652377038));
#8058 = VECTOR('',#8059,1.);
#8059 = DIRECTION('',(0.,0.5,-0.866025403784));
#8060 = ORIENTED_EDGE('',*,*,#7038,.F.);
#8061 = FACE_BOUND('',#8062,.F.);
#8062 = EDGE_LOOP('',(#8063,#8073,#8081));
#8063 = ORIENTED_EDGE('',*,*,#8064,.F.);
#8064 = EDGE_CURVE('',#8065,#8067,#8069,.T.);
#8065 = VERTEX_POINT('',#8066);
#8066 = CARTESIAN_POINT('',(144.,120.48347107438,12.1));
#8067 = VERTEX_POINT('',#8068);
#8068 = CARTESIAN_POINT('',(144.,71.51652892562,12.1));
#8069 = LINE('',#8070,#8071);
#8070 = CARTESIAN_POINT('',(144.,89.49173553719,12.1));
#8071 = VECTOR('',#8072,1.);
#8072 = DIRECTION('',(0.,-1.,0.));
#8073 = ORIENTED_EDGE('',*,*,#8074,.T.);
#8074 = EDGE_CURVE('',#8065,#8075,#8077,.T.);
#8075 = VERTEX_POINT('',#8076);
#8076 = CARTESIAN_POINT('',(144.,96.,-7.65));
#8077 = LINE('',#8078,#8079);
#8078 = CARTESIAN_POINT('',(144.,88.025700696986,-14.08260143776));
#8079 = VECTOR('',#8080,1.);
#8080 = DIRECTION('',(0.,-0.778331241018,-0.627853867755));
#8081 = ORIENTED_EDGE('',*,*,#8082,.T.);
#8082 = EDGE_CURVE('',#8075,#8067,#8083,.T.);
#8083 = LINE('',#8084,#8085);
#8084 = CARTESIAN_POINT('',(144.,93.498552812256,-5.63216593522));
#8085 = VECTOR('',#8086,1.);
#8086 = DIRECTION('',(0.,-0.778331241018,0.627853867755));
#8087 = PLANE('',#8088);
#8088 = AXIS2_PLACEMENT_3D('',#8089,#8090,#8091);
#8089 = CARTESIAN_POINT('',(144.,58.5,-43.9));
#8090 = DIRECTION('',(1.,0.,0.));
#8091 = DIRECTION('',(0.,2.2E-16,1.));
#8092 = ADVANCED_FACE('',(#8093,#8120,#8146,#8157,#8183,#8209),#8220,.F.
  );
#8093 = FACE_BOUND('',#8094,.F.);
#8094 = EDGE_LOOP('',(#8095,#8096,#8097,#8105,#8114));
#8095 = ORIENTED_EDGE('',*,*,#7071,.F.);
#8096 = ORIENTED_EDGE('',*,*,#8015,.T.);
#8097 = ORIENTED_EDGE('',*,*,#8098,.T.);
#8098 = EDGE_CURVE('',#8008,#8099,#8101,.T.);
#8099 = VERTEX_POINT('',#8100);
#8100 = CARTESIAN_POINT('',(127.,133.5,16.6));
#8101 = LINE('',#8102,#8103);
#8102 = CARTESIAN_POINT('',(207.,133.5,16.6));
#8103 = VECTOR('',#8104,1.);
#8104 = DIRECTION('',(-1.,0.,0.));
#8105 = ORIENTED_EDGE('',*,*,#8106,.T.);
#8106 = EDGE_CURVE('',#8099,#8107,#8109,.T.);
#8107 = VERTEX_POINT('',#8108);
#8108 = CARTESIAN_POINT('',(123.,129.5,16.6));
#8109 = CIRCLE('',#8110,4.);
#8110 = AXIS2_PLACEMENT_3D('',#8111,#8112,#8113);
#8111 = CARTESIAN_POINT('',(127.,129.5,16.6));
#8112 = DIRECTION('',(-0.,2.2E-16,1.));
#8113 = DIRECTION('',(0.,-1.,2.2E-16));
#8114 = ORIENTED_EDGE('',*,*,#8115,.F.);
#8115 = EDGE_CURVE('',#7064,#8107,#8116,.T.);
#8116 = LINE('',#8117,#8118);
#8117 = CARTESIAN_POINT('',(123.,58.5,16.6));
#8118 = VECTOR('',#8119,1.);
#8119 = DIRECTION('',(0.,1.,-2.2E-16));
#8120 = FACE_BOUND('',#8121,.F.);
#8121 = EDGE_LOOP('',(#8122,#8132,#8140));
#8122 = ORIENTED_EDGE('',*,*,#8123,.F.);
#8123 = EDGE_CURVE('',#8124,#8126,#8128,.T.);
#8124 = VERTEX_POINT('',#8125);
#8125 = CARTESIAN_POINT('',(141.,116.3,16.6));
#8126 = VERTEX_POINT('',#8127);
#8127 = CARTESIAN_POINT('',(126.,107.63974596215,16.6));
#8128 = LINE('',#8129,#8130);
#8129 = CARTESIAN_POINT('',(141.,116.3,16.6));
#8130 = VECTOR('',#8131,1.);
#8131 = DIRECTION('',(-0.866025403784,-0.5,0.));
#8132 = ORIENTED_EDGE('',*,*,#8133,.T.);
#8133 = EDGE_CURVE('',#8124,#8134,#8136,.T.);
#8134 = VERTEX_POINT('',#8135);
#8135 = CARTESIAN_POINT('',(141.,98.979491924311,16.6));
#8136 = LINE('',#8137,#8138);
#8137 = CARTESIAN_POINT('',(141.,116.3,16.6));
#8138 = VECTOR('',#8139,1.);
#8139 = DIRECTION('',(4.92E-15,-1.,0.));
#8140 = ORIENTED_EDGE('',*,*,#8141,.T.);
#8141 = EDGE_CURVE('',#8134,#8126,#8142,.T.);
#8142 = LINE('',#8143,#8144);
#8143 = CARTESIAN_POINT('',(141.,98.979491924311,16.6));
#8144 = VECTOR('',#8145,1.);
#8145 = DIRECTION('',(-0.866025403784,0.5,-0.));
#8146 = FACE_BOUND('',#8147,.F.);
#8147 = EDGE_LOOP('',(#8148));
#8148 = ORIENTED_EDGE('',*,*,#8149,.F.);
#8149 = EDGE_CURVE('',#8150,#8150,#8152,.T.);
#8150 = VERTEX_POINT('',#8151);
#8151 = CARTESIAN_POINT('',(133.2,125.9,16.6));
#8152 = CIRCLE('',#8153,2.6);
#8153 = AXIS2_PLACEMENT_3D('',#8154,#8155,#8156);
#8154 = CARTESIAN_POINT('',(130.6,125.9,16.6));
#8155 = DIRECTION('',(0.,0.,1.));
#8156 = DIRECTION('',(1.,0.,0.));
#8157 = FACE_BOUND('',#8158,.F.);
#8158 = EDGE_LOOP('',(#8159,#8169,#8177));
#8159 = ORIENTED_EDGE('',*,*,#8160,.T.);
#8160 = EDGE_CURVE('',#8161,#8163,#8165,.T.);
#8161 = VERTEX_POINT('',#8162);
#8162 = CARTESIAN_POINT('',(126.,102.66025403784,16.6));
#8163 = VERTEX_POINT('',#8164);
#8164 = CARTESIAN_POINT('',(141.,94.,16.6));
#8165 = LINE('',#8166,#8167);
#8166 = CARTESIAN_POINT('',(126.,102.66025403784,16.6));
#8167 = VECTOR('',#8168,1.);
#8168 = DIRECTION('',(0.866025403784,-0.5,0.));
#8169 = ORIENTED_EDGE('',*,*,#8170,.T.);
#8170 = EDGE_CURVE('',#8163,#8171,#8173,.T.);
#8171 = VERTEX_POINT('',#8172);
#8172 = CARTESIAN_POINT('',(126.,85.339745962156,16.6));
#8173 = LINE('',#8174,#8175);
#8174 = CARTESIAN_POINT('',(141.,94.,16.6));
#8175 = VECTOR('',#8176,1.);
#8176 = DIRECTION('',(-0.866025403784,-0.5,0.));
#8177 = ORIENTED_EDGE('',*,*,#8178,.T.);
#8178 = EDGE_CURVE('',#8171,#8161,#8179,.T.);
#8179 = LINE('',#8180,#8181);
#8180 = CARTESIAN_POINT('',(126.,85.339745962156,16.6));
#8181 = VECTOR('',#8182,1.);
#8182 = DIRECTION('',(-3.528E-14,1.,-0.));
#8183 = FACE_BOUND('',#8184,.F.);
#8184 = EDGE_LOOP('',(#8185,#8195,#8203));
#8185 = ORIENTED_EDGE('',*,*,#8186,.F.);
#8186 = EDGE_CURVE('',#8187,#8189,#8191,.T.);
#8187 = VERTEX_POINT('',#8188);
#8188 = CARTESIAN_POINT('',(141.,71.7,16.6));
#8189 = VERTEX_POINT('',#8190);
#8190 = CARTESIAN_POINT('',(141.,89.020508075688,16.6));
#8191 = LINE('',#8192,#8193);
#8192 = CARTESIAN_POINT('',(141.,71.7,16.6));
#8193 = VECTOR('',#8194,1.);
#8194 = DIRECTION('',(1.64E-15,1.,0.));
#8195 = ORIENTED_EDGE('',*,*,#8196,.T.);
#8196 = EDGE_CURVE('',#8187,#8197,#8199,.T.);
#8197 = VERTEX_POINT('',#8198);
#8198 = CARTESIAN_POINT('',(126.,80.360254037844,16.6));
#8199 = LINE('',#8200,#8201);
#8200 = CARTESIAN_POINT('',(141.,71.7,16.6));
#8201 = VECTOR('',#8202,1.);
#8202 = DIRECTION('',(-0.866025403784,0.5,-0.));
#8203 = ORIENTED_EDGE('',*,*,#8204,.F.);
#8204 = EDGE_CURVE('',#8189,#8197,#8205,.T.);
#8205 = LINE('',#8206,#8207);
#8206 = CARTESIAN_POINT('',(141.,89.020508075688,16.6));
#8207 = VECTOR('',#8208,1.);
#8208 = DIRECTION('',(-0.866025403784,-0.5,0.));
#8209 = FACE_BOUND('',#8210,.F.);
#8210 = EDGE_LOOP('',(#8211));
#8211 = ORIENTED_EDGE('',*,*,#8212,.F.);
#8212 = EDGE_CURVE('',#8213,#8213,#8215,.T.);
#8213 = VERTEX_POINT('',#8214);
#8214 = CARTESIAN_POINT('',(133.2,66.1,16.6));
#8215 = CIRCLE('',#8216,2.6);
#8216 = AXIS2_PLACEMENT_3D('',#8217,#8218,#8219);
#8217 = CARTESIAN_POINT('',(130.6,66.1,16.6));
#8218 = DIRECTION('',(0.,0.,1.));
#8219 = DIRECTION('',(1.,0.,0.));
#8220 = PLANE('',#8221);
#8221 = AXIS2_PLACEMENT_3D('',#8222,#8223,#8224);
#8222 = CARTESIAN_POINT('',(207.,58.5,16.6));
#8223 = DIRECTION('',(0.,2.2E-16,1.));
#8224 = DIRECTION('',(-1.,0.,0.));
#8225 = ADVANCED_FACE('',(#8226),#8237,.F.);
#8226 = FACE_BOUND('',#8227,.F.);
#8227 = EDGE_LOOP('',(#8228,#8229,#8230,#8231));
#8228 = ORIENTED_EDGE('',*,*,#7902,.T.);
#8229 = ORIENTED_EDGE('',*,*,#7030,.T.);
#8230 = ORIENTED_EDGE('',*,*,#8055,.T.);
#8231 = ORIENTED_EDGE('',*,*,#8232,.F.);
#8232 = EDGE_CURVE('',#7903,#8048,#8233,.T.);
#8233 = LINE('',#8234,#8235);
#8234 = CARTESIAN_POINT('',(186.,63.,-25.81666666666));
#8235 = VECTOR('',#8236,1.);
#8236 = DIRECTION('',(-1.,-0.,-0.));
#8237 = PLANE('',#8238);
#8238 = AXIS2_PLACEMENT_3D('',#8239,#8240,#8241);
#8239 = CARTESIAN_POINT('',(186.,58.5,-18.02243803261));
#8240 = DIRECTION('',(0.,-0.866025403784,-0.5));
#8241 = DIRECTION('',(0.,0.5,-0.866025403784));
#8242 = ADVANCED_FACE('',(#8243),#8277,.T.);
#8243 = FACE_BOUND('',#8244,.T.);
#8244 = EDGE_LOOP('',(#8245,#8253,#8254,#8255,#8263,#8271));
#8245 = ORIENTED_EDGE('',*,*,#8246,.F.);
#8246 = EDGE_CURVE('',#8107,#8247,#8249,.T.);
#8247 = VERTEX_POINT('',#8248);
#8248 = CARTESIAN_POINT('',(123.,129.5,20.1));
#8249 = LINE('',#8250,#8251);
#8250 = CARTESIAN_POINT('',(123.,129.5,16.6));
#8251 = VECTOR('',#8252,1.);
#8252 = DIRECTION('',(0.,2.2E-16,1.));
#8253 = ORIENTED_EDGE('',*,*,#8115,.F.);
#8254 = ORIENTED_EDGE('',*,*,#7063,.F.);
#8255 = ORIENTED_EDGE('',*,*,#8256,.F.);
#8256 = EDGE_CURVE('',#8257,#7055,#8259,.T.);
#8257 = VERTEX_POINT('',#8258);
#8258 = CARTESIAN_POINT('',(123.,54.5,-40.9));
#8259 = LINE('',#8260,#8261);
#8260 = CARTESIAN_POINT('',(123.,55.5,-40.9));
#8261 = VECTOR('',#8262,1.);
#8262 = DIRECTION('',(0.,1.,0.));
#8263 = ORIENTED_EDGE('',*,*,#8264,.F.);
#8264 = EDGE_CURVE('',#8265,#8257,#8267,.T.);
#8265 = VERTEX_POINT('',#8266);
#8266 = CARTESIAN_POINT('',(123.,54.5,20.1));
#8267 = LINE('',#8268,#8269);
#8268 = CARTESIAN_POINT('',(123.,54.5,20.1));
#8269 = VECTOR('',#8270,1.);
#8270 = DIRECTION('',(0.,0.,-1.));
#8271 = ORIENTED_EDGE('',*,*,#8272,.F.);
#8272 = EDGE_CURVE('',#8247,#8265,#8273,.T.);
#8273 = LINE('',#8274,#8275);
#8274 = CARTESIAN_POINT('',(123.,55.5,20.1));
#8275 = VECTOR('',#8276,1.);
#8276 = DIRECTION('',(0.,-1.,0.));
#8277 = PLANE('',#8278);
#8278 = AXIS2_PLACEMENT_3D('',#8279,#8280,#8281);
#8279 = CARTESIAN_POINT('',(123.,76.990808823529,4.609191176471));
#8280 = DIRECTION('',(-1.,-0.,-0.));
#8281 = DIRECTION('',(0.,0.,-1.));
#8282 = ADVANCED_FACE('',(#8283),#8295,.T.);
#8283 = FACE_BOUND('',#8284,.T.);
#8284 = EDGE_LOOP('',(#8285,#8292,#8293,#8294));
#8285 = ORIENTED_EDGE('',*,*,#8286,.T.);
#8286 = EDGE_CURVE('',#7638,#8257,#8287,.T.);
#8287 = CIRCLE('',#8288,3.);
#8288 = AXIS2_PLACEMENT_3D('',#8289,#8290,#8291);
#8289 = CARTESIAN_POINT('',(126.,54.5,-40.9));
#8290 = DIRECTION('',(0.,1.,0.));
#8291 = DIRECTION('',(-0.707106781187,0.,-0.707106781187));
#8292 = ORIENTED_EDGE('',*,*,#8256,.T.);
#8293 = ORIENTED_EDGE('',*,*,#7054,.T.);
#8294 = ORIENTED_EDGE('',*,*,#7645,.T.);
#8295 = CYLINDRICAL_SURFACE('',#8296,3.);
#8296 = AXIS2_PLACEMENT_3D('',#8297,#8298,#8299);
#8297 = CARTESIAN_POINT('',(126.,55.5,-40.9));
#8298 = DIRECTION('',(0.,1.,0.));
#8299 = DIRECTION('',(-0.707106781187,0.,-0.707106781187));
#8300 = ADVANCED_FACE('',(#8301),#8319,.F.);
#8301 = FACE_BOUND('',#8302,.F.);
#8302 = EDGE_LOOP('',(#8303,#8312,#8317,#8318));
#8303 = ORIENTED_EDGE('',*,*,#8304,.F.);
#8304 = EDGE_CURVE('',#8305,#8305,#8307,.T.);
#8305 = VERTEX_POINT('',#8306);
#8306 = CARTESIAN_POINT('',(139.2,54.5,-33.2));
#8307 = CIRCLE('',#8308,3.6);
#8308 = AXIS2_PLACEMENT_3D('',#8309,#8310,#8311);
#8309 = CARTESIAN_POINT('',(135.6,54.5,-33.2));
#8310 = DIRECTION('',(0.,-1.,2.2E-16));
#8311 = DIRECTION('',(1.,0.,0.));
#8312 = ORIENTED_EDGE('',*,*,#8313,.F.);
#8313 = EDGE_CURVE('',#7136,#8305,#8314,.T.);
#8314 = B_SPLINE_CURVE_WITH_KNOTS('',1,(#8315,#8316),.UNSPECIFIED.,.F.,
  .F.,(2,2),(-3.,1.),.PIECEWISE_BEZIER_KNOTS.);
#8315 = CARTESIAN_POINT('',(139.2,58.5,-33.2));
#8316 = CARTESIAN_POINT('',(139.2,54.5,-33.2));
#8317 = ORIENTED_EDGE('',*,*,#7135,.T.);
#8318 = ORIENTED_EDGE('',*,*,#8313,.T.);
#8319 = CYLINDRICAL_SURFACE('',#8320,3.6);
#8320 = AXIS2_PLACEMENT_3D('',#8321,#8322,#8323);
#8321 = CARTESIAN_POINT('',(135.6,55.5,-33.2));
#8322 = DIRECTION('',(0.,-1.,2.2E-16));
#8323 = DIRECTION('',(1.,0.,0.));
#8324 = ADVANCED_FACE('',(#8325),#8343,.F.);
#8325 = FACE_BOUND('',#8326,.F.);
#8326 = EDGE_LOOP('',(#8327,#8336,#8341,#8342));
#8327 = ORIENTED_EDGE('',*,*,#8328,.F.);
#8328 = EDGE_CURVE('',#8329,#8329,#8331,.T.);
#8329 = VERTEX_POINT('',#8330);
#8330 = CARTESIAN_POINT('',(138.2,54.5,6.5));
#8331 = CIRCLE('',#8332,2.6);
#8332 = AXIS2_PLACEMENT_3D('',#8333,#8334,#8335);
#8333 = CARTESIAN_POINT('',(135.6,54.5,6.5));
#8334 = DIRECTION('',(0.,-1.,2.2E-16));
#8335 = DIRECTION('',(1.,0.,0.));
#8336 = ORIENTED_EDGE('',*,*,#8337,.F.);
#8337 = EDGE_CURVE('',#7147,#8329,#8338,.T.);
#8338 = B_SPLINE_CURVE_WITH_KNOTS('',1,(#8339,#8340),.UNSPECIFIED.,.F.,
  .F.,(2,2),(-3.,1.),.PIECEWISE_BEZIER_KNOTS.);
#8339 = CARTESIAN_POINT('',(138.2,58.5,6.5));
#8340 = CARTESIAN_POINT('',(138.2,54.5,6.5));
#8341 = ORIENTED_EDGE('',*,*,#7146,.T.);
#8342 = ORIENTED_EDGE('',*,*,#8337,.T.);
#8343 = CYLINDRICAL_SURFACE('',#8344,2.6);
#8344 = AXIS2_PLACEMENT_3D('',#8345,#8346,#8347);
#8345 = CARTESIAN_POINT('',(135.6,55.5,6.5));
#8346 = DIRECTION('',(0.,-1.,2.2E-16));
#8347 = DIRECTION('',(1.,0.,0.));
#8348 = ADVANCED_FACE('',(#8349),#8367,.F.);
#8349 = FACE_BOUND('',#8350,.F.);
#8350 = EDGE_LOOP('',(#8351,#8360,#8365,#8366));
#8351 = ORIENTED_EDGE('',*,*,#8352,.F.);
#8352 = EDGE_CURVE('',#8353,#8353,#8355,.T.);
#8353 = VERTEX_POINT('',#8354);
#8354 = CARTESIAN_POINT('',(198.,54.5,-33.2));
#8355 = CIRCLE('',#8356,3.6);
#8356 = AXIS2_PLACEMENT_3D('',#8357,#8358,#8359);
#8357 = CARTESIAN_POINT('',(194.4,54.5,-33.2));
#8358 = DIRECTION('',(0.,-1.,2.2E-16));
#8359 = DIRECTION('',(1.,0.,0.));
#8360 = ORIENTED_EDGE('',*,*,#8361,.F.);
#8361 = EDGE_CURVE('',#7176,#8353,#8362,.T.);
#8362 = B_SPLINE_CURVE_WITH_KNOTS('',1,(#8363,#8364),.UNSPECIFIED.,.F.,
  .F.,(2,2),(-3.,1.),.PIECEWISE_BEZIER_KNOTS.);
#8363 = CARTESIAN_POINT('',(198.,58.5,-33.2));
#8364 = CARTESIAN_POINT('',(198.,54.5,-33.2));
#8365 = ORIENTED_EDGE('',*,*,#7175,.T.);
#8366 = ORIENTED_EDGE('',*,*,#8361,.T.);
#8367 = CYLINDRICAL_SURFACE('',#8368,3.6);
#8368 = AXIS2_PLACEMENT_3D('',#8369,#8370,#8371);
#8369 = CARTESIAN_POINT('',(194.4,55.5,-33.2));
#8370 = DIRECTION('',(0.,-1.,2.2E-16));
#8371 = DIRECTION('',(1.,0.,0.));
#8372 = ADVANCED_FACE('',(#8373),#8391,.F.);
#8373 = FACE_BOUND('',#8374,.F.);
#8374 = EDGE_LOOP('',(#8375,#8384,#8389,#8390));
#8375 = ORIENTED_EDGE('',*,*,#8376,.F.);
#8376 = EDGE_CURVE('',#8377,#8377,#8379,.T.);
#8377 = VERTEX_POINT('',#8378);
#8378 = CARTESIAN_POINT('',(197.,54.5,6.5));
#8379 = CIRCLE('',#8380,2.6);
#8380 = AXIS2_PLACEMENT_3D('',#8381,#8382,#8383);
#8381 = CARTESIAN_POINT('',(194.4,54.5,6.5));
#8382 = DIRECTION('',(0.,-1.,2.2E-16));
#8383 = DIRECTION('',(1.,0.,0.));
#8384 = ORIENTED_EDGE('',*,*,#8385,.F.);
#8385 = EDGE_CURVE('',#7187,#8377,#8386,.T.);
#8386 = B_SPLINE_CURVE_WITH_KNOTS('',1,(#8387,#8388),.UNSPECIFIED.,.F.,
  .F.,(2,2),(-3.,1.),.PIECEWISE_BEZIER_KNOTS.);
#8387 = CARTESIAN_POINT('',(197.,58.5,6.5));
#8388 = CARTESIAN_POINT('',(197.,54.5,6.5));
#8389 = ORIENTED_EDGE('',*,*,#7186,.T.);
#8390 = ORIENTED_EDGE('',*,*,#8385,.T.);
#8391 = CYLINDRICAL_SURFACE('',#8392,2.6);
#8392 = AXIS2_PLACEMENT_3D('',#8393,#8394,#8395);
#8393 = CARTESIAN_POINT('',(194.4,55.5,6.5));
#8394 = DIRECTION('',(0.,-1.,2.2E-16));
#8395 = DIRECTION('',(1.,0.,0.));
#8396 = ADVANCED_FACE('',(#8397),#8415,.F.);
#8397 = FACE_BOUND('',#8398,.T.);
#8398 = EDGE_LOOP('',(#8399,#8408,#8413,#8414));
#8399 = ORIENTED_EDGE('',*,*,#8400,.T.);
#8400 = EDGE_CURVE('',#8401,#8401,#8403,.T.);
#8401 = VERTEX_POINT('',#8402);
#8402 = CARTESIAN_POINT('',(159.48845138549,56.9,-1.9));
#8403 = CIRCLE('',#8404,2.6);
#8404 = AXIS2_PLACEMENT_3D('',#8405,#8406,#8407);
#8405 = CARTESIAN_POINT('',(162.08845138549,56.9,-1.9));
#8406 = DIRECTION('',(-0.,-1.,-0.));
#8407 = DIRECTION('',(-1.,0.,0.));
#8408 = ORIENTED_EDGE('',*,*,#8409,.F.);
#8409 = EDGE_CURVE('',#7222,#8401,#8410,.T.);
#8410 = B_SPLINE_CURVE_WITH_KNOTS('',1,(#8411,#8412),.UNSPECIFIED.,.F.,
  .F.,(2,2),(-2.45,1.6),.PIECEWISE_BEZIER_KNOTS.);
#8411 = CARTESIAN_POINT('',(159.48845138549,60.95,-1.9));
#8412 = CARTESIAN_POINT('',(159.48845138549,56.9,-1.9));
#8413 = ORIENTED_EDGE('',*,*,#7221,.T.);
#8414 = ORIENTED_EDGE('',*,*,#8409,.T.);
#8415 = CYLINDRICAL_SURFACE('',#8416,2.6);
#8416 = AXIS2_PLACEMENT_3D('',#8417,#8418,#8419);
#8417 = CARTESIAN_POINT('',(162.08845138549,58.5,-1.9));
#8418 = DIRECTION('',(0.,-1.,2.2E-16));
#8419 = DIRECTION('',(-1.,0.,0.));
#8420 = ADVANCED_FACE('',(#8421),#8439,.F.);
#8421 = FACE_BOUND('',#8422,.T.);
#8422 = EDGE_LOOP('',(#8423,#8432,#8437,#8438));
#8423 = ORIENTED_EDGE('',*,*,#8424,.T.);
#8424 = EDGE_CURVE('',#8425,#8425,#8427,.T.);
#8425 = VERTEX_POINT('',#8426);
#8426 = CARTESIAN_POINT('',(159.48845138549,56.9,-21.9));
#8427 = CIRCLE('',#8428,2.6);
#8428 = AXIS2_PLACEMENT_3D('',#8429,#8430,#8431);
#8429 = CARTESIAN_POINT('',(162.08845138549,56.9,-21.9));
#8430 = DIRECTION('',(-0.,-1.,-0.));
#8431 = DIRECTION('',(-1.,0.,0.));
#8432 = ORIENTED_EDGE('',*,*,#8433,.F.);
#8433 = EDGE_CURVE('',#7233,#8425,#8434,.T.);
#8434 = B_SPLINE_CURVE_WITH_KNOTS('',1,(#8435,#8436),.UNSPECIFIED.,.F.,
  .F.,(2,2),(-2.45,1.6),.PIECEWISE_BEZIER_KNOTS.);
#8435 = CARTESIAN_POINT('',(159.48845138549,60.95,-21.9));
#8436 = CARTESIAN_POINT('',(159.48845138549,56.9,-21.9));
#8437 = ORIENTED_EDGE('',*,*,#7232,.T.);
#8438 = ORIENTED_EDGE('',*,*,#8433,.T.);
#8439 = CYLINDRICAL_SURFACE('',#8440,2.6);
#8440 = AXIS2_PLACEMENT_3D('',#8441,#8442,#8443);
#8441 = CARTESIAN_POINT('',(162.08845138549,58.5,-21.9));
#8442 = DIRECTION('',(0.,-1.,2.2E-16));
#8443 = DIRECTION('',(-1.,0.,0.));
#8444 = ADVANCED_FACE('',(#8445),#8464,.T.);
#8445 = FACE_BOUND('',#8446,.T.);
#8446 = EDGE_LOOP('',(#8447,#8456,#8457,#8458));
#8447 = ORIENTED_EDGE('',*,*,#8448,.T.);
#8448 = EDGE_CURVE('',#8449,#7446,#8451,.T.);
#8449 = VERTEX_POINT('',#8450);
#8450 = CARTESIAN_POINT('',(203.,133.5,20.1));
#8451 = CIRCLE('',#8452,4.);
#8452 = AXIS2_PLACEMENT_3D('',#8453,#8454,#8455);
#8453 = CARTESIAN_POINT('',(203.,129.5,20.1));
#8454 = DIRECTION('',(0.,-2.2E-16,-1.));
#8455 = DIRECTION('',(0.,1.,-2.2E-16));
#8456 = ORIENTED_EDGE('',*,*,#7445,.T.);
#8457 = ORIENTED_EDGE('',*,*,#7312,.F.);
#8458 = ORIENTED_EDGE('',*,*,#8459,.F.);
#8459 = EDGE_CURVE('',#8449,#7313,#8460,.T.);
#8460 = LINE('',#8461,#8462);
#8461 = CARTESIAN_POINT('',(203.,133.5,20.1));
#8462 = VECTOR('',#8463,1.);
#8463 = DIRECTION('',(0.,-2.2E-16,-1.));
#8464 = CYLINDRICAL_SURFACE('',#8465,4.);
#8465 = AXIS2_PLACEMENT_3D('',#8466,#8467,#8468);
#8466 = CARTESIAN_POINT('',(203.,129.5,20.1));
#8467 = DIRECTION('',(0.,-2.2E-16,-1.));
#8468 = DIRECTION('',(0.,1.,-2.2E-16));
#8469 = ADVANCED_FACE('',(#8470),#8502,.T.);
#8470 = FACE_BOUND('',#8471,.T.);
#8471 = EDGE_LOOP('',(#8472,#8478,#8479,#8487,#8493,#8494,#8495,#8501));
#8472 = ORIENTED_EDGE('',*,*,#8473,.T.);
#8473 = EDGE_CURVE('',#7752,#8008,#8474,.T.);
#8474 = LINE('',#8475,#8476);
#8475 = CARTESIAN_POINT('',(151.5,133.5,16.6));
#8476 = VECTOR('',#8477,1.);
#8477 = DIRECTION('',(-1.,0.,0.));
#8478 = ORIENTED_EDGE('',*,*,#8098,.T.);
#8479 = ORIENTED_EDGE('',*,*,#8480,.T.);
#8480 = EDGE_CURVE('',#8099,#8481,#8483,.T.);
#8481 = VERTEX_POINT('',#8482);
#8482 = CARTESIAN_POINT('',(127.,133.5,20.1));
#8483 = LINE('',#8484,#8485);
#8484 = CARTESIAN_POINT('',(127.,133.5,16.6));
#8485 = VECTOR('',#8486,1.);
#8486 = DIRECTION('',(0.,2.2E-16,1.));
#8487 = ORIENTED_EDGE('',*,*,#8488,.T.);
#8488 = EDGE_CURVE('',#8481,#8449,#8489,.T.);
#8489 = LINE('',#8490,#8491);
#8490 = CARTESIAN_POINT('',(123.,133.5,20.1));
#8491 = VECTOR('',#8492,1.);
#8492 = DIRECTION('',(1.,0.,0.));
#8493 = ORIENTED_EDGE('',*,*,#8459,.T.);
#8494 = ORIENTED_EDGE('',*,*,#7321,.T.);
#8495 = ORIENTED_EDGE('',*,*,#8496,.T.);
#8496 = EDGE_CURVE('',#7322,#7661,#8497,.T.);
#8497 = LINE('',#8498,#8499);
#8498 = CARTESIAN_POINT('',(186.,133.5,16.6));
#8499 = VECTOR('',#8500,1.);
#8500 = DIRECTION('',(-1.,0.,0.));
#8501 = ORIENTED_EDGE('',*,*,#7751,.T.);
#8502 = PLANE('',#8503);
#8503 = AXIS2_PLACEMENT_3D('',#8504,#8505,#8506);
#8504 = CARTESIAN_POINT('',(165.,133.5,-3.224812967581));
#8505 = DIRECTION('',(0.,1.,0.));
#8506 = DIRECTION('',(0.,0.,1.));
#8507 = ADVANCED_FACE('',(#8508),#8527,.F.);
#8508 = FACE_BOUND('',#8509,.F.);
#8509 = EDGE_LOOP('',(#8510,#8519,#8525,#8526));
#8510 = ORIENTED_EDGE('',*,*,#8511,.F.);
#8511 = EDGE_CURVE('',#8512,#8512,#8514,.T.);
#8512 = VERTEX_POINT('',#8513);
#8513 = CARTESIAN_POINT('',(202.,125.9,20.1));
#8514 = CIRCLE('',#8515,2.6);
#8515 = AXIS2_PLACEMENT_3D('',#8516,#8517,#8518);
#8516 = CARTESIAN_POINT('',(199.4,125.9,20.1));
#8517 = DIRECTION('',(0.,0.,1.));
#8518 = DIRECTION('',(1.,0.,0.));
#8519 = ORIENTED_EDGE('',*,*,#8520,.T.);
#8520 = EDGE_CURVE('',#8512,#7339,#8521,.T.);
#8521 = LINE('',#8522,#8523);
#8522 = CARTESIAN_POINT('',(202.,125.9,20.1));
#8523 = VECTOR('',#8524,1.);
#8524 = DIRECTION('',(-0.,-0.,-1.));
#8525 = ORIENTED_EDGE('',*,*,#7338,.T.);
#8526 = ORIENTED_EDGE('',*,*,#8520,.F.);
#8527 = CYLINDRICAL_SURFACE('',#8528,2.6);
#8528 = AXIS2_PLACEMENT_3D('',#8529,#8530,#8531);
#8529 = CARTESIAN_POINT('',(199.4,125.9,20.1));
#8530 = DIRECTION('',(0.,0.,1.));
#8531 = DIRECTION('',(1.,0.,0.));
#8532 = ADVANCED_FACE('',(#8533),#8558,.T.);
#8533 = FACE_BOUND('',#8534,.T.);
#8534 = EDGE_LOOP('',(#8535,#8536,#8544,#8552));
#8535 = ORIENTED_EDGE('',*,*,#7349,.F.);
#8536 = ORIENTED_EDGE('',*,*,#8537,.T.);
#8537 = EDGE_CURVE('',#7350,#8538,#8540,.T.);
#8538 = VERTEX_POINT('',#8539);
#8539 = CARTESIAN_POINT('',(189.,116.3,20.1));
#8540 = LINE('',#8541,#8542);
#8541 = CARTESIAN_POINT('',(189.,116.3,16.6));
#8542 = VECTOR('',#8543,1.);
#8543 = DIRECTION('',(0.,0.,1.));
#8544 = ORIENTED_EDGE('',*,*,#8545,.F.);
#8545 = EDGE_CURVE('',#8546,#8538,#8548,.T.);
#8546 = VERTEX_POINT('',#8547);
#8547 = CARTESIAN_POINT('',(189.,98.979491924311,20.1));
#8548 = LINE('',#8549,#8550);
#8549 = CARTESIAN_POINT('',(189.,105.4,20.1));
#8550 = VECTOR('',#8551,1.);
#8551 = DIRECTION('',(3.28E-15,1.,-2.3E-16));
#8552 = ORIENTED_EDGE('',*,*,#8553,.F.);
#8553 = EDGE_CURVE('',#7352,#8546,#8554,.T.);
#8554 = LINE('',#8555,#8556);
#8555 = CARTESIAN_POINT('',(189.,98.979491924311,16.6));
#8556 = VECTOR('',#8557,1.);
#8557 = DIRECTION('',(0.,0.,1.));
#8558 = PLANE('',#8559);
#8559 = AXIS2_PLACEMENT_3D('',#8560,#8561,#8562);
#8560 = CARTESIAN_POINT('',(189.,116.3,16.6));
#8561 = DIRECTION('',(1.,-3.28E-15,0.));
#8562 = DIRECTION('',(-3.28E-15,-1.,0.));
#8563 = ADVANCED_FACE('',(#8564),#8582,.T.);
#8564 = FACE_BOUND('',#8565,.T.);
#8565 = EDGE_LOOP('',(#8566,#8567,#8568,#8576));
#8566 = ORIENTED_EDGE('',*,*,#7367,.F.);
#8567 = ORIENTED_EDGE('',*,*,#8553,.T.);
#8568 = ORIENTED_EDGE('',*,*,#8569,.F.);
#8569 = EDGE_CURVE('',#8570,#8546,#8572,.T.);
#8570 = VERTEX_POINT('',#8571);
#8571 = CARTESIAN_POINT('',(204.,107.63974596215,20.1));
#8572 = LINE('',#8573,#8574);
#8573 = CARTESIAN_POINT('',(179.03016154937,93.223403011066,20.1));
#8574 = VECTOR('',#8575,1.);
#8575 = DIRECTION('',(-0.866025403784,-0.5,1.2E-16));
#8576 = ORIENTED_EDGE('',*,*,#8577,.F.);
#8577 = EDGE_CURVE('',#7360,#8570,#8578,.T.);
#8578 = LINE('',#8579,#8580);
#8579 = CARTESIAN_POINT('',(204.,107.63974596215,16.6));
#8580 = VECTOR('',#8581,1.);
#8581 = DIRECTION('',(0.,0.,1.));
#8582 = PLANE('',#8583);
#8583 = AXIS2_PLACEMENT_3D('',#8584,#8585,#8586);
#8584 = CARTESIAN_POINT('',(189.,98.979491924311,16.6));
#8585 = DIRECTION('',(-0.5,0.866025403784,0.));
#8586 = DIRECTION('',(0.866025403784,0.5,0.));
#8587 = ADVANCED_FACE('',(#8588),#8599,.F.);
#8588 = FACE_BOUND('',#8589,.F.);
#8589 = EDGE_LOOP('',(#8590,#8591,#8592,#8598));
#8590 = ORIENTED_EDGE('',*,*,#7359,.F.);
#8591 = ORIENTED_EDGE('',*,*,#8537,.T.);
#8592 = ORIENTED_EDGE('',*,*,#8593,.F.);
#8593 = EDGE_CURVE('',#8570,#8538,#8594,.T.);
#8594 = LINE('',#8595,#8596);
#8595 = CARTESIAN_POINT('',(184.71983845062,118.7711524227,20.1));
#8596 = VECTOR('',#8597,1.);
#8597 = DIRECTION('',(-0.866025403784,0.5,-1.2E-16));
#8598 = ORIENTED_EDGE('',*,*,#8577,.F.);
#8599 = PLANE('',#8600);
#8600 = AXIS2_PLACEMENT_3D('',#8601,#8602,#8603);
#8601 = CARTESIAN_POINT('',(189.,116.3,16.6));
#8602 = DIRECTION('',(0.5,0.866025403784,0.));
#8603 = DIRECTION('',(0.866025403784,-0.5,0.));
#8604 = ADVANCED_FACE('',(#8605),#8630,.T.);
#8605 = FACE_BOUND('',#8606,.T.);
#8606 = EDGE_LOOP('',(#8607,#8608,#8616,#8624));
#8607 = ORIENTED_EDGE('',*,*,#7375,.F.);
#8608 = ORIENTED_EDGE('',*,*,#8609,.T.);
#8609 = EDGE_CURVE('',#7376,#8610,#8612,.T.);
#8610 = VERTEX_POINT('',#8611);
#8611 = CARTESIAN_POINT('',(189.,94.,20.1));
#8612 = LINE('',#8613,#8614);
#8613 = CARTESIAN_POINT('',(189.,94.,16.6));
#8614 = VECTOR('',#8615,1.);
#8615 = DIRECTION('',(0.,0.,1.));
#8616 = ORIENTED_EDGE('',*,*,#8617,.F.);
#8617 = EDGE_CURVE('',#8618,#8610,#8620,.T.);
#8618 = VERTEX_POINT('',#8619);
#8619 = CARTESIAN_POINT('',(204.,85.339745962156,20.1));
#8620 = LINE('',#8621,#8622);
#8621 = CARTESIAN_POINT('',(179.89174682452,99.258652422706,20.1));
#8622 = VECTOR('',#8623,1.);
#8623 = DIRECTION('',(-0.866025403784,0.5,-1.2E-16));
#8624 = ORIENTED_EDGE('',*,*,#8625,.F.);
#8625 = EDGE_CURVE('',#7378,#8618,#8626,.T.);
#8626 = LINE('',#8627,#8628);
#8627 = CARTESIAN_POINT('',(204.,85.339745962156,16.6));
#8628 = VECTOR('',#8629,1.);
#8629 = DIRECTION('',(0.,0.,1.));
#8630 = PLANE('',#8631);
#8631 = AXIS2_PLACEMENT_3D('',#8632,#8633,#8634);
#8632 = CARTESIAN_POINT('',(189.,94.,16.6));
#8633 = DIRECTION('',(0.5,0.866025403784,0.));
#8634 = DIRECTION('',(0.866025403784,-0.5,0.));
#8635 = ADVANCED_FACE('',(#8636),#8654,.T.);
#8636 = FACE_BOUND('',#8637,.T.);
#8637 = EDGE_LOOP('',(#8638,#8639,#8640,#8648));
#8638 = ORIENTED_EDGE('',*,*,#7393,.F.);
#8639 = ORIENTED_EDGE('',*,*,#8625,.T.);
#8640 = ORIENTED_EDGE('',*,*,#8641,.F.);
#8641 = EDGE_CURVE('',#8642,#8618,#8644,.T.);
#8642 = VERTEX_POINT('',#8643);
#8643 = CARTESIAN_POINT('',(204.,102.66025403784,20.1));
#8644 = LINE('',#8645,#8646);
#8645 = CARTESIAN_POINT('',(204.,89.919872981078,20.1));
#8646 = VECTOR('',#8647,1.);
#8647 = DIRECTION('',(0.,-1.,2.3E-16));
#8648 = ORIENTED_EDGE('',*,*,#8649,.F.);
#8649 = EDGE_CURVE('',#7386,#8642,#8650,.T.);
#8650 = LINE('',#8651,#8652);
#8651 = CARTESIAN_POINT('',(204.,102.66025403784,16.6));
#8652 = VECTOR('',#8653,1.);
#8653 = DIRECTION('',(0.,0.,1.));
#8654 = PLANE('',#8655);
#8655 = AXIS2_PLACEMENT_3D('',#8656,#8657,#8658);
#8656 = CARTESIAN_POINT('',(204.,85.339745962156,16.6));
#8657 = DIRECTION('',(-1.,0.,0.));
#8658 = DIRECTION('',(0.,1.,0.));
#8659 = ADVANCED_FACE('',(#8660),#8671,.T.);
#8660 = FACE_BOUND('',#8661,.T.);
#8661 = EDGE_LOOP('',(#8662,#8663,#8664,#8670));
#8662 = ORIENTED_EDGE('',*,*,#7385,.F.);
#8663 = ORIENTED_EDGE('',*,*,#8649,.T.);
#8664 = ORIENTED_EDGE('',*,*,#8665,.F.);
#8665 = EDGE_CURVE('',#8610,#8642,#8666,.T.);
#8666 = LINE('',#8667,#8668);
#8667 = CARTESIAN_POINT('',(187.60825317547,93.196474596215,20.1));
#8668 = VECTOR('',#8669,1.);
#8669 = DIRECTION('',(0.866025403784,0.5,-1.2E-16));
#8670 = ORIENTED_EDGE('',*,*,#8609,.F.);
#8671 = PLANE('',#8672);
#8672 = AXIS2_PLACEMENT_3D('',#8673,#8674,#8675);
#8673 = CARTESIAN_POINT('',(204.,102.66025403784,16.6));
#8674 = DIRECTION('',(0.5,-0.866025403784,0.));
#8675 = DIRECTION('',(-0.866025403784,-0.5,0.));
#8676 = ADVANCED_FACE('',(#8677),#8702,.T.);
#8677 = FACE_BOUND('',#8678,.T.);
#8678 = EDGE_LOOP('',(#8679,#8680,#8688,#8696));
#8679 = ORIENTED_EDGE('',*,*,#7401,.F.);
#8680 = ORIENTED_EDGE('',*,*,#8681,.T.);
#8681 = EDGE_CURVE('',#7402,#8682,#8684,.T.);
#8682 = VERTEX_POINT('',#8683);
#8683 = CARTESIAN_POINT('',(189.,71.7,20.1));
#8684 = LINE('',#8685,#8686);
#8685 = CARTESIAN_POINT('',(189.,71.7,16.6));
#8686 = VECTOR('',#8687,1.);
#8687 = DIRECTION('',(0.,0.,1.));
#8688 = ORIENTED_EDGE('',*,*,#8689,.F.);
#8689 = EDGE_CURVE('',#8690,#8682,#8692,.T.);
#8690 = VERTEX_POINT('',#8691);
#8691 = CARTESIAN_POINT('',(204.,80.360254037844,20.1));
#8692 = LINE('',#8693,#8694);
#8693 = CARTESIAN_POINT('',(184.93634480157,69.353847577293,20.1));
#8694 = VECTOR('',#8695,1.);
#8695 = DIRECTION('',(-0.866025403784,-0.5,1.2E-16));
#8696 = ORIENTED_EDGE('',*,*,#8697,.F.);
#8697 = EDGE_CURVE('',#7404,#8690,#8698,.T.);
#8698 = LINE('',#8699,#8700);
#8699 = CARTESIAN_POINT('',(204.,80.360254037844,16.6));
#8700 = VECTOR('',#8701,1.);
#8701 = DIRECTION('',(0.,0.,1.));
#8702 = PLANE('',#8703);
#8703 = AXIS2_PLACEMENT_3D('',#8704,#8705,#8706);
#8704 = CARTESIAN_POINT('',(189.,71.7,16.6));
#8705 = DIRECTION('',(-0.5,0.866025403784,0.));
#8706 = DIRECTION('',(0.866025403784,0.5,0.));
#8707 = ADVANCED_FACE('',(#8708),#8726,.F.);
#8708 = FACE_BOUND('',#8709,.F.);
#8709 = EDGE_LOOP('',(#8710,#8711,#8719,#8725));
#8710 = ORIENTED_EDGE('',*,*,#7419,.F.);
#8711 = ORIENTED_EDGE('',*,*,#8712,.T.);
#8712 = EDGE_CURVE('',#7412,#8713,#8715,.T.);
#8713 = VERTEX_POINT('',#8714);
#8714 = CARTESIAN_POINT('',(189.,89.020508075688,20.1));
#8715 = LINE('',#8716,#8717);
#8716 = CARTESIAN_POINT('',(189.,89.020508075688,16.6));
#8717 = VECTOR('',#8718,1.);
#8718 = DIRECTION('',(0.,0.,1.));
#8719 = ORIENTED_EDGE('',*,*,#8720,.F.);
#8720 = EDGE_CURVE('',#8690,#8713,#8721,.T.);
#8721 = LINE('',#8722,#8723);
#8722 = CARTESIAN_POINT('',(178.81365519842,94.901596988934,20.1));
#8723 = VECTOR('',#8724,1.);
#8724 = DIRECTION('',(-0.866025403784,0.5,-1.2E-16));
#8725 = ORIENTED_EDGE('',*,*,#8697,.F.);
#8726 = PLANE('',#8727);
#8727 = AXIS2_PLACEMENT_3D('',#8728,#8729,#8730);
#8728 = CARTESIAN_POINT('',(189.,89.020508075688,16.6));
#8729 = DIRECTION('',(0.5,0.866025403784,0.));
#8730 = DIRECTION('',(0.866025403784,-0.5,0.));
#8731 = ADVANCED_FACE('',(#8732),#8743,.F.);
#8732 = FACE_BOUND('',#8733,.F.);
#8733 = EDGE_LOOP('',(#8734,#8735,#8736,#8742));
#8734 = ORIENTED_EDGE('',*,*,#7411,.F.);
#8735 = ORIENTED_EDGE('',*,*,#8681,.T.);
#8736 = ORIENTED_EDGE('',*,*,#8737,.F.);
#8737 = EDGE_CURVE('',#8713,#8682,#8738,.T.);
#8738 = LINE('',#8739,#8740);
#8739 = CARTESIAN_POINT('',(189.,83.1,20.1));
#8740 = VECTOR('',#8741,1.);
#8741 = DIRECTION('',(0.,-1.,2.3E-16));
#8742 = ORIENTED_EDGE('',*,*,#8712,.F.);
#8743 = PLANE('',#8744);
#8744 = AXIS2_PLACEMENT_3D('',#8745,#8746,#8747);
#8745 = CARTESIAN_POINT('',(189.,71.7,16.6));
#8746 = DIRECTION('',(-1.,0.,0.));
#8747 = DIRECTION('',(0.,1.,0.));
#8748 = ADVANCED_FACE('',(#8749),#8768,.F.);
#8749 = FACE_BOUND('',#8750,.F.);
#8750 = EDGE_LOOP('',(#8751,#8760,#8766,#8767));
#8751 = ORIENTED_EDGE('',*,*,#8752,.F.);
#8752 = EDGE_CURVE('',#8753,#8753,#8755,.T.);
#8753 = VERTEX_POINT('',#8754);
#8754 = CARTESIAN_POINT('',(202.,66.1,20.1));
#8755 = CIRCLE('',#8756,2.6);
#8756 = AXIS2_PLACEMENT_3D('',#8757,#8758,#8759);
#8757 = CARTESIAN_POINT('',(199.4,66.1,20.1));
#8758 = DIRECTION('',(0.,0.,1.));
#8759 = DIRECTION('',(1.,0.,0.));
#8760 = ORIENTED_EDGE('',*,*,#8761,.T.);
#8761 = EDGE_CURVE('',#8753,#7428,#8762,.T.);
#8762 = LINE('',#8763,#8764);
#8763 = CARTESIAN_POINT('',(202.,66.1,20.1));
#8764 = VECTOR('',#8765,1.);
#8765 = DIRECTION('',(-0.,-0.,-1.));
#8766 = ORIENTED_EDGE('',*,*,#7427,.T.);
#8767 = ORIENTED_EDGE('',*,*,#8761,.F.);
#8768 = CYLINDRICAL_SURFACE('',#8769,2.6);
#8769 = AXIS2_PLACEMENT_3D('',#8770,#8771,#8772);
#8770 = CARTESIAN_POINT('',(199.4,66.1,20.1));
#8771 = DIRECTION('',(0.,0.,1.));
#8772 = DIRECTION('',(1.,0.,0.));
#8773 = ADVANCED_FACE('',(#8774,#8793,#8819,#8845,#8871,#8897,#8923,
    #8928,#8954,#8959,#8985,#8990,#8993,#9004,#9007),#9018,.T.);
#8774 = FACE_BOUND('',#8775,.T.);
#8775 = EDGE_LOOP('',(#8776,#8777,#8783,#8784,#8785,#8786));
#8776 = ORIENTED_EDGE('',*,*,#8272,.T.);
#8777 = ORIENTED_EDGE('',*,*,#8778,.F.);
#8778 = EDGE_CURVE('',#7454,#8265,#8779,.T.);
#8779 = LINE('',#8780,#8781);
#8780 = CARTESIAN_POINT('',(126.,54.5,20.1));
#8781 = VECTOR('',#8782,1.);
#8782 = DIRECTION('',(-1.,0.,0.));
#8783 = ORIENTED_EDGE('',*,*,#7453,.T.);
#8784 = ORIENTED_EDGE('',*,*,#8448,.F.);
#8785 = ORIENTED_EDGE('',*,*,#8488,.F.);
#8786 = ORIENTED_EDGE('',*,*,#8787,.T.);
#8787 = EDGE_CURVE('',#8481,#8247,#8788,.T.);
#8788 = CIRCLE('',#8789,4.);
#8789 = AXIS2_PLACEMENT_3D('',#8790,#8791,#8792);
#8790 = CARTESIAN_POINT('',(127.,129.5,20.1));
#8791 = DIRECTION('',(-0.,2.2E-16,1.));
#8792 = DIRECTION('',(0.,-1.,2.2E-16));
#8793 = FACE_BOUND('',#8794,.T.);
#8794 = EDGE_LOOP('',(#8795,#8805,#8813));
#8795 = ORIENTED_EDGE('',*,*,#8796,.F.);
#8796 = EDGE_CURVE('',#8797,#8799,#8801,.T.);
#8797 = VERTEX_POINT('',#8798);
#8798 = CARTESIAN_POINT('',(167.,94.,20.1));
#8799 = VERTEX_POINT('',#8800);
#8800 = CARTESIAN_POINT('',(174.5,72.5,20.1));
#8801 = LINE('',#8802,#8803);
#8802 = CARTESIAN_POINT('',(170.5637656702,83.783871745419,20.1));
#8803 = VECTOR('',#8804,1.);
#8804 = DIRECTION('',(0.329372156318,-0.944200181446,2.2E-16));
#8805 = ORIENTED_EDGE('',*,*,#8806,.T.);
#8806 = EDGE_CURVE('',#8797,#8807,#8809,.T.);
#8807 = VERTEX_POINT('',#8808);
#8808 = CARTESIAN_POINT('',(174.5,115.5,20.1));
#8809 = LINE('',#8810,#8811);
#8810 = CARTESIAN_POINT('',(170.71926229508,104.6618852459,20.1));
#8811 = VECTOR('',#8812,1.);
#8812 = DIRECTION('',(0.329372156318,0.944200181446,-2.2E-16));
#8813 = ORIENTED_EDGE('',*,*,#8814,.T.);
#8814 = EDGE_CURVE('',#8807,#8799,#8815,.T.);
#8815 = LINE('',#8816,#8817);
#8816 = CARTESIAN_POINT('',(174.5,83.5,20.1));
#8817 = VECTOR('',#8818,1.);
#8818 = DIRECTION('',(0.,-1.,2.3E-16));
#8819 = FACE_BOUND('',#8820,.T.);
#8820 = EDGE_LOOP('',(#8821,#8831,#8839));
#8821 = ORIENTED_EDGE('',*,*,#8822,.F.);
#8822 = EDGE_CURVE('',#8823,#8825,#8827,.T.);
#8823 = VERTEX_POINT('',#8824);
#8824 = CARTESIAN_POINT('',(163.,94.,20.1));
#8825 = VERTEX_POINT('',#8826);
#8826 = CARTESIAN_POINT('',(155.5,115.5,20.1));
#8827 = LINE('',#8828,#8829);
#8828 = CARTESIAN_POINT('',(159.28073770491,104.6618852459,20.1));
#8829 = VECTOR('',#8830,1.);
#8830 = DIRECTION('',(-0.329372156318,0.944200181446,-2.2E-16));
#8831 = ORIENTED_EDGE('',*,*,#8832,.T.);
#8832 = EDGE_CURVE('',#8823,#8833,#8835,.T.);
#8833 = VERTEX_POINT('',#8834);
#8834 = CARTESIAN_POINT('',(155.5,72.5,20.1));
#8835 = LINE('',#8836,#8837);
#8836 = CARTESIAN_POINT('',(159.43623432979,83.783871745419,20.1));
#8837 = VECTOR('',#8838,1.);
#8838 = DIRECTION('',(-0.329372156318,-0.944200181446,2.2E-16));
#8839 = ORIENTED_EDGE('',*,*,#8840,.F.);
#8840 = EDGE_CURVE('',#8825,#8833,#8841,.T.);
#8841 = LINE('',#8842,#8843);
#8842 = CARTESIAN_POINT('',(155.5,83.5,20.1));
#8843 = VECTOR('',#8844,1.);
#8844 = DIRECTION('',(0.,-1.,2.3E-16));
#8845 = FACE_BOUND('',#8846,.T.);
#8846 = EDGE_LOOP('',(#8847,#8857,#8865));
#8847 = ORIENTED_EDGE('',*,*,#8848,.T.);
#8848 = EDGE_CURVE('',#8849,#8851,#8853,.T.);
#8849 = VERTEX_POINT('',#8850);
#8850 = CARTESIAN_POINT('',(165.,84.435028842544,20.1));
#8851 = VERTEX_POINT('',#8852);
#8852 = CARTESIAN_POINT('',(174.5,61.5,20.1));
#8853 = LINE('',#8854,#8855);
#8854 = CARTESIAN_POINT('',(167.97074766052,77.263009550107,20.1));
#8855 = VECTOR('',#8856,1.);
#8856 = DIRECTION('',(0.382683432365,-0.923879532511,2.1E-16));
#8857 = ORIENTED_EDGE('',*,*,#8858,.T.);
#8858 = EDGE_CURVE('',#8851,#8859,#8861,.T.);
#8859 = VERTEX_POINT('',#8860);
#8860 = CARTESIAN_POINT('',(155.5,61.5,20.1));
#8861 = LINE('',#8862,#8863);
#8862 = CARTESIAN_POINT('',(160.25,61.5,20.1));
#8863 = VECTOR('',#8864,1.);
#8864 = DIRECTION('',(-1.,7.85E-15,0.));
#8865 = ORIENTED_EDGE('',*,*,#8866,.F.);
#8866 = EDGE_CURVE('',#8849,#8859,#8867,.T.);
#8867 = LINE('',#8868,#8869);
#8868 = CARTESIAN_POINT('',(162.02925233947,77.263009550107,20.1));
#8869 = VECTOR('',#8870,1.);
#8870 = DIRECTION('',(-0.382683432365,-0.923879532511,2.1E-16));
#8871 = FACE_BOUND('',#8872,.T.);
#8872 = EDGE_LOOP('',(#8873,#8883,#8891));
#8873 = ORIENTED_EDGE('',*,*,#8874,.F.);
#8874 = EDGE_CURVE('',#8875,#8877,#8879,.T.);
#8875 = VERTEX_POINT('',#8876);
#8876 = CARTESIAN_POINT('',(174.5,126.5,20.1));
#8877 = VERTEX_POINT('',#8878);
#8878 = CARTESIAN_POINT('',(155.5,126.5,20.1));
#8879 = LINE('',#8880,#8881);
#8880 = CARTESIAN_POINT('',(160.25,126.5,20.1));
#8881 = VECTOR('',#8882,1.);
#8882 = DIRECTION('',(-1.,0.,0.));
#8883 = ORIENTED_EDGE('',*,*,#8884,.F.);
#8884 = EDGE_CURVE('',#8885,#8875,#8887,.T.);
#8885 = VERTEX_POINT('',#8886);
#8886 = CARTESIAN_POINT('',(165.,103.56497115745,20.1));
#8887 = LINE('',#8888,#8889);
#8888 = CARTESIAN_POINT('',(168.14752435582,111.16376714518,20.1));
#8889 = VECTOR('',#8890,1.);
#8890 = DIRECTION('',(0.382683432365,0.923879532511,-2.1E-16));
#8891 = ORIENTED_EDGE('',*,*,#8892,.T.);
#8892 = EDGE_CURVE('',#8885,#8877,#8893,.T.);
#8893 = LINE('',#8894,#8895);
#8894 = CARTESIAN_POINT('',(161.85247564417,111.16376714518,20.1));
#8895 = VECTOR('',#8896,1.);
#8896 = DIRECTION('',(-0.382683432365,0.923879532511,-2.1E-16));
#8897 = FACE_BOUND('',#8898,.T.);
#8898 = EDGE_LOOP('',(#8899,#8909,#8917));
#8899 = ORIENTED_EDGE('',*,*,#8900,.F.);
#8900 = EDGE_CURVE('',#8901,#8903,#8905,.T.);
#8901 = VERTEX_POINT('',#8902);
#8902 = CARTESIAN_POINT('',(141.,98.979491924311,20.1));
#8903 = VERTEX_POINT('',#8904);
#8904 = CARTESIAN_POINT('',(141.,116.3,20.1));
#8905 = LINE('',#8906,#8907);
#8906 = CARTESIAN_POINT('',(141.,105.4,20.1));
#8907 = VECTOR('',#8908,1.);
#8908 = DIRECTION('',(-4.92E-15,1.,-2.3E-16));
#8909 = ORIENTED_EDGE('',*,*,#8910,.F.);
#8910 = EDGE_CURVE('',#8911,#8901,#8913,.T.);
#8911 = VERTEX_POINT('',#8912);
#8912 = CARTESIAN_POINT('',(126.,107.63974596215,20.1));
#8913 = LINE('',#8914,#8915);
#8914 = CARTESIAN_POINT('',(150.96983845062,93.223403011066,20.1));
#8915 = VECTOR('',#8916,1.);
#8916 = DIRECTION('',(0.866025403784,-0.5,1.2E-16));
#8917 = ORIENTED_EDGE('',*,*,#8918,.T.);
#8918 = EDGE_CURVE('',#8911,#8903,#8919,.T.);
#8919 = LINE('',#8920,#8921);
#8920 = CARTESIAN_POINT('',(145.28016154937,118.7711524227,20.1));
#8921 = VECTOR('',#8922,1.);
#8922 = DIRECTION('',(0.866025403784,0.5,-1.2E-16));
#8923 = FACE_BOUND('',#8924,.T.);
#8924 = EDGE_LOOP('',(#8925,#8926,#8927));
#8925 = ORIENTED_EDGE('',*,*,#8737,.F.);
#8926 = ORIENTED_EDGE('',*,*,#8720,.F.);
#8927 = ORIENTED_EDGE('',*,*,#8689,.T.);
#8928 = FACE_BOUND('',#8929,.T.);
#8929 = EDGE_LOOP('',(#8930,#8940,#8948));
#8930 = ORIENTED_EDGE('',*,*,#8931,.T.);
#8931 = EDGE_CURVE('',#8932,#8934,#8936,.T.);
#8932 = VERTEX_POINT('',#8933);
#8933 = CARTESIAN_POINT('',(126.,80.360254037844,20.1));
#8934 = VERTEX_POINT('',#8935);
#8935 = CARTESIAN_POINT('',(141.,89.020508075688,20.1));
#8936 = LINE('',#8937,#8938);
#8937 = CARTESIAN_POINT('',(151.18634480157,94.901596988934,20.1));
#8938 = VECTOR('',#8939,1.);
#8939 = DIRECTION('',(0.866025403784,0.5,-1.2E-16));
#8940 = ORIENTED_EDGE('',*,*,#8941,.T.);
#8941 = EDGE_CURVE('',#8934,#8942,#8944,.T.);
#8942 = VERTEX_POINT('',#8943);
#8943 = CARTESIAN_POINT('',(141.,71.7,20.1));
#8944 = LINE('',#8945,#8946);
#8945 = CARTESIAN_POINT('',(141.,83.1,20.1));
#8946 = VECTOR('',#8947,1.);
#8947 = DIRECTION('',(-1.64E-15,-1.,2.3E-16));
#8948 = ORIENTED_EDGE('',*,*,#8949,.F.);
#8949 = EDGE_CURVE('',#8932,#8942,#8950,.T.);
#8950 = LINE('',#8951,#8952);
#8951 = CARTESIAN_POINT('',(145.06365519842,69.353847577293,20.1));
#8952 = VECTOR('',#8953,1.);
#8953 = DIRECTION('',(0.866025403784,-0.5,1.2E-16));
#8954 = FACE_BOUND('',#8955,.T.);
#8955 = EDGE_LOOP('',(#8956,#8957,#8958));
#8956 = ORIENTED_EDGE('',*,*,#8569,.T.);
#8957 = ORIENTED_EDGE('',*,*,#8545,.T.);
#8958 = ORIENTED_EDGE('',*,*,#8593,.F.);
#8959 = FACE_BOUND('',#8960,.T.);
#8960 = EDGE_LOOP('',(#8961,#8971,#8979));
#8961 = ORIENTED_EDGE('',*,*,#8962,.F.);
#8962 = EDGE_CURVE('',#8963,#8965,#8967,.T.);
#8963 = VERTEX_POINT('',#8964);
#8964 = CARTESIAN_POINT('',(126.,85.339745962156,20.1));
#8965 = VERTEX_POINT('',#8966);
#8966 = CARTESIAN_POINT('',(141.,94.,20.1));
#8967 = LINE('',#8968,#8969);
#8968 = CARTESIAN_POINT('',(150.10825317547,99.258652422706,20.1));
#8969 = VECTOR('',#8970,1.);
#8970 = DIRECTION('',(0.866025403784,0.5,-1.2E-16));
#8971 = ORIENTED_EDGE('',*,*,#8972,.F.);
#8972 = EDGE_CURVE('',#8973,#8963,#8975,.T.);
#8973 = VERTEX_POINT('',#8974);
#8974 = CARTESIAN_POINT('',(126.,102.66025403784,20.1));
#8975 = LINE('',#8976,#8977);
#8976 = CARTESIAN_POINT('',(126.,89.919872981077,20.1));
#8977 = VECTOR('',#8978,1.);
#8978 = DIRECTION('',(3.528E-14,-1.,2.3E-16));
#8979 = ORIENTED_EDGE('',*,*,#8980,.F.);
#8980 = EDGE_CURVE('',#8965,#8973,#8981,.T.);
#8981 = LINE('',#8982,#8983);
#8982 = CARTESIAN_POINT('',(142.39174682452,93.196474596215,20.1));
#8983 = VECTOR('',#8984,1.);
#8984 = DIRECTION('',(-0.866025403784,0.5,-1.2E-16));
#8985 = FACE_BOUND('',#8986,.T.);
#8986 = EDGE_LOOP('',(#8987,#8988,#8989));
#8987 = ORIENTED_EDGE('',*,*,#8641,.T.);
#8988 = ORIENTED_EDGE('',*,*,#8617,.T.);
#8989 = ORIENTED_EDGE('',*,*,#8665,.T.);
#8990 = FACE_BOUND('',#8991,.T.);
#8991 = EDGE_LOOP('',(#8992));
#8992 = ORIENTED_EDGE('',*,*,#8511,.F.);
#8993 = FACE_BOUND('',#8994,.T.);
#8994 = EDGE_LOOP('',(#8995));
#8995 = ORIENTED_EDGE('',*,*,#8996,.F.);
#8996 = EDGE_CURVE('',#8997,#8997,#8999,.T.);
#8997 = VERTEX_POINT('',#8998);
#8998 = CARTESIAN_POINT('',(133.2,125.9,20.1));
#8999 = CIRCLE('',#9000,2.6);
#9000 = AXIS2_PLACEMENT_3D('',#9001,#9002,#9003);
#9001 = CARTESIAN_POINT('',(130.6,125.9,20.1));
#9002 = DIRECTION('',(0.,0.,1.));
#9003 = DIRECTION('',(1.,0.,0.));
#9004 = FACE_BOUND('',#9005,.T.);
#9005 = EDGE_LOOP('',(#9006));
#9006 = ORIENTED_EDGE('',*,*,#8752,.F.);
#9007 = FACE_BOUND('',#9008,.T.);
#9008 = EDGE_LOOP('',(#9009));
#9009 = ORIENTED_EDGE('',*,*,#9010,.F.);
#9010 = EDGE_CURVE('',#9011,#9011,#9013,.T.);
#9011 = VERTEX_POINT('',#9012);
#9012 = CARTESIAN_POINT('',(133.2,66.1,20.1));
#9013 = CIRCLE('',#9014,2.6);
#9014 = AXIS2_PLACEMENT_3D('',#9015,#9016,#9017);
#9015 = CARTESIAN_POINT('',(130.6,66.1,20.1));
#9016 = DIRECTION('',(0.,0.,1.));
#9017 = DIRECTION('',(1.,0.,0.));
#9018 = PLANE('',#9019);
#9019 = AXIS2_PLACEMENT_3D('',#9020,#9021,#9022);
#9020 = CARTESIAN_POINT('',(165.,93.553187643774,20.1));
#9021 = DIRECTION('',(0.,0.,1.));
#9022 = DIRECTION('',(1.,0.,0.));
#9023 = ADVANCED_FACE('',(#9024,#9032,#9035,#9046,#9049,#9060,#9063),
  #9066,.T.);
#9024 = FACE_BOUND('',#9025,.T.);
#9025 = EDGE_LOOP('',(#9026,#9027,#9028,#9029,#9030,#9031));
#9026 = ORIENTED_EDGE('',*,*,#8778,.T.);
#9027 = ORIENTED_EDGE('',*,*,#8264,.T.);
#9028 = ORIENTED_EDGE('',*,*,#8286,.F.);
#9029 = ORIENTED_EDGE('',*,*,#7637,.T.);
#9030 = ORIENTED_EDGE('',*,*,#7573,.F.);
#9031 = ORIENTED_EDGE('',*,*,#7461,.T.);
#9032 = FACE_BOUND('',#9033,.T.);
#9033 = EDGE_LOOP('',(#9034));
#9034 = ORIENTED_EDGE('',*,*,#8328,.F.);
#9035 = FACE_BOUND('',#9036,.T.);
#9036 = EDGE_LOOP('',(#9037));
#9037 = ORIENTED_EDGE('',*,*,#9038,.F.);
#9038 = EDGE_CURVE('',#9039,#9039,#9041,.T.);
#9039 = VERTEX_POINT('',#9040);
#9040 = CARTESIAN_POINT('',(157.08845138549,54.5,-1.9));
#9041 = CIRCLE('',#9042,5.);
#9042 = AXIS2_PLACEMENT_3D('',#9043,#9044,#9045);
#9043 = CARTESIAN_POINT('',(162.08845138549,54.5,-1.9));
#9044 = DIRECTION('',(-0.,-1.,-0.));
#9045 = DIRECTION('',(-1.,0.,0.));
#9046 = FACE_BOUND('',#9047,.T.);
#9047 = EDGE_LOOP('',(#9048));
#9048 = ORIENTED_EDGE('',*,*,#8304,.F.);
#9049 = FACE_BOUND('',#9050,.T.);
#9050 = EDGE_LOOP('',(#9051));
#9051 = ORIENTED_EDGE('',*,*,#9052,.F.);
#9052 = EDGE_CURVE('',#9053,#9053,#9055,.T.);
#9053 = VERTEX_POINT('',#9054);
#9054 = CARTESIAN_POINT('',(157.08845138549,54.5,-21.9));
#9055 = CIRCLE('',#9056,5.);
#9056 = AXIS2_PLACEMENT_3D('',#9057,#9058,#9059);
#9057 = CARTESIAN_POINT('',(162.08845138549,54.5,-21.9));
#9058 = DIRECTION('',(-0.,-1.,-0.));
#9059 = DIRECTION('',(-1.,0.,0.));
#9060 = FACE_BOUND('',#9061,.T.);
#9061 = EDGE_LOOP('',(#9062));
#9062 = ORIENTED_EDGE('',*,*,#8376,.F.);
#9063 = FACE_BOUND('',#9064,.T.);
#9064 = EDGE_LOOP('',(#9065));
#9065 = ORIENTED_EDGE('',*,*,#8352,.F.);
#9066 = PLANE('',#9067);
#9067 = AXIS2_PLACEMENT_3D('',#9068,#9069,#9070);
#9068 = CARTESIAN_POINT('',(165.,54.5,-11.60200804137));
#9069 = DIRECTION('',(-0.,-1.,-0.));
#9070 = DIRECTION('',(0.,0.,-1.));
#9071 = ADVANCED_FACE('',(#9072),#9083,.T.);
#9072 = FACE_BOUND('',#9073,.T.);
#9073 = EDGE_LOOP('',(#9074,#9075,#9076,#9077));
#9074 = ORIENTED_EDGE('',*,*,#7524,.F.);
#9075 = ORIENTED_EDGE('',*,*,#7599,.T.);
#9076 = ORIENTED_EDGE('',*,*,#7676,.T.);
#9077 = ORIENTED_EDGE('',*,*,#9078,.F.);
#9078 = EDGE_CURVE('',#7517,#7677,#9079,.T.);
#9079 = LINE('',#9080,#9081);
#9080 = CARTESIAN_POINT('',(186.,63.,6.516666666667));
#9081 = VECTOR('',#9082,1.);
#9082 = DIRECTION('',(-1.,-0.,-0.));
#9083 = PLANE('',#9084);
#9084 = AXIS2_PLACEMENT_3D('',#9085,#9086,#9087);
#9085 = CARTESIAN_POINT('',(186.,63.,1.516666666667));
#9086 = DIRECTION('',(0.,1.,0.));
#9087 = DIRECTION('',(0.,0.,1.));
#9088 = ADVANCED_FACE('',(#9089),#9100,.T.);
#9089 = FACE_BOUND('',#9090,.T.);
#9090 = EDGE_LOOP('',(#9091,#9092,#9093,#9094));
#9091 = ORIENTED_EDGE('',*,*,#7516,.F.);
#9092 = ORIENTED_EDGE('',*,*,#9078,.T.);
#9093 = ORIENTED_EDGE('',*,*,#7684,.T.);
#9094 = ORIENTED_EDGE('',*,*,#9095,.F.);
#9095 = EDGE_CURVE('',#7509,#7685,#9096,.T.);
#9096 = LINE('',#9097,#9098);
#9097 = CARTESIAN_POINT('',(186.,88.,-13.65));
#9098 = VECTOR('',#9099,1.);
#9099 = DIRECTION('',(-1.,-0.,-0.));
#9100 = PLANE('',#9101);
#9101 = AXIS2_PLACEMENT_3D('',#9102,#9103,#9104);
#9102 = CARTESIAN_POINT('',(186.,63.,6.516666666667));
#9103 = DIRECTION('',(0.,-0.627853867755,-0.778331241018));
#9104 = DIRECTION('',(0.,0.778331241018,-0.627853867755));
#9105 = ADVANCED_FACE('',(#9106),#9117,.T.);
#9106 = FACE_BOUND('',#9107,.T.);
#9107 = EDGE_LOOP('',(#9108,#9109,#9110,#9111));
#9108 = ORIENTED_EDGE('',*,*,#7508,.F.);
#9109 = ORIENTED_EDGE('',*,*,#9095,.T.);
#9110 = ORIENTED_EDGE('',*,*,#7692,.T.);
#9111 = ORIENTED_EDGE('',*,*,#9112,.F.);
#9112 = EDGE_CURVE('',#7501,#7693,#9113,.T.);
#9113 = LINE('',#9114,#9115);
#9114 = CARTESIAN_POINT('',(186.,63.,-33.81666666666));
#9115 = VECTOR('',#9116,1.);
#9116 = DIRECTION('',(-1.,-0.,-0.));
#9117 = PLANE('',#9118);
#9118 = AXIS2_PLACEMENT_3D('',#9119,#9120,#9121);
#9119 = CARTESIAN_POINT('',(186.,88.,-13.65));
#9120 = DIRECTION('',(0.,-0.627853867755,0.778331241018));
#9121 = DIRECTION('',(0.,-0.778331241018,-0.627853867755));
#9122 = ADVANCED_FACE('',(#9123),#9129,.T.);
#9123 = FACE_BOUND('',#9124,.T.);
#9124 = EDGE_LOOP('',(#9125,#9126,#9127,#9128));
#9125 = ORIENTED_EDGE('',*,*,#7500,.F.);
#9126 = ORIENTED_EDGE('',*,*,#9112,.T.);
#9127 = ORIENTED_EDGE('',*,*,#7700,.T.);
#9128 = ORIENTED_EDGE('',*,*,#7880,.F.);
#9129 = PLANE('',#9130);
#9130 = AXIS2_PLACEMENT_3D('',#9131,#9132,#9133);
#9131 = CARTESIAN_POINT('',(186.,63.,-33.81666666666));
#9132 = DIRECTION('',(0.,1.,0.));
#9133 = DIRECTION('',(0.,0.,1.));
#9134 = ADVANCED_FACE('',(#9135),#9141,.T.);
#9135 = FACE_BOUND('',#9136,.F.);
#9136 = EDGE_LOOP('',(#9137,#9138,#9139,#9140));
#9137 = ORIENTED_EDGE('',*,*,#7485,.F.);
#9138 = ORIENTED_EDGE('',*,*,#8496,.T.);
#9139 = ORIENTED_EDGE('',*,*,#7660,.T.);
#9140 = ORIENTED_EDGE('',*,*,#7629,.F.);
#9141 = PLANE('',#9142);
#9142 = AXIS2_PLACEMENT_3D('',#9143,#9144,#9145);
#9143 = CARTESIAN_POINT('',(186.,96.,-13.65));
#9144 = DIRECTION('',(0.,0.627853867755,-0.778331241018));
#9145 = DIRECTION('',(1.,0.,0.));
#9146 = ADVANCED_FACE('',(#9147),#9163,.T.);
#9147 = FACE_BOUND('',#9148,.T.);
#9148 = EDGE_LOOP('',(#9149,#9150,#9156,#9157));
#9149 = ORIENTED_EDGE('',*,*,#7541,.F.);
#9150 = ORIENTED_EDGE('',*,*,#9151,.T.);
#9151 = EDGE_CURVE('',#7542,#7718,#9152,.T.);
#9152 = LINE('',#9153,#9154);
#9153 = CARTESIAN_POINT('',(186.,120.48347107438,12.1));
#9154 = VECTOR('',#9155,1.);
#9155 = DIRECTION('',(-1.,-0.,-0.));
#9156 = ORIENTED_EDGE('',*,*,#7727,.T.);
#9157 = ORIENTED_EDGE('',*,*,#9158,.F.);
#9158 = EDGE_CURVE('',#7544,#7728,#9159,.T.);
#9159 = LINE('',#9160,#9161);
#9160 = CARTESIAN_POINT('',(186.,96.,-7.65));
#9161 = VECTOR('',#9162,1.);
#9162 = DIRECTION('',(-1.,-0.,-0.));
#9163 = PLANE('',#9164);
#9164 = AXIS2_PLACEMENT_3D('',#9165,#9166,#9167);
#9165 = CARTESIAN_POINT('',(186.,120.48347107438,12.1));
#9166 = DIRECTION('',(0.,-0.627853867755,0.778331241018));
#9167 = DIRECTION('',(0.,-0.778331241018,-0.627853867755));
#9168 = ADVANCED_FACE('',(#9169),#9180,.T.);
#9169 = FACE_BOUND('',#9170,.T.);
#9170 = EDGE_LOOP('',(#9171,#9172,#9173,#9174));
#9171 = ORIENTED_EDGE('',*,*,#7559,.F.);
#9172 = ORIENTED_EDGE('',*,*,#9158,.T.);
#9173 = ORIENTED_EDGE('',*,*,#7735,.T.);
#9174 = ORIENTED_EDGE('',*,*,#9175,.F.);
#9175 = EDGE_CURVE('',#7552,#7720,#9176,.T.);
#9176 = LINE('',#9177,#9178);
#9177 = CARTESIAN_POINT('',(186.,71.51652892562,12.1));
#9178 = VECTOR('',#9179,1.);
#9179 = DIRECTION('',(-1.,-0.,-0.));
#9180 = PLANE('',#9181);
#9181 = AXIS2_PLACEMENT_3D('',#9182,#9183,#9184);
#9182 = CARTESIAN_POINT('',(186.,96.,-7.65));
#9183 = DIRECTION('',(0.,0.627853867755,0.778331241018));
#9184 = DIRECTION('',(0.,-0.778331241018,0.627853867755));
#9185 = ADVANCED_FACE('',(#9186),#9192,.F.);
#9186 = FACE_BOUND('',#9187,.F.);
#9187 = EDGE_LOOP('',(#9188,#9189,#9190,#9191));
#9188 = ORIENTED_EDGE('',*,*,#7551,.F.);
#9189 = ORIENTED_EDGE('',*,*,#9151,.T.);
#9190 = ORIENTED_EDGE('',*,*,#7717,.T.);
#9191 = ORIENTED_EDGE('',*,*,#9175,.F.);
#9192 = PLANE('',#9193);
#9193 = AXIS2_PLACEMENT_3D('',#9194,#9195,#9196);
#9194 = CARTESIAN_POINT('',(186.,120.48347107438,12.1));
#9195 = DIRECTION('',(0.,0.,1.));
#9196 = DIRECTION('',(0.,-1.,0.));
#9197 = ADVANCED_FACE('',(#9198),#9204,.T.);
#9198 = FACE_BOUND('',#9199,.F.);
#9199 = EDGE_LOOP('',(#9200,#9201,#9202,#9203));
#9200 = ORIENTED_EDGE('',*,*,#7895,.F.);
#9201 = ORIENTED_EDGE('',*,*,#8473,.T.);
#9202 = ORIENTED_EDGE('',*,*,#8007,.T.);
#9203 = ORIENTED_EDGE('',*,*,#7622,.F.);
#9204 = PLANE('',#9205);
#9205 = AXIS2_PLACEMENT_3D('',#9206,#9207,#9208);
#9206 = CARTESIAN_POINT('',(151.5,96.,-13.65));
#9207 = DIRECTION('',(0.,0.627853867755,-0.778331241018));
#9208 = DIRECTION('',(1.,0.,0.));
#9209 = ADVANCED_FACE('',(#9210),#9226,.T.);
#9210 = FACE_BOUND('',#9211,.T.);
#9211 = EDGE_LOOP('',(#9212,#9213,#9219,#9220));
#9212 = ORIENTED_EDGE('',*,*,#7767,.F.);
#9213 = ORIENTED_EDGE('',*,*,#9214,.T.);
#9214 = EDGE_CURVE('',#7768,#8877,#9215,.T.);
#9215 = LINE('',#9216,#9217);
#9216 = CARTESIAN_POINT('',(155.5,126.5,16.6));
#9217 = VECTOR('',#9218,1.);
#9218 = DIRECTION('',(0.,0.,1.));
#9219 = ORIENTED_EDGE('',*,*,#8892,.F.);
#9220 = ORIENTED_EDGE('',*,*,#9221,.F.);
#9221 = EDGE_CURVE('',#7770,#8885,#9222,.T.);
#9222 = LINE('',#9223,#9224);
#9223 = CARTESIAN_POINT('',(165.,103.56497115745,16.6));
#9224 = VECTOR('',#9225,1.);
#9225 = DIRECTION('',(0.,0.,1.));
#9226 = PLANE('',#9227);
#9227 = AXIS2_PLACEMENT_3D('',#9228,#9229,#9230);
#9228 = CARTESIAN_POINT('',(155.5,126.5,16.6));
#9229 = DIRECTION('',(0.923879532511,0.382683432365,0.));
#9230 = DIRECTION('',(0.382683432365,-0.923879532511,0.));
#9231 = ADVANCED_FACE('',(#9232),#9243,.F.);
#9232 = FACE_BOUND('',#9233,.F.);
#9233 = EDGE_LOOP('',(#9234,#9235,#9241,#9242));
#9234 = ORIENTED_EDGE('',*,*,#7785,.F.);
#9235 = ORIENTED_EDGE('',*,*,#9236,.T.);
#9236 = EDGE_CURVE('',#7778,#8875,#9237,.T.);
#9237 = LINE('',#9238,#9239);
#9238 = CARTESIAN_POINT('',(174.5,126.5,16.6));
#9239 = VECTOR('',#9240,1.);
#9240 = DIRECTION('',(0.,0.,1.));
#9241 = ORIENTED_EDGE('',*,*,#8884,.F.);
#9242 = ORIENTED_EDGE('',*,*,#9221,.F.);
#9243 = PLANE('',#9244);
#9244 = AXIS2_PLACEMENT_3D('',#9245,#9246,#9247);
#9245 = CARTESIAN_POINT('',(174.5,126.5,16.6));
#9246 = DIRECTION('',(0.923879532511,-0.382683432365,0.));
#9247 = DIRECTION('',(-0.382683432365,-0.923879532511,0.));
#9248 = ADVANCED_FACE('',(#9249),#9255,.F.);
#9249 = FACE_BOUND('',#9250,.F.);
#9250 = EDGE_LOOP('',(#9251,#9252,#9253,#9254));
#9251 = ORIENTED_EDGE('',*,*,#7777,.F.);
#9252 = ORIENTED_EDGE('',*,*,#9214,.T.);
#9253 = ORIENTED_EDGE('',*,*,#8874,.F.);
#9254 = ORIENTED_EDGE('',*,*,#9236,.F.);
#9255 = PLANE('',#9256);
#9256 = AXIS2_PLACEMENT_3D('',#9257,#9258,#9259);
#9257 = CARTESIAN_POINT('',(155.5,126.5,16.6));
#9258 = DIRECTION('',(0.,1.,0.));
#9259 = DIRECTION('',(1.,0.,0.));
#9260 = ADVANCED_FACE('',(#9261),#9277,.T.);
#9261 = FACE_BOUND('',#9262,.T.);
#9262 = EDGE_LOOP('',(#9263,#9264,#9270,#9271));
#9263 = ORIENTED_EDGE('',*,*,#7793,.F.);
#9264 = ORIENTED_EDGE('',*,*,#9265,.T.);
#9265 = EDGE_CURVE('',#7794,#8807,#9266,.T.);
#9266 = LINE('',#9267,#9268);
#9267 = CARTESIAN_POINT('',(174.5,115.5,16.6));
#9268 = VECTOR('',#9269,1.);
#9269 = DIRECTION('',(0.,0.,1.));
#9270 = ORIENTED_EDGE('',*,*,#8806,.F.);
#9271 = ORIENTED_EDGE('',*,*,#9272,.F.);
#9272 = EDGE_CURVE('',#7796,#8797,#9273,.T.);
#9273 = LINE('',#9274,#9275);
#9274 = CARTESIAN_POINT('',(167.,94.,16.6));
#9275 = VECTOR('',#9276,1.);
#9276 = DIRECTION('',(0.,0.,1.));
#9277 = PLANE('',#9278);
#9278 = AXIS2_PLACEMENT_3D('',#9279,#9280,#9281);
#9279 = CARTESIAN_POINT('',(174.5,115.5,16.6));
#9280 = DIRECTION('',(0.944200181446,-0.329372156318,0.));
#9281 = DIRECTION('',(-0.329372156318,-0.944200181446,0.));
#9282 = ADVANCED_FACE('',(#9283),#9294,.F.);
#9283 = FACE_BOUND('',#9284,.F.);
#9284 = EDGE_LOOP('',(#9285,#9286,#9292,#9293));
#9285 = ORIENTED_EDGE('',*,*,#7811,.F.);
#9286 = ORIENTED_EDGE('',*,*,#9287,.T.);
#9287 = EDGE_CURVE('',#7804,#8799,#9288,.T.);
#9288 = LINE('',#9289,#9290);
#9289 = CARTESIAN_POINT('',(174.5,72.5,16.6));
#9290 = VECTOR('',#9291,1.);
#9291 = DIRECTION('',(0.,0.,1.));
#9292 = ORIENTED_EDGE('',*,*,#8796,.F.);
#9293 = ORIENTED_EDGE('',*,*,#9272,.F.);
#9294 = PLANE('',#9295);
#9295 = AXIS2_PLACEMENT_3D('',#9296,#9297,#9298);
#9296 = CARTESIAN_POINT('',(174.5,72.5,16.6));
#9297 = DIRECTION('',(-0.944200181446,-0.329372156318,0.));
#9298 = DIRECTION('',(-0.329372156318,0.944200181446,0.));
#9299 = ADVANCED_FACE('',(#9300),#9306,.T.);
#9300 = FACE_BOUND('',#9301,.T.);
#9301 = EDGE_LOOP('',(#9302,#9303,#9304,#9305));
#9302 = ORIENTED_EDGE('',*,*,#7803,.F.);
#9303 = ORIENTED_EDGE('',*,*,#9287,.T.);
#9304 = ORIENTED_EDGE('',*,*,#8814,.F.);
#9305 = ORIENTED_EDGE('',*,*,#9265,.F.);
#9306 = PLANE('',#9307);
#9307 = AXIS2_PLACEMENT_3D('',#9308,#9309,#9310);
#9308 = CARTESIAN_POINT('',(174.5,72.5,16.6));
#9309 = DIRECTION('',(-1.,0.,0.));
#9310 = DIRECTION('',(0.,1.,0.));
#9311 = ADVANCED_FACE('',(#9312),#9328,.T.);
#9312 = FACE_BOUND('',#9313,.T.);
#9313 = EDGE_LOOP('',(#9314,#9315,#9321,#9322));
#9314 = ORIENTED_EDGE('',*,*,#7819,.F.);
#9315 = ORIENTED_EDGE('',*,*,#9316,.T.);
#9316 = EDGE_CURVE('',#7820,#8833,#9317,.T.);
#9317 = LINE('',#9318,#9319);
#9318 = CARTESIAN_POINT('',(155.5,72.5,16.6));
#9319 = VECTOR('',#9320,1.);
#9320 = DIRECTION('',(0.,0.,1.));
#9321 = ORIENTED_EDGE('',*,*,#8832,.F.);
#9322 = ORIENTED_EDGE('',*,*,#9323,.F.);
#9323 = EDGE_CURVE('',#7822,#8823,#9324,.T.);
#9324 = LINE('',#9325,#9326);
#9325 = CARTESIAN_POINT('',(163.,94.,16.6));
#9326 = VECTOR('',#9327,1.);
#9327 = DIRECTION('',(0.,0.,1.));
#9328 = PLANE('',#9329);
#9329 = AXIS2_PLACEMENT_3D('',#9330,#9331,#9332);
#9330 = CARTESIAN_POINT('',(155.5,72.5,16.6));
#9331 = DIRECTION('',(-0.944200181446,0.329372156318,0.));
#9332 = DIRECTION('',(0.329372156318,0.944200181446,0.));
#9333 = ADVANCED_FACE('',(#9334),#9345,.F.);
#9334 = FACE_BOUND('',#9335,.F.);
#9335 = EDGE_LOOP('',(#9336,#9337,#9343,#9344));
#9336 = ORIENTED_EDGE('',*,*,#7837,.F.);
#9337 = ORIENTED_EDGE('',*,*,#9338,.T.);
#9338 = EDGE_CURVE('',#7830,#8825,#9339,.T.);
#9339 = LINE('',#9340,#9341);
#9340 = CARTESIAN_POINT('',(155.5,115.5,16.6));
#9341 = VECTOR('',#9342,1.);
#9342 = DIRECTION('',(0.,0.,1.));
#9343 = ORIENTED_EDGE('',*,*,#8822,.F.);
#9344 = ORIENTED_EDGE('',*,*,#9323,.F.);
#9345 = PLANE('',#9346);
#9346 = AXIS2_PLACEMENT_3D('',#9347,#9348,#9349);
#9347 = CARTESIAN_POINT('',(155.5,115.5,16.6));
#9348 = DIRECTION('',(0.944200181446,0.329372156318,0.));
#9349 = DIRECTION('',(0.329372156318,-0.944200181446,0.));
#9350 = ADVANCED_FACE('',(#9351),#9357,.F.);
#9351 = FACE_BOUND('',#9352,.F.);
#9352 = EDGE_LOOP('',(#9353,#9354,#9355,#9356));
#9353 = ORIENTED_EDGE('',*,*,#7829,.F.);
#9354 = ORIENTED_EDGE('',*,*,#9316,.T.);
#9355 = ORIENTED_EDGE('',*,*,#8840,.F.);
#9356 = ORIENTED_EDGE('',*,*,#9338,.F.);
#9357 = PLANE('',#9358);
#9358 = AXIS2_PLACEMENT_3D('',#9359,#9360,#9361);
#9359 = CARTESIAN_POINT('',(155.5,72.5,16.6));
#9360 = DIRECTION('',(-1.,0.,0.));
#9361 = DIRECTION('',(0.,1.,0.));
#9362 = ADVANCED_FACE('',(#9363),#9379,.T.);
#9363 = FACE_BOUND('',#9364,.T.);
#9364 = EDGE_LOOP('',(#9365,#9366,#9372,#9373));
#9365 = ORIENTED_EDGE('',*,*,#7845,.F.);
#9366 = ORIENTED_EDGE('',*,*,#9367,.T.);
#9367 = EDGE_CURVE('',#7846,#8859,#9368,.T.);
#9368 = LINE('',#9369,#9370);
#9369 = CARTESIAN_POINT('',(155.5,61.5,16.6));
#9370 = VECTOR('',#9371,1.);
#9371 = DIRECTION('',(0.,0.,1.));
#9372 = ORIENTED_EDGE('',*,*,#8858,.F.);
#9373 = ORIENTED_EDGE('',*,*,#9374,.F.);
#9374 = EDGE_CURVE('',#7848,#8851,#9375,.T.);
#9375 = LINE('',#9376,#9377);
#9376 = CARTESIAN_POINT('',(174.5,61.5,16.6));
#9377 = VECTOR('',#9378,1.);
#9378 = DIRECTION('',(0.,0.,1.));
#9379 = PLANE('',#9380);
#9380 = AXIS2_PLACEMENT_3D('',#9381,#9382,#9383);
#9381 = CARTESIAN_POINT('',(155.5,61.5,16.6));
#9382 = DIRECTION('',(7.85E-15,1.,0.));
#9383 = DIRECTION('',(1.,-7.85E-15,0.));
#9384 = ADVANCED_FACE('',(#9385),#9396,.T.);
#9385 = FACE_BOUND('',#9386,.T.);
#9386 = EDGE_LOOP('',(#9387,#9388,#9389,#9390));
#9387 = ORIENTED_EDGE('',*,*,#7863,.F.);
#9388 = ORIENTED_EDGE('',*,*,#9374,.T.);
#9389 = ORIENTED_EDGE('',*,*,#8848,.F.);
#9390 = ORIENTED_EDGE('',*,*,#9391,.F.);
#9391 = EDGE_CURVE('',#7856,#8849,#9392,.T.);
#9392 = LINE('',#9393,#9394);
#9393 = CARTESIAN_POINT('',(165.,84.435028842544,16.6));
#9394 = VECTOR('',#9395,1.);
#9395 = DIRECTION('',(0.,0.,1.));
#9396 = PLANE('',#9397);
#9397 = AXIS2_PLACEMENT_3D('',#9398,#9399,#9400);
#9398 = CARTESIAN_POINT('',(174.5,61.5,16.6));
#9399 = DIRECTION('',(-0.923879532511,-0.382683432365,0.));
#9400 = DIRECTION('',(-0.382683432365,0.923879532511,0.));
#9401 = ADVANCED_FACE('',(#9402),#9408,.F.);
#9402 = FACE_BOUND('',#9403,.F.);
#9403 = EDGE_LOOP('',(#9404,#9405,#9406,#9407));
#9404 = ORIENTED_EDGE('',*,*,#7855,.F.);
#9405 = ORIENTED_EDGE('',*,*,#9367,.T.);
#9406 = ORIENTED_EDGE('',*,*,#8866,.F.);
#9407 = ORIENTED_EDGE('',*,*,#9391,.F.);
#9408 = PLANE('',#9409);
#9409 = AXIS2_PLACEMENT_3D('',#9410,#9411,#9412);
#9410 = CARTESIAN_POINT('',(155.5,61.5,16.6));
#9411 = DIRECTION('',(-0.923879532511,0.382683432365,0.));
#9412 = DIRECTION('',(0.382683432365,0.923879532511,0.));
#9413 = ADVANCED_FACE('',(#9414),#9425,.T.);
#9414 = FACE_BOUND('',#9415,.T.);
#9415 = EDGE_LOOP('',(#9416,#9417,#9418,#9419));
#9416 = ORIENTED_EDGE('',*,*,#7934,.T.);
#9417 = ORIENTED_EDGE('',*,*,#7984,.T.);
#9418 = ORIENTED_EDGE('',*,*,#8023,.T.);
#9419 = ORIENTED_EDGE('',*,*,#9420,.F.);
#9420 = EDGE_CURVE('',#7927,#8024,#9421,.T.);
#9421 = LINE('',#9422,#9423);
#9422 = CARTESIAN_POINT('',(186.,63.,6.516666666667));
#9423 = VECTOR('',#9424,1.);
#9424 = DIRECTION('',(-1.,-0.,-0.));
#9425 = PLANE('',#9426);
#9426 = AXIS2_PLACEMENT_3D('',#9427,#9428,#9429);
#9427 = CARTESIAN_POINT('',(186.,63.,1.516666666667));
#9428 = DIRECTION('',(0.,1.,0.));
#9429 = DIRECTION('',(0.,0.,1.));
#9430 = ADVANCED_FACE('',(#9431),#9442,.T.);
#9431 = FACE_BOUND('',#9432,.T.);
#9432 = EDGE_LOOP('',(#9433,#9434,#9435,#9436));
#9433 = ORIENTED_EDGE('',*,*,#7926,.T.);
#9434 = ORIENTED_EDGE('',*,*,#9420,.T.);
#9435 = ORIENTED_EDGE('',*,*,#8031,.T.);
#9436 = ORIENTED_EDGE('',*,*,#9437,.F.);
#9437 = EDGE_CURVE('',#7919,#8032,#9438,.T.);
#9438 = LINE('',#9439,#9440);
#9439 = CARTESIAN_POINT('',(186.,88.,-13.65));
#9440 = VECTOR('',#9441,1.);
#9441 = DIRECTION('',(-1.,-0.,-0.));
#9442 = PLANE('',#9443);
#9443 = AXIS2_PLACEMENT_3D('',#9444,#9445,#9446);
#9444 = CARTESIAN_POINT('',(186.,63.,6.516666666667));
#9445 = DIRECTION('',(0.,-0.627853867755,-0.778331241018));
#9446 = DIRECTION('',(0.,0.778331241018,-0.627853867755));
#9447 = ADVANCED_FACE('',(#9448),#9459,.T.);
#9448 = FACE_BOUND('',#9449,.T.);
#9449 = EDGE_LOOP('',(#9450,#9451,#9452,#9453));
#9450 = ORIENTED_EDGE('',*,*,#7918,.T.);
#9451 = ORIENTED_EDGE('',*,*,#9437,.T.);
#9452 = ORIENTED_EDGE('',*,*,#8039,.T.);
#9453 = ORIENTED_EDGE('',*,*,#9454,.F.);
#9454 = EDGE_CURVE('',#7911,#8040,#9455,.T.);
#9455 = LINE('',#9456,#9457);
#9456 = CARTESIAN_POINT('',(186.,63.,-33.81666666666));
#9457 = VECTOR('',#9458,1.);
#9458 = DIRECTION('',(-1.,-0.,-0.));
#9459 = PLANE('',#9460);
#9460 = AXIS2_PLACEMENT_3D('',#9461,#9462,#9463);
#9461 = CARTESIAN_POINT('',(186.,88.,-13.65));
#9462 = DIRECTION('',(0.,-0.627853867755,0.778331241018));
#9463 = DIRECTION('',(0.,-0.778331241018,-0.627853867755));
#9464 = ADVANCED_FACE('',(#9465),#9471,.T.);
#9465 = FACE_BOUND('',#9466,.T.);
#9466 = EDGE_LOOP('',(#9467,#9468,#9469,#9470));
#9467 = ORIENTED_EDGE('',*,*,#7910,.T.);
#9468 = ORIENTED_EDGE('',*,*,#9454,.T.);
#9469 = ORIENTED_EDGE('',*,*,#8047,.T.);
#9470 = ORIENTED_EDGE('',*,*,#8232,.F.);
#9471 = PLANE('',#9472);
#9472 = AXIS2_PLACEMENT_3D('',#9473,#9474,#9475);
#9473 = CARTESIAN_POINT('',(186.,63.,-33.81666666666));
#9474 = DIRECTION('',(0.,1.,0.));
#9475 = DIRECTION('',(0.,0.,1.));
#9476 = ADVANCED_FACE('',(#9477),#9493,.F.);
#9477 = FACE_BOUND('',#9478,.F.);
#9478 = EDGE_LOOP('',(#9479,#9480,#9486,#9487));
#9479 = ORIENTED_EDGE('',*,*,#7951,.T.);
#9480 = ORIENTED_EDGE('',*,*,#9481,.T.);
#9481 = EDGE_CURVE('',#7954,#8065,#9482,.T.);
#9482 = LINE('',#9483,#9484);
#9483 = CARTESIAN_POINT('',(186.,120.48347107438,12.1));
#9484 = VECTOR('',#9485,1.);
#9485 = DIRECTION('',(-1.,-0.,-0.));
#9486 = ORIENTED_EDGE('',*,*,#8064,.T.);
#9487 = ORIENTED_EDGE('',*,*,#9488,.F.);
#9488 = EDGE_CURVE('',#7952,#8067,#9489,.T.);
#9489 = LINE('',#9490,#9491);
#9490 = CARTESIAN_POINT('',(186.,71.51652892562,12.1));
#9491 = VECTOR('',#9492,1.);
#9492 = DIRECTION('',(-1.,-0.,-0.));
#9493 = PLANE('',#9494);
#9494 = AXIS2_PLACEMENT_3D('',#9495,#9496,#9497);
#9495 = CARTESIAN_POINT('',(186.,120.48347107438,12.1));
#9496 = DIRECTION('',(0.,0.,1.));
#9497 = DIRECTION('',(0.,-1.,0.));
#9498 = ADVANCED_FACE('',(#9499),#9510,.T.);
#9499 = FACE_BOUND('',#9500,.T.);
#9500 = EDGE_LOOP('',(#9501,#9502,#9503,#9504));
#9501 = ORIENTED_EDGE('',*,*,#7969,.T.);
#9502 = ORIENTED_EDGE('',*,*,#9481,.T.);
#9503 = ORIENTED_EDGE('',*,*,#8074,.T.);
#9504 = ORIENTED_EDGE('',*,*,#9505,.F.);
#9505 = EDGE_CURVE('',#7962,#8075,#9506,.T.);
#9506 = LINE('',#9507,#9508);
#9507 = CARTESIAN_POINT('',(186.,96.,-7.65));
#9508 = VECTOR('',#9509,1.);
#9509 = DIRECTION('',(-1.,-0.,-0.));
#9510 = PLANE('',#9511);
#9511 = AXIS2_PLACEMENT_3D('',#9512,#9513,#9514);
#9512 = CARTESIAN_POINT('',(186.,120.48347107438,12.1));
#9513 = DIRECTION('',(0.,-0.627853867755,0.778331241018));
#9514 = DIRECTION('',(0.,-0.778331241018,-0.627853867755));
#9515 = ADVANCED_FACE('',(#9516),#9522,.T.);
#9516 = FACE_BOUND('',#9517,.T.);
#9517 = EDGE_LOOP('',(#9518,#9519,#9520,#9521));
#9518 = ORIENTED_EDGE('',*,*,#7961,.T.);
#9519 = ORIENTED_EDGE('',*,*,#9505,.T.);
#9520 = ORIENTED_EDGE('',*,*,#8082,.T.);
#9521 = ORIENTED_EDGE('',*,*,#9488,.F.);
#9522 = PLANE('',#9523);
#9523 = AXIS2_PLACEMENT_3D('',#9524,#9525,#9526);
#9524 = CARTESIAN_POINT('',(186.,96.,-7.65));
#9525 = DIRECTION('',(0.,0.627853867755,0.778331241018));
#9526 = DIRECTION('',(0.,-0.778331241018,0.627853867755));
#9527 = ADVANCED_FACE('',(#9528),#9534,.T.);
#9528 = FACE_BOUND('',#9529,.T.);
#9529 = EDGE_LOOP('',(#9530,#9531,#9532,#9533));
#9530 = ORIENTED_EDGE('',*,*,#8106,.T.);
#9531 = ORIENTED_EDGE('',*,*,#8246,.T.);
#9532 = ORIENTED_EDGE('',*,*,#8787,.F.);
#9533 = ORIENTED_EDGE('',*,*,#8480,.F.);
#9534 = CYLINDRICAL_SURFACE('',#9535,4.);
#9535 = AXIS2_PLACEMENT_3D('',#9536,#9537,#9538);
#9536 = CARTESIAN_POINT('',(127.,129.5,16.6));
#9537 = DIRECTION('',(0.,2.2E-16,1.));
#9538 = DIRECTION('',(0.,1.,-2.2E-16));
#9539 = ADVANCED_FACE('',(#9540),#9556,.T.);
#9540 = FACE_BOUND('',#9541,.T.);
#9541 = EDGE_LOOP('',(#9542,#9543,#9549,#9550));
#9542 = ORIENTED_EDGE('',*,*,#8123,.F.);
#9543 = ORIENTED_EDGE('',*,*,#9544,.T.);
#9544 = EDGE_CURVE('',#8124,#8903,#9545,.T.);
#9545 = LINE('',#9546,#9547);
#9546 = CARTESIAN_POINT('',(141.,116.3,16.6));
#9547 = VECTOR('',#9548,1.);
#9548 = DIRECTION('',(0.,0.,1.));
#9549 = ORIENTED_EDGE('',*,*,#8918,.F.);
#9550 = ORIENTED_EDGE('',*,*,#9551,.F.);
#9551 = EDGE_CURVE('',#8126,#8911,#9552,.T.);
#9552 = LINE('',#9553,#9554);
#9553 = CARTESIAN_POINT('',(126.,107.63974596215,16.6));
#9554 = VECTOR('',#9555,1.);
#9555 = DIRECTION('',(0.,0.,1.));
#9556 = PLANE('',#9557);
#9557 = AXIS2_PLACEMENT_3D('',#9558,#9559,#9560);
#9558 = CARTESIAN_POINT('',(141.,116.3,16.6));
#9559 = DIRECTION('',(0.5,-0.866025403784,0.));
#9560 = DIRECTION('',(-0.866025403784,-0.5,0.));
#9561 = ADVANCED_FACE('',(#9562),#9573,.F.);
#9562 = FACE_BOUND('',#9563,.F.);
#9563 = EDGE_LOOP('',(#9564,#9565,#9571,#9572));
#9564 = ORIENTED_EDGE('',*,*,#8141,.F.);
#9565 = ORIENTED_EDGE('',*,*,#9566,.T.);
#9566 = EDGE_CURVE('',#8134,#8901,#9567,.T.);
#9567 = LINE('',#9568,#9569);
#9568 = CARTESIAN_POINT('',(141.,98.979491924311,16.6));
#9569 = VECTOR('',#9570,1.);
#9570 = DIRECTION('',(0.,0.,1.));
#9571 = ORIENTED_EDGE('',*,*,#8910,.F.);
#9572 = ORIENTED_EDGE('',*,*,#9551,.F.);
#9573 = PLANE('',#9574);
#9574 = AXIS2_PLACEMENT_3D('',#9575,#9576,#9577);
#9575 = CARTESIAN_POINT('',(141.,98.979491924311,16.6));
#9576 = DIRECTION('',(-0.5,-0.866025403784,0.));
#9577 = DIRECTION('',(-0.866025403784,0.5,0.));
#9578 = ADVANCED_FACE('',(#9579),#9585,.F.);
#9579 = FACE_BOUND('',#9580,.F.);
#9580 = EDGE_LOOP('',(#9581,#9582,#9583,#9584));
#9581 = ORIENTED_EDGE('',*,*,#8133,.F.);
#9582 = ORIENTED_EDGE('',*,*,#9544,.T.);
#9583 = ORIENTED_EDGE('',*,*,#8900,.F.);
#9584 = ORIENTED_EDGE('',*,*,#9566,.F.);
#9585 = PLANE('',#9586);
#9586 = AXIS2_PLACEMENT_3D('',#9587,#9588,#9589);
#9587 = CARTESIAN_POINT('',(141.,116.3,16.6));
#9588 = DIRECTION('',(1.,4.92E-15,0.));
#9589 = DIRECTION('',(4.92E-15,-1.,0.));
#9590 = ADVANCED_FACE('',(#9591),#9602,.F.);
#9591 = FACE_BOUND('',#9592,.F.);
#9592 = EDGE_LOOP('',(#9593,#9594,#9600,#9601));
#9593 = ORIENTED_EDGE('',*,*,#8996,.F.);
#9594 = ORIENTED_EDGE('',*,*,#9595,.T.);
#9595 = EDGE_CURVE('',#8997,#8150,#9596,.T.);
#9596 = LINE('',#9597,#9598);
#9597 = CARTESIAN_POINT('',(133.2,125.9,20.1));
#9598 = VECTOR('',#9599,1.);
#9599 = DIRECTION('',(-0.,-0.,-1.));
#9600 = ORIENTED_EDGE('',*,*,#8149,.T.);
#9601 = ORIENTED_EDGE('',*,*,#9595,.F.);
#9602 = CYLINDRICAL_SURFACE('',#9603,2.6);
#9603 = AXIS2_PLACEMENT_3D('',#9604,#9605,#9606);
#9604 = CARTESIAN_POINT('',(130.6,125.9,20.1));
#9605 = DIRECTION('',(0.,0.,1.));
#9606 = DIRECTION('',(1.,0.,0.));
#9607 = ADVANCED_FACE('',(#9608),#9624,.F.);
#9608 = FACE_BOUND('',#9609,.F.);
#9609 = EDGE_LOOP('',(#9610,#9611,#9617,#9618));
#9610 = ORIENTED_EDGE('',*,*,#8160,.F.);
#9611 = ORIENTED_EDGE('',*,*,#9612,.T.);
#9612 = EDGE_CURVE('',#8161,#8973,#9613,.T.);
#9613 = LINE('',#9614,#9615);
#9614 = CARTESIAN_POINT('',(126.,102.66025403784,16.6));
#9615 = VECTOR('',#9616,1.);
#9616 = DIRECTION('',(0.,0.,1.));
#9617 = ORIENTED_EDGE('',*,*,#8980,.F.);
#9618 = ORIENTED_EDGE('',*,*,#9619,.F.);
#9619 = EDGE_CURVE('',#8163,#8965,#9620,.T.);
#9620 = LINE('',#9621,#9622);
#9621 = CARTESIAN_POINT('',(141.,94.,16.6));
#9622 = VECTOR('',#9623,1.);
#9623 = DIRECTION('',(0.,0.,1.));
#9624 = PLANE('',#9625);
#9625 = AXIS2_PLACEMENT_3D('',#9626,#9627,#9628);
#9626 = CARTESIAN_POINT('',(126.,102.66025403784,16.6));
#9627 = DIRECTION('',(0.5,0.866025403784,0.));
#9628 = DIRECTION('',(0.866025403784,-0.5,0.));
#9629 = ADVANCED_FACE('',(#9630),#9641,.F.);
#9630 = FACE_BOUND('',#9631,.F.);
#9631 = EDGE_LOOP('',(#9632,#9633,#9639,#9640));
#9632 = ORIENTED_EDGE('',*,*,#8178,.F.);
#9633 = ORIENTED_EDGE('',*,*,#9634,.T.);
#9634 = EDGE_CURVE('',#8171,#8963,#9635,.T.);
#9635 = LINE('',#9636,#9637);
#9636 = CARTESIAN_POINT('',(126.,85.339745962156,16.6));
#9637 = VECTOR('',#9638,1.);
#9638 = DIRECTION('',(0.,0.,1.));
#9639 = ORIENTED_EDGE('',*,*,#8972,.F.);
#9640 = ORIENTED_EDGE('',*,*,#9612,.F.);
#9641 = PLANE('',#9642);
#9642 = AXIS2_PLACEMENT_3D('',#9643,#9644,#9645);
#9643 = CARTESIAN_POINT('',(126.,85.339745962156,16.6));
#9644 = DIRECTION('',(-1.,-3.528E-14,0.));
#9645 = DIRECTION('',(-3.528E-14,1.,0.));
#9646 = ADVANCED_FACE('',(#9647),#9653,.F.);
#9647 = FACE_BOUND('',#9648,.F.);
#9648 = EDGE_LOOP('',(#9649,#9650,#9651,#9652));
#9649 = ORIENTED_EDGE('',*,*,#8170,.F.);
#9650 = ORIENTED_EDGE('',*,*,#9619,.T.);
#9651 = ORIENTED_EDGE('',*,*,#8962,.F.);
#9652 = ORIENTED_EDGE('',*,*,#9634,.F.);
#9653 = PLANE('',#9654);
#9654 = AXIS2_PLACEMENT_3D('',#9655,#9656,#9657);
#9655 = CARTESIAN_POINT('',(141.,94.,16.6));
#9656 = DIRECTION('',(0.5,-0.866025403784,0.));
#9657 = DIRECTION('',(-0.866025403784,-0.5,0.));
#9658 = ADVANCED_FACE('',(#9659),#9675,.T.);
#9659 = FACE_BOUND('',#9660,.T.);
#9660 = EDGE_LOOP('',(#9661,#9662,#9668,#9669));
#9661 = ORIENTED_EDGE('',*,*,#8186,.F.);
#9662 = ORIENTED_EDGE('',*,*,#9663,.T.);
#9663 = EDGE_CURVE('',#8187,#8942,#9664,.T.);
#9664 = LINE('',#9665,#9666);
#9665 = CARTESIAN_POINT('',(141.,71.7,16.6));
#9666 = VECTOR('',#9667,1.);
#9667 = DIRECTION('',(0.,0.,1.));
#9668 = ORIENTED_EDGE('',*,*,#8941,.F.);
#9669 = ORIENTED_EDGE('',*,*,#9670,.F.);
#9670 = EDGE_CURVE('',#8189,#8934,#9671,.T.);
#9671 = LINE('',#9672,#9673);
#9672 = CARTESIAN_POINT('',(141.,89.020508075688,16.6));
#9673 = VECTOR('',#9674,1.);
#9674 = DIRECTION('',(0.,0.,1.));
#9675 = PLANE('',#9676);
#9676 = AXIS2_PLACEMENT_3D('',#9677,#9678,#9679);
#9677 = CARTESIAN_POINT('',(141.,71.7,16.6));
#9678 = DIRECTION('',(-1.,1.64E-15,0.));
#9679 = DIRECTION('',(1.64E-15,1.,0.));
#9680 = ADVANCED_FACE('',(#9681),#9692,.T.);
#9681 = FACE_BOUND('',#9682,.T.);
#9682 = EDGE_LOOP('',(#9683,#9684,#9685,#9686));
#9683 = ORIENTED_EDGE('',*,*,#8204,.F.);
#9684 = ORIENTED_EDGE('',*,*,#9670,.T.);
#9685 = ORIENTED_EDGE('',*,*,#8931,.F.);
#9686 = ORIENTED_EDGE('',*,*,#9687,.F.);
#9687 = EDGE_CURVE('',#8197,#8932,#9688,.T.);
#9688 = LINE('',#9689,#9690);
#9689 = CARTESIAN_POINT('',(126.,80.360254037844,16.6));
#9690 = VECTOR('',#9691,1.);
#9691 = DIRECTION('',(0.,0.,1.));
#9692 = PLANE('',#9693);
#9693 = AXIS2_PLACEMENT_3D('',#9694,#9695,#9696);
#9694 = CARTESIAN_POINT('',(141.,89.020508075688,16.6));
#9695 = DIRECTION('',(0.5,-0.866025403784,0.));
#9696 = DIRECTION('',(-0.866025403784,-0.5,0.));
#9697 = ADVANCED_FACE('',(#9698),#9704,.F.);
#9698 = FACE_BOUND('',#9699,.F.);
#9699 = EDGE_LOOP('',(#9700,#9701,#9702,#9703));
#9700 = ORIENTED_EDGE('',*,*,#8196,.F.);
#9701 = ORIENTED_EDGE('',*,*,#9663,.T.);
#9702 = ORIENTED_EDGE('',*,*,#8949,.F.);
#9703 = ORIENTED_EDGE('',*,*,#9687,.F.);
#9704 = PLANE('',#9705);
#9705 = AXIS2_PLACEMENT_3D('',#9706,#9707,#9708);
#9706 = CARTESIAN_POINT('',(141.,71.7,16.6));
#9707 = DIRECTION('',(-0.5,-0.866025403784,0.));
#9708 = DIRECTION('',(-0.866025403784,0.5,0.));
#9709 = ADVANCED_FACE('',(#9710),#9721,.F.);
#9710 = FACE_BOUND('',#9711,.F.);
#9711 = EDGE_LOOP('',(#9712,#9713,#9719,#9720));
#9712 = ORIENTED_EDGE('',*,*,#9010,.F.);
#9713 = ORIENTED_EDGE('',*,*,#9714,.T.);
#9714 = EDGE_CURVE('',#9011,#8213,#9715,.T.);
#9715 = LINE('',#9716,#9717);
#9716 = CARTESIAN_POINT('',(133.2,66.1,20.1));
#9717 = VECTOR('',#9718,1.);
#9718 = DIRECTION('',(-0.,-0.,-1.));
#9719 = ORIENTED_EDGE('',*,*,#8212,.T.);
#9720 = ORIENTED_EDGE('',*,*,#9714,.F.);
#9721 = CYLINDRICAL_SURFACE('',#9722,2.6);
#9722 = AXIS2_PLACEMENT_3D('',#9723,#9724,#9725);
#9723 = CARTESIAN_POINT('',(130.6,66.1,20.1));
#9724 = DIRECTION('',(0.,0.,1.));
#9725 = DIRECTION('',(1.,0.,0.));
#9726 = ADVANCED_FACE('',(#9727),#9738,.F.);
#9727 = FACE_BOUND('',#9728,.T.);
#9728 = EDGE_LOOP('',(#9729,#9735,#9736,#9737));
#9729 = ORIENTED_EDGE('',*,*,#9730,.F.);
#9730 = EDGE_CURVE('',#9039,#8401,#9731,.T.);
#9731 = LINE('',#9732,#9733);
#9732 = CARTESIAN_POINT('',(157.08845138549,54.5,-1.9));
#9733 = VECTOR('',#9734,1.);
#9734 = DIRECTION('',(0.707106781187,0.707106781187,0.));
#9735 = ORIENTED_EDGE('',*,*,#9038,.T.);
#9736 = ORIENTED_EDGE('',*,*,#9730,.T.);
#9737 = ORIENTED_EDGE('',*,*,#8400,.F.);
#9738 = CONICAL_SURFACE('',#9739,5.,0.785398163397);
#9739 = AXIS2_PLACEMENT_3D('',#9740,#9741,#9742);
#9740 = CARTESIAN_POINT('',(162.08845138549,54.5,-1.9));
#9741 = DIRECTION('',(-0.,-1.,-0.));
#9742 = DIRECTION('',(-1.,0.,0.));
#9743 = ADVANCED_FACE('',(#9744),#9755,.F.);
#9744 = FACE_BOUND('',#9745,.T.);
#9745 = EDGE_LOOP('',(#9746,#9752,#9753,#9754));
#9746 = ORIENTED_EDGE('',*,*,#9747,.F.);
#9747 = EDGE_CURVE('',#9053,#8425,#9748,.T.);
#9748 = LINE('',#9749,#9750);
#9749 = CARTESIAN_POINT('',(157.08845138549,54.5,-21.9));
#9750 = VECTOR('',#9751,1.);
#9751 = DIRECTION('',(0.707106781187,0.707106781187,0.));
#9752 = ORIENTED_EDGE('',*,*,#9052,.T.);
#9753 = ORIENTED_EDGE('',*,*,#9747,.T.);
#9754 = ORIENTED_EDGE('',*,*,#8424,.F.);
#9755 = CONICAL_SURFACE('',#9756,5.,0.785398163397);
#9756 = AXIS2_PLACEMENT_3D('',#9757,#9758,#9759);
#9757 = CARTESIAN_POINT('',(162.08845138549,54.5,-21.9));
#9758 = DIRECTION('',(-0.,-1.,-0.));
#9759 = DIRECTION('',(-1.,0.,0.));
#9760 = ( GEOMETRIC_REPRESENTATION_CONTEXT(3) 
GLOBAL_UNCERTAINTY_ASSIGNED_CONTEXT((#9764)) 
GLOBAL_UNIT_ASSIGNED_CONTEXT((#9761,#9762,#9763)) REPRESENTATION_CONTEXT
('Context #1','3D Context with UNIT and UNCERTAINTY') );
#9761 = ( LENGTH_UNIT() NAMED_UNIT(*) SI_UNIT(.MILLI.,.METRE.) );
#9762 = ( NAMED_UNIT(*) PLANE_ANGLE_UNIT() SI_UNIT($,.RADIAN.) );
#9763 = ( NAMED_UNIT(*) SI_UNIT($,.STERADIAN.) SOLID_ANGLE_UNIT() );
#9764 = UNCERTAINTY_MEASURE_WITH_UNIT(LENGTH_MEASURE(5.E-05),#9761,
  'distance_accuracy_value','confusion accuracy');
#9765 = CONTEXT_DEPENDENT_SHAPE_REPRESENTATION(#9766,#9768);
#9766 = ( REPRESENTATION_RELATIONSHIP('','',#6837,#10) 
REPRESENTATION_RELATIONSHIP_WITH_TRANSFORMATION(#9767) 
SHAPE_REPRESENTATION_RELATIONSHIP() );
#9767 = ITEM_DEFINED_TRANSFORMATION('','',#11,#55);
#9768 = PRODUCT_DEFINITION_SHAPE('Placement','Placement of an item',
  #9769);
#9769 = NEXT_ASSEMBLY_USAGE_OCCURRENCE('11','GantryPlate','',#5,#6832,$
  );
#9770 = PRODUCT_RELATED_PRODUCT_CATEGORY('part',$,(#6834));
#9771 = SHAPE_DEFINITION_REPRESENTATION(#1677,#9772);
#9772 = SHAPE_REPRESENTATION('',(#15),#1669);
#9773 = SHAPE_DEFINITION_REPRESENTATION(#1883,#9774);
#9774 = SHAPE_REPRESENTATION('',(#19),#1875);
#9775 = SHAPE_DEFINITION_REPRESENTATION(#2675,#9776);
#9776 = SHAPE_REPRESENTATION('',(#23),#2667);
#9777 = SHAPE_DEFINITION_REPRESENTATION(#3038,#9778);
#9778 = SHAPE_REPRESENTATION('',(#31),#3030);
#9779 = SHAPE_DEFINITION_REPRESENTATION(#4545,#9780);
#9780 = SHAPE_REPRESENTATION('',(#39),#4537);
#9781 = SHAPE_DEFINITION_REPRESENTATION(#1677,#9782);
#9782 = SHAPE_REPRESENTATION('',(#15),#1669);
#9783 = SHAPE_DEFINITION_REPRESENTATION(#1883,#9784);
#9784 = SHAPE_REPRESENTATION('',(#19),#1875);
#9785 = SHAPE_DEFINITION_REPRESENTATION(#2675,#9786);
#9786 = SHAPE_REPRESENTATION('',(#23),#2667);
#9787 = SHAPE_DEFINITION_REPRESENTATION(#3038,#9788);
#9788 = SHAPE_REPRESENTATION('',(#31),#3030);
#9789 = SHAPE_DEFINITION_REPRESENTATION(#4545,#9790);
#9790 = SHAPE_REPRESENTATION('',(#39),#4537);
#9791 = MECHANICAL_DESIGN_GEOMETRIC_PRESENTATION_REPRESENTATION('',(
    #9792,#9803),#1875);
#9792 = STYLED_ITEM('color',(#9793),#1688);
#9793 = PRESENTATION_STYLE_ASSIGNMENT((#9794,#9800));
#9794 = SURFACE_STYLE_USAGE(.BOTH.,#9795);
#9795 = SURFACE_SIDE_STYLE('',(#9796));
#9796 = SURFACE_STYLE_FILL_AREA(#9797);
#9797 = FILL_AREA_STYLE('',(#9798));
#9798 = FILL_AREA_STYLE_COLOUR('',#9799);
#9799 = COLOUR_RGB('',0.447058818107,0.474509808674,0.501960817233);
#9800 = CURVE_STYLE('',#9801,POSITIVE_LENGTH_MEASURE(0.1),#9802);
#9801 = DRAUGHTING_PRE_DEFINED_CURVE_FONT('continuous');
#9802 = COLOUR_RGB('',9.803921802644E-02,9.803921802644E-02,
  9.803921802644E-02);
#9803 = OVER_RIDING_STYLED_ITEM('overriding color',(#9804),#1688,#9792);
#9804 = PRESENTATION_STYLE_BY_CONTEXT((#9805,#9811),#9784);
#9805 = SURFACE_STYLE_USAGE(.BOTH.,#9806);
#9806 = SURFACE_SIDE_STYLE('',(#9807));
#9807 = SURFACE_STYLE_FILL_AREA(#9808);
#9808 = FILL_AREA_STYLE('',(#9809));
#9809 = FILL_AREA_STYLE_COLOUR('',#9810);
#9810 = COLOUR_RGB('',0.960784305148,0.345098051753,0.254901970902);
#9811 = CURVE_STYLE('',#9812,POSITIVE_LENGTH_MEASURE(0.1),#9810);
#9812 = DRAUGHTING_PRE_DEFINED_CURVE_FONT('continuous');
#9813 = MECHANICAL_DESIGN_GEOMETRIC_PRESENTATION_REPRESENTATION('',(
    #9814,#9823),#4537);
#9814 = STYLED_ITEM('color',(#9815),#3121);
#9815 = PRESENTATION_STYLE_ASSIGNMENT((#9816,#9821));
#9816 = SURFACE_STYLE_USAGE(.BOTH.,#9817);
#9817 = SURFACE_SIDE_STYLE('',(#9818));
#9818 = SURFACE_STYLE_FILL_AREA(#9819);
#9819 = FILL_AREA_STYLE('',(#9820));
#9820 = FILL_AREA_STYLE_COLOUR('',#9799);
#9821 = CURVE_STYLE('',#9822,POSITIVE_LENGTH_MEASURE(0.1),#9802);
#9822 = DRAUGHTING_PRE_DEFINED_CURVE_FONT('continuous');
#9823 = OVER_RIDING_STYLED_ITEM('overriding color',(#9824),#3121,#9814);
#9824 = PRESENTATION_STYLE_BY_CONTEXT((#9825,#9831),#9790);
#9825 = SURFACE_STYLE_USAGE(.BOTH.,#9826);
#9826 = SURFACE_SIDE_STYLE('',(#9827));
#9827 = SURFACE_STYLE_FILL_AREA(#9828);
#9828 = FILL_AREA_STYLE('',(#9829));
#9829 = FILL_AREA_STYLE_COLOUR('',#9830);
#9830 = COLOUR_RGB('',0.901960800373,0.796078452645,0.137254909518);
#9831 = CURVE_STYLE('',#9832,POSITIVE_LENGTH_MEASURE(0.1),#9830);
#9832 = DRAUGHTING_PRE_DEFINED_CURVE_FONT('continuous');
#9833 = MECHANICAL_DESIGN_GEOMETRIC_PRESENTATION_REPRESENTATION('',(
    #9834),#2739);
#9834 = STYLED_ITEM('color',(#9835),#2686);
#9835 = PRESENTATION_STYLE_ASSIGNMENT((#9836,#9842));
#9836 = SURFACE_STYLE_USAGE(.BOTH.,#9837);
#9837 = SURFACE_SIDE_STYLE('',(#9838));
#9838 = SURFACE_STYLE_FILL_AREA(#9839);
#9839 = FILL_AREA_STYLE('',(#9840));
#9840 = FILL_AREA_STYLE_COLOUR('',#9841);
#9841 = COLOUR_RGB('',0.686274528749,0.752941202324,0.101960784187);
#9842 = CURVE_STYLE('',#9843,POSITIVE_LENGTH_MEASURE(0.1),#9802);
#9843 = DRAUGHTING_PRE_DEFINED_CURVE_FONT('continuous');
#9844 = MECHANICAL_DESIGN_GEOMETRIC_PRESENTATION_REPRESENTATION('',(
    #9845,#9854),#1669);
#9845 = STYLED_ITEM('color',(#9846),#73);
#9846 = PRESENTATION_STYLE_ASSIGNMENT((#9847,#9852));
#9847 = SURFACE_STYLE_USAGE(.BOTH.,#9848);
#9848 = SURFACE_SIDE_STYLE('',(#9849));
#9849 = SURFACE_STYLE_FILL_AREA(#9850);
#9850 = FILL_AREA_STYLE('',(#9851));
#9851 = FILL_AREA_STYLE_COLOUR('',#9799);
#9852 = CURVE_STYLE('',#9853,POSITIVE_LENGTH_MEASURE(0.1),#9802);
#9853 = DRAUGHTING_PRE_DEFINED_CURVE_FONT('continuous');
#9854 = OVER_RIDING_STYLED_ITEM('overriding color',(#9855),#73,#9845);
#9855 = PRESENTATION_STYLE_BY_CONTEXT((#9856,#9862),#9782);
#9856 = SURFACE_STYLE_USAGE(.BOTH.,#9857);
#9857 = SURFACE_SIDE_STYLE('',(#9858));
#9858 = SURFACE_STYLE_FILL_AREA(#9859);
#9859 = FILL_AREA_STYLE('',(#9860));
#9860 = FILL_AREA_STYLE_COLOUR('',#9861);
#9861 = COLOUR_RGB('',9.019607955318E-02,0.415686275537,0.666666687201);
#9862 = CURVE_STYLE('',#9863,POSITIVE_LENGTH_MEASURE(0.1),#9861);
#9863 = DRAUGHTING_PRE_DEFINED_CURVE_FONT('continuous');
#9864 = MECHANICAL_DESIGN_GEOMETRIC_PRESENTATION_REPRESENTATION('',(
    #9865,#9874),#2667);
#9865 = STYLED_ITEM('color',(#9866),#1894);
#9866 = PRESENTATION_STYLE_ASSIGNMENT((#9867,#9872));
#9867 = SURFACE_STYLE_USAGE(.BOTH.,#9868);
#9868 = SURFACE_SIDE_STYLE('',(#9869));
#9869 = SURFACE_STYLE_FILL_AREA(#9870);
#9870 = FILL_AREA_STYLE('',(#9871));
#9871 = FILL_AREA_STYLE_COLOUR('',#9799);
#9872 = CURVE_STYLE('',#9873,POSITIVE_LENGTH_MEASURE(0.1),#9802);
#9873 = DRAUGHTING_PRE_DEFINED_CURVE_FONT('continuous');
#9874 = OVER_RIDING_STYLED_ITEM('overriding color',(#9875),#1894,#9865);
#9875 = PRESENTATION_STYLE_BY_CONTEXT((#9876,#9882),#9786);
#9876 = SURFACE_STYLE_USAGE(.BOTH.,#9877);
#9877 = SURFACE_SIDE_STYLE('',(#9878));
#9878 = SURFACE_STYLE_FILL_AREA(#9879);
#9879 = FILL_AREA_STYLE('',(#9880));
#9880 = FILL_AREA_STYLE_COLOUR('',#9881);
#9881 = COLOUR_RGB('',0.270588249277,0.631372563332,0.168627456984);
#9882 = CURVE_STYLE('',#9883,POSITIVE_LENGTH_MEASURE(0.1),#9881);
#9883 = DRAUGHTING_PRE_DEFINED_CURVE_FONT('continuous');
#9884 = MECHANICAL_DESIGN_GEOMETRIC_PRESENTATION_REPRESENTATION('',(
    #9885),#9760);
#9885 = STYLED_ITEM('color',(#9886),#6838);
#9886 = PRESENTATION_STYLE_ASSIGNMENT((#9887,#9892));
#9887 = SURFACE_STYLE_USAGE(.BOTH.,#9888);
#9888 = SURFACE_SIDE_STYLE('',(#9889));
#9889 = SURFACE_STYLE_FILL_AREA(#9890);
#9890 = FILL_AREA_STYLE('',(#9891));
#9891 = FILL_AREA_STYLE_COLOUR('',#9799);
#9892 = CURVE_STYLE('',#9893,POSITIVE_LENGTH_MEASURE(0.1),#9802);
#9893 = DRAUGHTING_PRE_DEFINED_CURVE_FONT('continuous');
#9894 = MECHANICAL_DESIGN_GEOMETRIC_PRESENTATION_REPRESENTATION('',(
    #9895),#6814);
#9895 = STYLED_ITEM('color',(#9896),#6410);
#9896 = PRESENTATION_STYLE_ASSIGNMENT((#9897,#9902));
#9897 = SURFACE_STYLE_USAGE(.BOTH.,#9898);
#9898 = SURFACE_SIDE_STYLE('',(#9899));
#9899 = SURFACE_STYLE_FILL_AREA(#9900);
#9900 = FILL_AREA_STYLE('',(#9901));
#9901 = FILL_AREA_STYLE_COLOUR('',#9799);
#9902 = CURVE_STYLE('',#9903,POSITIVE_LENGTH_MEASURE(0.1),#9802);
#9903 = DRAUGHTING_PRE_DEFINED_CURVE_FONT('continuous');
#9904 = MECHANICAL_DESIGN_GEOMETRIC_PRESENTATION_REPRESENTATION('',(
    #9905),#6391);
#9905 = STYLED_ITEM('color',(#9906),#4556);
#9906 = PRESENTATION_STYLE_ASSIGNMENT((#9907,#9912));
#9907 = SURFACE_STYLE_USAGE(.BOTH.,#9908);
#9908 = SURFACE_SIDE_STYLE('',(#9909));
#9909 = SURFACE_STYLE_FILL_AREA(#9910);
#9910 = FILL_AREA_STYLE('',(#9911));
#9911 = FILL_AREA_STYLE_COLOUR('',#9799);
#9912 = CURVE_STYLE('',#9913,POSITIVE_LENGTH_MEASURE(0.1),#9802);
#9913 = DRAUGHTING_PRE_DEFINED_CURVE_FONT('continuous');
#9914 = MECHANICAL_DESIGN_GEOMETRIC_PRESENTATION_REPRESENTATION('',(
    #9915,#9925),#3030);
#9915 = STYLED_ITEM('color',(#9916),#2758);
#9916 = PRESENTATION_STYLE_ASSIGNMENT((#9917,#9923));
#9917 = SURFACE_STYLE_USAGE(.BOTH.,#9918);
#9918 = SURFACE_SIDE_STYLE('',(#9919));
#9919 = SURFACE_STYLE_FILL_AREA(#9920);
#9920 = FILL_AREA_STYLE('',(#9921));
#9921 = FILL_AREA_STYLE_COLOUR('',#9922);
#9922 = COLOUR_RGB('',0.301960791261,0.301960791261,0.301960791261);
#9923 = CURVE_STYLE('',#9924,POSITIVE_LENGTH_MEASURE(0.1),#9802);
#9924 = DRAUGHTING_PRE_DEFINED_CURVE_FONT('continuous');
#9925 = OVER_RIDING_STYLED_ITEM('overriding color',(#9926),#2758,#9915);
#9926 = PRESENTATION_STYLE_BY_CONTEXT((#9927,#9933),#9788);
#9927 = SURFACE_STYLE_USAGE(.BOTH.,#9928);
#9928 = SURFACE_SIDE_STYLE('',(#9929));
#9929 = SURFACE_STYLE_FILL_AREA(#9930);
#9930 = FILL_AREA_STYLE('',(#9931));
#9931 = FILL_AREA_STYLE_COLOUR('',#9932);
#9932 = COLOUR_RGB('',0.945098040599,0.337254907675,0.160784315601);
#9933 = CURVE_STYLE('',#9934,POSITIVE_LENGTH_MEASURE(0.1),#9932);
#9934 = DRAUGHTING_PRE_DEFINED_CURVE_FONT('continuous');
#9935 = MECHANICAL_DESIGN_GEOMETRIC_PRESENTATION_REPRESENTATION('',(
    #9936),#3102);
#9936 = STYLED_ITEM('color',(#9937),#3049);
#9937 = PRESENTATION_STYLE_ASSIGNMENT((#9938,#9944));
#9938 = SURFACE_STYLE_USAGE(.BOTH.,#9939);
#9939 = SURFACE_SIDE_STYLE('',(#9940));
#9940 = SURFACE_STYLE_FILL_AREA(#9941);
#9941 = FILL_AREA_STYLE('',(#9942));
#9942 = FILL_AREA_STYLE_COLOUR('',#9943);
#9943 = DRAUGHTING_PRE_DEFINED_COLOUR('black');
#9944 = CURVE_STYLE('',#9945,POSITIVE_LENGTH_MEASURE(0.1),#9802);
#9945 = DRAUGHTING_PRE_DEFINED_CURVE_FONT('continuous');
ENDSEC;
END-ISO-10303-21;
